transaction_id,user_id,date,description,amount,type,category,merchant,payment_method
U001-T00001,U001,2026-07-26,SALARY CREDIT - TECH CORP,50000.0,income,Salary,TechCorp Solutions,NEFT
U001-T00002,U001,2026-08-26,SALARY CREDIT - TECH CORP,50000.0,income,Salary,TechCorp Solutions,NEFT
U001-T00003,U001,2026-09-26,SALARY CREDIT - TECH CORP,50000.0,income,Salary,TechCorp Solutions,NEFT
U001-T00004,U001,2026-07-01,HOUSE RENT,10000.0,expense,Rent,Landlord Transfer,UPI
U001-T00005,U001,2026-08-01,HOUSE RENT,10000.0,expense,Rent,Landlord Transfer,UPI
U001-T00006,U001,2026-09-01,HOUSE RENT,10000.0,expense,Rent,Landlord Transfer,UPI
U001-T00007,U001,2026-07-21,NETFLIX PREMIUM,649.0,expense,Subscriptions,Netflix,Credit Card
U001-T00008,U001,2026-08-21,NETFLIX PREMIUM,649.0,expense,Subscriptions,Netflix,Credit Card
U001-T00009,U001,2026-09-21,NETFLIX PREMIUM,649.0,expense,Subscriptions,Netflix,Credit Card
U001-T00010,U001,2026-07-06,CULT.FIT GYM MEMBERSHIP,1600.0,expense,Healthcare,Cult.Fit,Auto Debit
U001-T00011,U001,2026-08-06,CULT.FIT GYM MEMBERSHIP,1600.0,expense,Healthcare,Cult.Fit,Auto Debit
U001-T00012,U001,2026-09-06,CULT.FIT GYM MEMBERSHIP,1600.0,expense,Healthcare,Cult.Fit,Auto Debit
U001-T00013,U001,2026-07-12,AIRTEL FIBER BROADBAND,1200.0,expense,Bills,Airtel,UPI AutoPay
U001-T00014,U001,2026-08-12,AIRTEL FIBER BROADBAND,1200.0,expense,Bills,Airtel,UPI AutoPay
U001-T00015,U001,2026-09-12,AIRTEL FIBER BROADBAND,1200.0,expense,Bills,Airtel,UPI AutoPay
U001-T00016,U001,2026-09-27,AMAZON ELECTRONICS,4500.0,expense,Shopping,Amazon India,Credit Card
U001-T00017,U001,2026-09-23,MYNTRA FASHION,2400.0,expense,Shopping,Myntra,UPI
U001-T00018,U001,2026-09-20,BESCOM ELECTRICITY,1600.0,expense,Bills,BESCOM,NetBanking
U001-T00019,U001,2026-09-17,PVR INOX CINEMAS,1100.0,expense,Entertainment,PVR,Credit Card
U001-T00020,U001,2026-09-16,UDEMY AI COURSE,1299.0,expense,Education,Udemy,Debit Card
U001-T00021,U001,2026-09-18,APOLLO PHARMACY,950.0,expense,Healthcare,Apollo,UPI
U001-T00022,U001,2026-09-28,SWIGGY GOURMET,450.0,expense,Food,Swiggy,UPI
U001-T00023,U001,2026-09-24,ZOMATO DINING,1280.0,expense,Food,Zomato,Credit Card
U001-T00024,U001,2026-09-25,UBER PREMIER,620.0,expense,Transport,Uber,UPI
U001-T00025,U001,2026-09-11,SPOTIFY FAMILY,119.0,expense,Subscriptions,Spotify,UPI
U001-T00026,U001,2026-08-24,AMAZON HOME ESSENTIALS,2200.0,expense,Shopping,Amazon India,Credit Card
U001-T00027,U001,2026-08-14,MYNTRA ACCESSORIES,1500.0,expense,Shopping,Myntra,UPI
U001-T00028,U001,2026-08-20,BESCOM ELECTRICITY,1450.0,expense,Bills,BESCOM,NetBanking
U001-T00029,U001,2026-08-15,BOOKMYSHOW MOVIE,800.0,expense,Entertainment,BookMyShow,Debit Card
U001-T00030,U001,2026-08-10,COURSERA PYTHON COURSE,799.0,expense,Education,Coursera,Debit Card
U001-T00031,U001,2026-08-18,MEDPLUS PHARMACY,850.0,expense,Healthcare,MedPlus,UPI
U001-T00032,U001,2026-08-25,UBER INTERCITY,520.0,expense,Transport,Uber,UPI
U001-T00033,U001,2026-08-28,BARBEQUE NATION,850.0,expense,Food,Barbeque Nation,Credit Card
U001-T00034,U001,2026-08-11,SPOTIFY FAMILY,119.0,expense,Subscriptions,Spotify,UPI
U001-T00035,U001,2026-07-20,AMAZON MONSOON GEAR,1800.0,expense,Shopping,Amazon India,Credit Card
U001-T00036,U001,2026-07-12,FABINDIA CLOTHING,1200.0,expense,Shopping,FabIndia,UPI
U001-T00037,U001,2026-07-18,BESCOM ELECTRICITY,1400.0,expense,Bills,BESCOM,NetBanking
U001-T00038,U001,2026-07-14,PVR CINEMAS,600.0,expense,Entertainment,PVR,Credit Card
U001-T00039,U001,2026-07-16,APOLLO HEALTH CHECK,700.0,expense,Healthcare,Apollo,UPI
U001-T00040,U001,2026-07-10,SAPNA BOOK HOUSE,450.0,expense,Education,Sapna Book House,UPI
U001-T00041,U001,2026-07-22,INDIAN OIL PETROL,480.0,expense,Transport,Indian Oil,Credit Card
U001-T00042,U001,2026-07-25,MAINLAND CHINA DINING,750.0,expense,Food,Mainland China,Credit Card
U001-T00043,U001,2026-07-11,SPOTIFY FAMILY,119.0,expense,Subscriptions,Spotify,UPI
U001-T00044,U001,2026-09-20,CHAI POINT PAYMENT,20.0,expense,Food,CHAI POINT,UPI
U001-T00045,U001,2026-08-01,LOCAL BAKERY PAYMENT,15.0,expense,Food,LOCAL BAKERY,UPI
U001-T00046,U001,2026-09-25,UBER AUTO PAYMENT,28.0,expense,Transport,UBER AUTO,UPI
U001-T00047,U001,2026-09-14,BLINKIT DAILY PAYMENT,30.0,expense,Food,BLINKIT DAILY,UPI
U001-T00048,U001,2026-07-12,LOCAL BAKERY PAYMENT,15.0,expense,Food,LOCAL BAKERY,UPI
U001-T00049,U001,2026-09-10,LOCAL TEA & COFFEE PAYMENT,20.0,expense,Food,LOCAL TEA & COFFEE,UPI
U001-T00050,U001,2026-07-29,BLINKIT DAILY PAYMENT,60.0,expense,Food,BLINKIT DAILY,UPI
U001-T00051,U001,2026-07-01,UBER AUTO PAYMENT,42.0,expense,Transport,UBER AUTO,UPI
U001-T00052,U001,2026-09-28,BLINKIT DAILY PAYMENT,60.0,expense,Food,BLINKIT DAILY,UPI
U001-T00053,U001,2026-07-20,LOCAL BAKERY PAYMENT,25.0,expense,Food,LOCAL BAKERY,UPI
U001-T00054,U001,2026-07-14,CHAI POINT PAYMENT,10.0,expense,Food,CHAI POINT,UPI
U001-T00055,U001,2026-08-15,LOCAL PHARMACY STORE PAYMENT,45.0,expense,Healthcare,LOCAL PHARMACY STORE,UPI
U001-T00056,U001,2026-07-06,UBER AUTO PAYMENT,28.0,expense,Transport,UBER AUTO,UPI
U001-T00057,U001,2026-08-18,CHAI POINT PAYMENT,20.0,expense,Food,CHAI POINT,UPI
U001-T00058,U001,2026-09-19,RAPIDO BIKE PAYMENT,30.0,expense,Transport,RAPIDO BIKE,UPI
U001-T00059,U001,2026-09-12,LOCAL TEA & COFFEE PAYMENT,10.0,expense,Food,LOCAL TEA & COFFEE,UPI
U001-T00060,U001,2026-07-06,RAPIDO BIKE PAYMENT,30.0,expense,Transport,RAPIDO BIKE,UPI
U001-T00061,U001,2026-07-11,LOCAL PHARMACY STORE PAYMENT,18.0,expense,Healthcare,LOCAL PHARMACY STORE,UPI
U001-T00062,U001,2026-08-18,LOCAL BAKERY PAYMENT,25.0,expense,Food,LOCAL BAKERY,UPI
U001-T00063,U001,2026-07-21,ZEPTO QUICK ESSENTIALS PAYMENT,35.0,expense,Food,ZEPTO QUICK ESSENTIALS,UPI
U001-T00064,U001,2026-09-24,LOCAL BAKERY PAYMENT,15.0,expense,Food,LOCAL BAKERY,UPI
U001-T00065,U001,2026-09-16,RAPIDO BIKE PAYMENT,22.0,expense,Transport,RAPIDO BIKE,UPI
U001-T00066,U001,2026-07-21,BLINKIT DAILY PAYMENT,60.0,expense,Food,BLINKIT DAILY,UPI
U001-T00067,U001,2026-09-20,AUTO RICKSHAW PAYMENT,30.0,expense,Transport,AUTO RICKSHAW,UPI
U001-T00068,U001,2026-09-26,STREET TIFFIN PAYMENT,20.0,expense,Food,STREET TIFFIN,UPI
U001-T00069,U001,2026-07-30,STATIONERY SHOP PAYMENT,30.0,expense,Shopping,STATIONERY SHOP,UPI
U001-T00070,U001,2026-08-21,LOCAL BAKERY PAYMENT,20.0,expense,Food,LOCAL BAKERY,UPI
U001-T00071,U001,2026-09-11,MOBILE TOP-UP PAYMENT,29.0,expense,Bills,MOBILE TOP-UP,UPI
U001-T00072,U001,2026-07-28,RAPIDO BIKE PAYMENT,42.0,expense,Transport,RAPIDO BIKE,UPI
U001-T00073,U001,2026-09-21,BLINKIT DAILY PAYMENT,60.0,expense,Food,BLINKIT DAILY,UPI
U001-T00074,U001,2026-07-18,LOCAL BAKERY PAYMENT,25.0,expense,Food,LOCAL BAKERY,UPI
U001-T00075,U001,2026-09-13,BLINKIT DAILY PAYMENT,80.0,expense,Food,BLINKIT DAILY,UPI
U001-T00076,U001,2026-08-16,LOCAL BAKERY PAYMENT,20.0,expense,Food,LOCAL BAKERY,UPI
U001-T00077,U001,2026-09-04,SWIGGY QUICK BITE PAYMENT,40.0,expense,Food,SWIGGY QUICK BITE,UPI
U001-T00078,U001,2026-07-15,LOCAL TEA & COFFEE PAYMENT,12.0,expense,Food,LOCAL TEA & COFFEE,UPI
U001-T00079,U001,2026-09-26,BLINKIT DAILY PAYMENT,30.0,expense,Food,BLINKIT DAILY,UPI
U001-T00080,U001,2026-08-19,ZEPTO QUICK ESSENTIALS PAYMENT,75.0,expense,Food,ZEPTO QUICK ESSENTIALS,UPI
U001-T00081,U001,2026-09-06,LOCAL BAKERY PAYMENT,15.0,expense,Food,LOCAL BAKERY,UPI
U001-T00082,U001,2026-09-26,AUTO RICKSHAW PAYMENT,40.0,expense,Transport,AUTO RICKSHAW,UPI
U001-T00083,U001,2026-09-21,STREET TIFFIN PAYMENT,35.0,expense,Food,STREET TIFFIN,UPI
U001-T00084,U001,2026-08-25,LOCAL TEA & COFFEE PAYMENT,10.0,expense,Food,LOCAL TEA & COFFEE,UPI
U001-T00085,U001,2026-08-03,QUICK UPI TRANSFER PAYMENT,15.0,expense,Other,QUICK UPI TRANSFER,UPI
U001-T00086,U001,2026-09-03,COFFEE & CHAT PAYMENT,45.0,expense,Entertainment,COFFEE & CHAT,UPI
U001-T00087,U001,2026-09-20,SWIGGY QUICK BITE PAYMENT,60.0,expense,Food,SWIGGY QUICK BITE,UPI
U001-T00088,U001,2026-07-20,ZEPTO QUICK ESSENTIALS PAYMENT,35.0,expense,Food,ZEPTO QUICK ESSENTIALS,UPI
U001-T00089,U001,2026-09-08,QUICK UPI TRANSFER PAYMENT,10.0,expense,Other,QUICK UPI TRANSFER,UPI
U001-T00090,U001,2026-09-15,STREET TIFFIN PAYMENT,20.0,expense,Food,STREET TIFFIN,UPI
U001-T00091,U001,2026-07-15,PARKING FEE PAYMENT,15.0,expense,Other,PARKING FEE,UPI
U001-T00092,U001,2026-07-31,CHAI POINT PAYMENT,10.0,expense,Food,CHAI POINT,UPI
U001-T00093,U001,2026-07-11,UBER AUTO PAYMENT,28.0,expense,Transport,UBER AUTO,UPI
U001-T00094,U001,2026-09-07,KIRANA STORE PAYMENT,25.0,expense,Shopping,KIRANA STORE,UPI
U001-T00095,U001,2026-09-23,BLINKIT DAILY PAYMENT,40.0,expense,Food,BLINKIT DAILY,UPI
U001-T00096,U001,2026-08-03,NAMMA METRO PAYMENT,35.0,expense,Transport,NAMMA METRO,UPI
U001-T00097,U001,2026-07-28,PARKING FEE PAYMENT,20.0,expense,Other,PARKING FEE,UPI
U001-T00098,U001,2026-09-27,LOCAL TEA & COFFEE PAYMENT,15.0,expense,Food,LOCAL TEA & COFFEE,UPI
U001-T00099,U001,2026-08-21,COMMUNITY CHARITY UPI PAYMENT,51.0,expense,Other,COMMUNITY CHARITY UPI,UPI
U001-T00100,U001,2026-08-17,BLINKIT DAILY PAYMENT,80.0,expense,Food,BLINKIT DAILY,UPI
U001-T00101,U001,2026-07-16,LOCAL BAKERY PAYMENT,15.0,expense,Food,LOCAL BAKERY,UPI
U001-T00102,U001,2026-08-13,CHAI POINT PAYMENT,15.0,expense,Food,CHAI POINT,UPI
U001-T00103,U001,2026-09-14,LOCAL BAKERY PAYMENT,15.0,expense,Food,LOCAL BAKERY,UPI
U001-T00104,U001,2026-09-29,RAPIDO BIKE PAYMENT,22.0,expense,Transport,RAPIDO BIKE,UPI
U001-T00105,U001,2026-07-09,COFFEE & CHAT PAYMENT,45.0,expense,Entertainment,COFFEE & CHAT,UPI
U001-T00106,U001,2026-07-10,SWIGGY QUICK BITE PAYMENT,85.0,expense,Food,SWIGGY QUICK BITE,UPI
U001-T00107,U001,2026-09-24,SWIGGY QUICK BITE PAYMENT,60.0,expense,Food,SWIGGY QUICK BITE,UPI
U001-T00108,U001,2026-09-12,NAMMA METRO PAYMENT,20.0,expense,Transport,NAMMA METRO,UPI
U001-T00109,U001,2026-08-30,STATIONERY SHOP PAYMENT,20.0,expense,Shopping,STATIONERY SHOP,UPI
U001-T00110,U001,2026-07-13,CHAI POINT PAYMENT,30.0,expense,Food,CHAI POINT,UPI
U001-T00111,U001,2026-08-15,BLINKIT DAILY PAYMENT,80.0,expense,Food,BLINKIT DAILY,UPI
U001-T00112,U001,2026-07-07,AUTO RICKSHAW PAYMENT,20.0,expense,Transport,AUTO RICKSHAW,UPI
U001-T00113,U001,2026-07-08,ZEPTO QUICK ESSENTIALS PAYMENT,50.0,expense,Food,ZEPTO QUICK ESSENTIALS,UPI
U001-T00114,U001,2026-07-14,LOCAL BAKERY PAYMENT,20.0,expense,Food,LOCAL BAKERY,UPI
U001-T00115,U001,2026-09-07,BLINKIT DAILY PAYMENT,80.0,expense,Food,BLINKIT DAILY,UPI
U001-T00116,U001,2026-07-24,LOCAL BAKERY PAYMENT,20.0,expense,Food,LOCAL BAKERY,UPI
U001-T00117,U001,2026-07-10,BLINKIT DAILY PAYMENT,30.0,expense,Food,BLINKIT DAILY,UPI
U001-T00118,U001,2026-07-07,RAPIDO BIKE PAYMENT,15.0,expense,Transport,RAPIDO BIKE,UPI
U001-T00119,U001,2026-07-12,PARKING FEE PAYMENT,10.0,expense,Other,PARKING FEE,UPI
U001-T00120,U001,2026-07-22,ZEPTO QUICK ESSENTIALS PAYMENT,75.0,expense,Food,ZEPTO QUICK ESSENTIALS,UPI
U001-T00121,U001,2026-07-28,CAMPUS PHOTOCOPY & NOTES PAYMENT,10.0,expense,Education,CAMPUS PHOTOCOPY & NOTES,UPI
U001-T00122,U001,2026-07-22,ZEPTO QUICK ESSENTIALS PAYMENT,75.0,expense,Food,ZEPTO QUICK ESSENTIALS,UPI
U001-T00123,U001,2026-08-03,PARKING FEE PAYMENT,15.0,expense,Other,PARKING FEE,UPI
U001-T00124,U001,2026-08-06,BLINKIT DAILY PAYMENT,80.0,expense,Food,BLINKIT DAILY,UPI
U001-T00125,U001,2026-07-20,LOCAL TEA & COFFEE PAYMENT,12.0,expense,Food,LOCAL TEA & COFFEE,UPI
U001-T00126,U001,2026-07-08,NAMMA METRO PAYMENT,15.0,expense,Transport,NAMMA METRO,UPI
U001-T00127,U001,2026-08-10,CHAI POINT PAYMENT,30.0,expense,Food,CHAI POINT,UPI
U001-T00128,U001,2026-09-03,COFFEE & CHAT PAYMENT,30.0,expense,Entertainment,COFFEE & CHAT,UPI
U001-T00129,U001,2026-07-08,QUICK UPI TRANSFER PAYMENT,10.0,expense,Other,QUICK UPI TRANSFER,UPI
U001-T00130,U001,2026-07-24,CHAI POINT PAYMENT,10.0,expense,Food,CHAI POINT,UPI
U001-T00131,U001,2026-09-25,CAMPUS PHOTOCOPY & NOTES PAYMENT,50.0,expense,Education,CAMPUS PHOTOCOPY & NOTES,UPI
U001-T00132,U001,2026-07-16,PARKING FEE PAYMENT,20.0,expense,Other,PARKING FEE,UPI
U001-T00133,U001,2026-08-01,NAMMA METRO PAYMENT,15.0,expense,Transport,NAMMA METRO,UPI
U001-T00134,U001,2026-09-18,CHAI POINT PAYMENT,20.0,expense,Food,CHAI POINT,UPI
U001-T00135,U001,2026-08-03,LOCAL TEA & COFFEE PAYMENT,15.0,expense,Food,LOCAL TEA & COFFEE,UPI
U001-T00136,U001,2026-07-31,LOCAL BAKERY PAYMENT,20.0,expense,Food,LOCAL BAKERY,UPI
U001-T00137,U001,2026-09-24,RAPIDO BIKE PAYMENT,42.0,expense,Transport,RAPIDO BIKE,UPI
U001-T00138,U001,2026-08-10,PARKING FEE PAYMENT,10.0,expense,Other,PARKING FEE,UPI
U001-T00139,U001,2026-07-02,BLINKIT DAILY PAYMENT,30.0,expense,Food,BLINKIT DAILY,UPI
U001-T00140,U001,2026-07-10,NAMMA METRO PAYMENT,25.0,expense,Transport,NAMMA METRO,UPI
U001-T00141,U001,2026-07-17,PARKING FEE PAYMENT,10.0,expense,Other,PARKING FEE,UPI
U001-T00142,U001,2026-08-01,ZEPTO QUICK ESSENTIALS PAYMENT,35.0,expense,Food,ZEPTO QUICK ESSENTIALS,UPI
U001-T00143,U001,2026-08-26,LOCAL PHARMACY STORE PAYMENT,45.0,expense,Healthcare,LOCAL PHARMACY STORE,UPI
U001-T00144,U001,2026-09-17,COMMUNITY CHARITY UPI PAYMENT,51.0,expense,Other,COMMUNITY CHARITY UPI,UPI
U001-T00145,U001,2026-09-06,CHAI POINT PAYMENT,20.0,expense,Food,CHAI POINT,UPI
U001-T00146,U001,2026-09-23,CHAI POINT PAYMENT,15.0,expense,Food,CHAI POINT,UPI
U001-T00147,U001,2026-08-03,LOCAL TEA & COFFEE PAYMENT,10.0,expense,Food,LOCAL TEA & COFFEE,UPI
U001-T00148,U001,2026-09-09,LOCAL TEA & COFFEE PAYMENT,15.0,expense,Food,LOCAL TEA & COFFEE,UPI
U001-T00149,U001,2026-09-16,LOCAL BAKERY PAYMENT,25.0,expense,Food,LOCAL BAKERY,UPI
U001-T00150,U001,2026-07-27,AUTO RICKSHAW PAYMENT,40.0,expense,Transport,AUTO RICKSHAW,UPI
U001-T00151,U001,2026-09-03,SWIGGY QUICK BITE PAYMENT,40.0,expense,Food,SWIGGY QUICK BITE,UPI
U001-T00152,U001,2026-07-12,RAPIDO BIKE PAYMENT,30.0,expense,Transport,RAPIDO BIKE,UPI
U001-T00153,U001,2026-07-06,CHAI POINT PAYMENT,15.0,expense,Food,CHAI POINT,UPI
U001-T00154,U001,2026-09-20,QUICK UPI TRANSFER PAYMENT,15.0,expense,Other,QUICK UPI TRANSFER,UPI
U001-T00155,U001,2026-08-26,NAMMA METRO PAYMENT,35.0,expense,Transport,NAMMA METRO,UPI
U001-T00156,U001,2026-09-10,CHAI POINT PAYMENT,10.0,expense,Food,CHAI POINT,UPI
U001-T00157,U001,2026-09-27,COFFEE & CHAT PAYMENT,20.0,expense,Entertainment,COFFEE & CHAT,UPI
U001-T00158,U001,2026-08-17,NAMMA METRO PAYMENT,20.0,expense,Transport,NAMMA METRO,UPI
U001-T00159,U001,2026-08-25,LOCAL TEA & COFFEE PAYMENT,15.0,expense,Food,LOCAL TEA & COFFEE,UPI
U001-T00160,U001,2026-08-16,COFFEE & CHAT PAYMENT,20.0,expense,Entertainment,COFFEE & CHAT,UPI
U001-T00161,U001,2026-08-15,LOCAL BAKERY PAYMENT,20.0,expense,Food,LOCAL BAKERY,UPI
U001-T00162,U001,2026-09-24,CHAI POINT PAYMENT,30.0,expense,Food,CHAI POINT,UPI
U001-T00163,U001,2026-09-18,UBER AUTO PAYMENT,42.0,expense,Transport,UBER AUTO,UPI
U001-T00164,U001,2026-07-21,QUICK UPI TRANSFER PAYMENT,15.0,expense,Other,QUICK UPI TRANSFER,UPI
U001-T00165,U001,2026-08-22,CHAI POINT PAYMENT,20.0,expense,Food,CHAI POINT,UPI
U001-T00166,U001,2026-08-22,STATIONERY SHOP PAYMENT,20.0,expense,Shopping,STATIONERY SHOP,UPI
U001-T00167,U001,2026-08-04,LOCAL TEA & COFFEE PAYMENT,10.0,expense,Food,LOCAL TEA & COFFEE,UPI
U001-T00168,U001,2026-08-18,CAMPUS PHOTOCOPY & NOTES PAYMENT,50.0,expense,Education,CAMPUS PHOTOCOPY & NOTES,UPI
U001-T00169,U001,2026-07-29,LOCAL TEA & COFFEE PAYMENT,20.0,expense,Food,LOCAL TEA & COFFEE,UPI
U001-T00170,U001,2026-08-14,STREET TIFFIN PAYMENT,25.0,expense,Food,STREET TIFFIN,UPI
U001-T00171,U001,2026-07-29,CHAI POINT PAYMENT,15.0,expense,Food,CHAI POINT,UPI
U001-T00172,U001,2026-08-21,STREET TIFFIN PAYMENT,20.0,expense,Food,STREET TIFFIN,UPI
U001-T00173,U001,2026-08-05,STREET TIFFIN PAYMENT,50.0,expense,Food,STREET TIFFIN,UPI
U001-T00174,U001,2026-09-25,COMMUNITY CHARITY UPI PAYMENT,51.0,expense,Other,COMMUNITY CHARITY UPI,UPI
U001-T00175,U001,2026-08-12,PARKING FEE PAYMENT,10.0,expense,Other,PARKING FEE,UPI
U001-T00176,U001,2026-08-03,LOCAL TEA & COFFEE PAYMENT,15.0,expense,Food,LOCAL TEA & COFFEE,UPI
U001-T00177,U001,2026-07-05,CHAI POINT PAYMENT,30.0,expense,Food,CHAI POINT,UPI
U001-T00178,U001,2026-08-14,UBER AUTO PAYMENT,60.0,expense,Transport,UBER AUTO,UPI
U001-T00179,U001,2026-08-25,RAPIDO BIKE PAYMENT,15.0,expense,Transport,RAPIDO BIKE,UPI
U001-T00180,U001,2026-08-19,COFFEE & CHAT PAYMENT,30.0,expense,Entertainment,COFFEE & CHAT,UPI
U001-T00181,U001,2026-08-02,CHAI POINT PAYMENT,30.0,expense,Food,CHAI POINT,UPI
U001-T00182,U001,2026-07-01,NAMMA METRO PAYMENT,20.0,expense,Transport,NAMMA METRO,UPI
U001-T00183,U001,2026-08-16,BLINKIT DAILY PAYMENT,60.0,expense,Food,BLINKIT DAILY,UPI
U001-T00184,U001,2026-09-18,STREET TIFFIN PAYMENT,20.0,expense,Food,STREET TIFFIN,UPI
U001-T00185,U001,2026-08-08,SWIGGY QUICK BITE PAYMENT,110.0,expense,Food,SWIGGY QUICK BITE,UPI
U001-T00186,U001,2026-08-11,ZEPTO QUICK ESSENTIALS PAYMENT,50.0,expense,Food,ZEPTO QUICK ESSENTIALS,UPI
U001-T00187,U001,2026-09-09,LOCAL TEA & COFFEE PAYMENT,20.0,expense,Food,LOCAL TEA & COFFEE,UPI
U001-T00188,U001,2026-09-24,PARKING FEE PAYMENT,20.0,expense,Other,PARKING FEE,UPI
U001-T00189,U001,2026-07-23,RAPIDO BIKE PAYMENT,30.0,expense,Transport,RAPIDO BIKE,UPI
U001-T00190,U001,2026-08-21,NAMMA METRO PAYMENT,15.0,expense,Transport,NAMMA METRO,UPI
U001-T00191,U001,2026-08-08,STREET TIFFIN PAYMENT,50.0,expense,Food,STREET TIFFIN,UPI
U001-T00192,U001,2026-09-13,RAPIDO BIKE PAYMENT,30.0,expense,Transport,RAPIDO BIKE,UPI
U001-T00193,U001,2026-08-29,BLINKIT DAILY PAYMENT,40.0,expense,Food,BLINKIT DAILY,UPI
U001-T00194,U001,2026-09-04,BLINKIT DAILY PAYMENT,40.0,expense,Food,BLINKIT DAILY,UPI
U001-T00195,U001,2026-09-23,CHAI POINT PAYMENT,20.0,expense,Food,CHAI POINT,UPI
U001-T00196,U001,2026-07-12,STATIONERY SHOP PAYMENT,20.0,expense,Shopping,STATIONERY SHOP,UPI
U001-T00197,U001,2026-09-25,STREET TIFFIN PAYMENT,25.0,expense,Food,STREET TIFFIN,UPI
U001-T00198,U001,2026-07-19,CHAI POINT PAYMENT,15.0,expense,Food,CHAI POINT,UPI
U001-T00199,U001,2026-08-30,RAPIDO BIKE PAYMENT,15.0,expense,Transport,RAPIDO BIKE,UPI
U001-T00200,U001,2026-08-28,ZEPTO QUICK ESSENTIALS PAYMENT,35.0,expense,Food,ZEPTO QUICK ESSENTIALS,UPI
U001-T00201,U001,2026-09-30,AUTO RICKSHAW PAYMENT,55.0,expense,Transport,AUTO RICKSHAW,UPI
U001-T00202,U001,2026-08-21,LOCAL BAKERY PAYMENT,15.0,expense,Food,LOCAL BAKERY,UPI
U001-T00203,U001,2026-07-14,KIRANA STORE PAYMENT,25.0,expense,Shopping,KIRANA STORE,UPI
U001-T00204,U001,2026-07-23,STATIONERY SHOP PAYMENT,45.0,expense,Shopping,STATIONERY SHOP,UPI
U001-T00205,U001,2026-07-07,NAMMA METRO PAYMENT,15.0,expense,Transport,NAMMA METRO,UPI
U001-T00206,U001,2026-08-28,LOCAL TEA & COFFEE PAYMENT,20.0,expense,Food,LOCAL TEA & COFFEE,UPI
U001-T00207,U001,2026-09-24,NAMMA METRO PAYMENT,25.0,expense,Transport,NAMMA METRO,UPI
U001-T00208,U001,2026-08-26,RAPIDO BIKE PAYMENT,42.0,expense,Transport,RAPIDO BIKE,UPI
U001-T00209,U001,2026-09-09,BLINKIT DAILY PAYMENT,40.0,expense,Food,BLINKIT DAILY,UPI
U001-T00210,U001,2026-08-30,BLINKIT DAILY PAYMENT,40.0,expense,Food,BLINKIT DAILY,UPI
U001-T00211,U001,2026-09-20,LOCAL BAKERY PAYMENT,35.0,expense,Food,LOCAL BAKERY,UPI
U001-T00212,U001,2026-09-19,LOCAL BAKERY PAYMENT,35.0,expense,Food,LOCAL BAKERY,UPI
U001-T00213,U001,2026-07-10,AUTO RICKSHAW PAYMENT,30.0,expense,Transport,AUTO RICKSHAW,UPI
U001-T00214,U001,2026-08-04,STREET TIFFIN PAYMENT,20.0,expense,Food,STREET TIFFIN,UPI
U001-T00215,U001,2026-07-18,LOCAL TEA & COFFEE PAYMENT,20.0,expense,Food,LOCAL TEA & COFFEE,UPI
U001-T00216,U001,2026-09-27,LOCAL TEA & COFFEE PAYMENT,12.0,expense,Food,LOCAL TEA & COFFEE,UPI
U001-T00217,U001,2026-07-09,ZEPTO QUICK ESSENTIALS PAYMENT,50.0,expense,Food,ZEPTO QUICK ESSENTIALS,UPI
U001-T00218,U001,2026-09-08,BLINKIT DAILY PAYMENT,30.0,expense,Food,BLINKIT DAILY,UPI
U001-T00219,U001,2026-07-27,LOCAL PHARMACY STORE PAYMENT,65.0,expense,Healthcare,LOCAL PHARMACY STORE,UPI
U001-T00220,U001,2026-09-13,PARKING FEE PAYMENT,10.0,expense,Other,PARKING FEE,UPI
U001-T00221,U001,2026-09-12,ZEPTO QUICK ESSENTIALS PAYMENT,25.0,expense,Food,ZEPTO QUICK ESSENTIALS,UPI
U001-T00222,U001,2026-08-15,STREET TIFFIN PAYMENT,50.0,expense,Food,STREET TIFFIN,UPI
U001-T00223,U001,2026-08-23,NAMMA METRO PAYMENT,20.0,expense,Transport,NAMMA METRO,UPI
U001-T00224,U001,2026-09-01,LOCAL BAKERY PAYMENT,35.0,expense,Food,LOCAL BAKERY,UPI
U001-T00225,U001,2026-09-01,CHAI POINT PAYMENT,20.0,expense,Food,CHAI POINT,UPI
U001-T00226,U001,2026-09-24,AUTO RICKSHAW PAYMENT,55.0,expense,Transport,AUTO RICKSHAW,UPI
U001-T00227,U001,2026-07-22,LOCAL PHARMACY STORE PAYMENT,28.0,expense,Healthcare,LOCAL PHARMACY STORE,UPI
U001-T00228,U001,2026-09-18,NAMMA METRO PAYMENT,35.0,expense,Transport,NAMMA METRO,UPI
U001-T00229,U001,2026-09-14,NAMMA METRO PAYMENT,15.0,expense,Transport,NAMMA METRO,UPI
U001-T00230,U001,2026-07-11,RAPIDO BIKE PAYMENT,22.0,expense,Transport,RAPIDO BIKE,UPI
U001-T00231,U001,2026-08-29,LOCAL TEA & COFFEE PAYMENT,15.0,expense,Food,LOCAL TEA & COFFEE,UPI
U001-T00232,U001,2026-08-18,STREET TIFFIN PAYMENT,50.0,expense,Food,STREET TIFFIN,UPI
U001-T00233,U001,2026-08-11,STREET TIFFIN PAYMENT,50.0,expense,Food,STREET TIFFIN,UPI
U001-T00234,U001,2026-08-05,UBER AUTO PAYMENT,75.0,expense,Transport,UBER AUTO,UPI
U001-T00235,U001,2026-08-02,LOCAL PHARMACY STORE PAYMENT,65.0,expense,Healthcare,LOCAL PHARMACY STORE,UPI
U001-T00236,U001,2026-07-03,UBER AUTO PAYMENT,28.0,expense,Transport,UBER AUTO,UPI
U001-T00237,U001,2026-08-14,LOCAL BAKERY PAYMENT,15.0,expense,Food,LOCAL BAKERY,UPI
U001-T00238,U001,2026-09-22,CHAI POINT PAYMENT,10.0,expense,Food,CHAI POINT,UPI
U001-T00239,U001,2026-08-01,LOCAL TEA & COFFEE PAYMENT,10.0,expense,Food,LOCAL TEA & COFFEE,UPI
U001-T00240,U001,2026-09-18,LOCAL TEA & COFFEE PAYMENT,12.0,expense,Food,LOCAL TEA & COFFEE,UPI
U001-T00241,U001,2026-08-30,AUTO RICKSHAW PAYMENT,30.0,expense,Transport,AUTO RICKSHAW,UPI
U001-T00242,U001,2026-08-29,AUTO RICKSHAW PAYMENT,40.0,expense,Transport,AUTO RICKSHAW,UPI
U001-T00243,U001,2026-07-22,RAPIDO BIKE PAYMENT,15.0,expense,Transport,RAPIDO BIKE,UPI
U001-T00244,U001,2026-07-21,QUICK UPI TRANSFER PAYMENT,10.0,expense,Other,QUICK UPI TRANSFER,UPI
U001-T00245,U001,2026-09-13,CHAI POINT PAYMENT,20.0,expense,Food,CHAI POINT,UPI
U001-T00246,U001,2026-09-12,AUTO RICKSHAW PAYMENT,55.0,expense,Transport,AUTO RICKSHAW,UPI
U001-T00247,U001,2026-08-20,PARKING FEE PAYMENT,10.0,expense,Other,PARKING FEE,UPI
U001-T00248,U001,2026-07-10,RAPIDO BIKE PAYMENT,22.0,expense,Transport,RAPIDO BIKE,UPI
U001-T00249,U001,2026-07-14,AUTO RICKSHAW PAYMENT,40.0,expense,Transport,AUTO RICKSHAW,UPI
U001-T00250,U001,2026-09-26,RAPIDO BIKE PAYMENT,15.0,expense,Transport,RAPIDO BIKE,UPI
U001-T00251,U001,2026-09-11,KIRANA STORE PAYMENT,35.0,expense,Shopping,KIRANA STORE,UPI
U001-T00252,U001,2026-09-07,BLINKIT DAILY PAYMENT,60.0,expense,Food,BLINKIT DAILY,UPI
U001-T00253,U001,2026-07-09,SWIGGY QUICK BITE PAYMENT,85.0,expense,Food,SWIGGY QUICK BITE,UPI
U001-T00254,U001,2026-07-02,LOCAL PHARMACY STORE PAYMENT,65.0,expense,Healthcare,LOCAL PHARMACY STORE,UPI
U001-T00255,U001,2026-07-14,BLINKIT DAILY PAYMENT,60.0,expense,Food,BLINKIT DAILY,UPI
U001-T00256,U001,2026-09-20,MOBILE TOP-UP PAYMENT,29.0,expense,Bills,MOBILE TOP-UP,UPI
U001-T00257,U001,2026-09-29,LOCAL TEA & COFFEE PAYMENT,12.0,expense,Food,LOCAL TEA & COFFEE,UPI
U001-T00258,U001,2026-09-05,QUICK UPI TRANSFER PAYMENT,20.0,expense,Other,QUICK UPI TRANSFER,UPI
U001-T00259,U001,2026-09-17,STATIONERY SHOP PAYMENT,45.0,expense,Shopping,STATIONERY SHOP,UPI
U001-T00260,U001,2026-08-29,BLINKIT DAILY PAYMENT,60.0,expense,Food,BLINKIT DAILY,UPI
U001-T00261,U001,2026-08-11,LOCAL PHARMACY STORE PAYMENT,18.0,expense,Healthcare,LOCAL PHARMACY STORE,UPI
U001-T00262,U001,2026-08-05,MOBILE TOP-UP PAYMENT,19.0,expense,Bills,MOBILE TOP-UP,UPI
U001-T00263,U001,2026-08-29,NAMMA METRO PAYMENT,35.0,expense,Transport,NAMMA METRO,UPI
U001-T00264,U001,2026-08-13,CHAI POINT PAYMENT,20.0,expense,Food,CHAI POINT,UPI
U001-T00265,U001,2026-07-24,SWIGGY QUICK BITE PAYMENT,85.0,expense,Food,SWIGGY QUICK BITE,UPI
U001-T00266,U001,2026-08-03,STREET TIFFIN PAYMENT,35.0,expense,Food,STREET TIFFIN,UPI
U001-T00267,U001,2026-09-10,CHAI POINT PAYMENT,15.0,expense,Food,CHAI POINT,UPI
U001-T00268,U001,2026-07-11,LOCAL BAKERY PAYMENT,35.0,expense,Food,LOCAL BAKERY,UPI
U001-T00269,U001,2026-09-01,NAMMA METRO PAYMENT,20.0,expense,Transport,NAMMA METRO,UPI
U001-T00270,U001,2026-09-27,BLINKIT DAILY PAYMENT,80.0,expense,Food,BLINKIT DAILY,UPI
U001-T00271,U001,2026-08-27,KIRANA STORE PAYMENT,15.0,expense,Shopping,KIRANA STORE,UPI
U001-T00272,U001,2026-08-07,LOCAL BAKERY PAYMENT,20.0,expense,Food,LOCAL BAKERY,UPI
U001-T00273,U001,2026-08-09,RAPIDO BIKE PAYMENT,30.0,expense,Transport,RAPIDO BIKE,UPI
U001-T00274,U001,2026-08-30,NAMMA METRO PAYMENT,25.0,expense,Transport,NAMMA METRO,UPI
U001-T00275,U001,2026-08-24,COMMUNITY CHARITY UPI PAYMENT,51.0,expense,Other,COMMUNITY CHARITY UPI,UPI
U001-T00276,U001,2026-08-12,STREET TIFFIN PAYMENT,50.0,expense,Food,STREET TIFFIN,UPI
U001-T00277,U001,2026-08-04,STREET TIFFIN PAYMENT,25.0,expense,Food,STREET TIFFIN,UPI
U001-T00278,U001,2026-07-16,AUTO RICKSHAW PAYMENT,40.0,expense,Transport,AUTO RICKSHAW,UPI
U001-T00279,U001,2026-07-16,UBER AUTO PAYMENT,42.0,expense,Transport,UBER AUTO,UPI
U001-T00280,U001,2026-07-25,LOCAL BAKERY PAYMENT,35.0,expense,Food,LOCAL BAKERY,UPI
U001-T00281,U001,2026-08-05,UBER AUTO PAYMENT,60.0,expense,Transport,UBER AUTO,UPI
U001-T00282,U001,2026-07-13,LOCAL PHARMACY STORE PAYMENT,45.0,expense,Healthcare,LOCAL PHARMACY STORE,UPI
U001-T00283,U001,2026-07-30,STREET TIFFIN PAYMENT,35.0,expense,Food,STREET TIFFIN,UPI
U001-T00284,U001,2026-07-02,AUTO RICKSHAW PAYMENT,30.0,expense,Transport,AUTO RICKSHAW,UPI
U001-T00285,U001,2026-08-05,CHAI POINT PAYMENT,10.0,expense,Food,CHAI POINT,UPI
U001-T00286,U001,2026-09-09,STREET TIFFIN PAYMENT,25.0,expense,Food,STREET TIFFIN,UPI
U001-T00287,U001,2026-09-20,CAMPUS PHOTOCOPY & NOTES PAYMENT,50.0,expense,Education,CAMPUS PHOTOCOPY & NOTES,UPI
U001-T00288,U001,2026-07-14,CAMPUS PHOTOCOPY & NOTES PAYMENT,35.0,expense,Education,CAMPUS PHOTOCOPY & NOTES,UPI
U001-T00289,U001,2026-08-30,SWIGGY QUICK BITE PAYMENT,85.0,expense,Food,SWIGGY QUICK BITE,UPI
U001-T00290,U001,2026-07-24,QUICK UPI TRANSFER PAYMENT,20.0,expense,Other,QUICK UPI TRANSFER,UPI
U001-T00291,U001,2026-08-31,CHAI POINT PAYMENT,10.0,expense,Food,CHAI POINT,UPI
U001-T00292,U001,2026-08-21,SWIGGY QUICK BITE PAYMENT,40.0,expense,Food,SWIGGY QUICK BITE,UPI
U001-T00293,U001,2026-07-20,LOCAL TEA & COFFEE PAYMENT,15.0,expense,Food,LOCAL TEA & COFFEE,UPI
U001-T00294,U001,2026-07-11,COMMUNITY CHARITY UPI PAYMENT,11.0,expense,Other,COMMUNITY CHARITY UPI,UPI
U001-T00295,U001,2026-09-10,KIRANA STORE PAYMENT,25.0,expense,Shopping,KIRANA STORE,UPI
U001-T00296,U001,2026-09-05,ZEPTO QUICK ESSENTIALS PAYMENT,75.0,expense,Food,ZEPTO QUICK ESSENTIALS,UPI
U001-T00297,U001,2026-08-08,CAMPUS PHOTOCOPY & NOTES PAYMENT,50.0,expense,Education,CAMPUS PHOTOCOPY & NOTES,UPI
U001-T00298,U001,2026-08-09,NAMMA METRO PAYMENT,15.0,expense,Transport,NAMMA METRO,UPI
U001-T00299,U001,2026-09-17,QUICK UPI TRANSFER PAYMENT,10.0,expense,Other,QUICK UPI TRANSFER,UPI
U001-T00300,U001,2026-07-27,RAPIDO BIKE PAYMENT,30.0,expense,Transport,RAPIDO BIKE,UPI
U001-T00301,U001,2026-09-23,CHAI POINT PAYMENT,15.0,expense,Food,CHAI POINT,UPI
U001-T00302,U001,2026-07-23,NAMMA METRO PAYMENT,20.0,expense,Transport,NAMMA METRO,UPI
U001-T00303,U001,2026-07-01,ZEPTO QUICK ESSENTIALS PAYMENT,75.0,expense,Food,ZEPTO QUICK ESSENTIALS,UPI
U001-T00304,U001,2026-08-07,CHAI POINT PAYMENT,20.0,expense,Food,CHAI POINT,UPI
U001-T00305,U001,2026-09-29,LOCAL BAKERY PAYMENT,35.0,expense,Food,LOCAL BAKERY,UPI
U001-T00306,U001,2026-07-10,AUTO RICKSHAW PAYMENT,40.0,expense,Transport,AUTO RICKSHAW,UPI
U001-T00307,U001,2026-09-19,NAMMA METRO PAYMENT,20.0,expense,Transport,NAMMA METRO,UPI
U001-T00308,U001,2026-08-24,LOCAL TEA & COFFEE PAYMENT,12.0,expense,Food,LOCAL TEA & COFFEE,UPI
U001-T00309,U001,2026-09-21,LOCAL TEA & COFFEE PAYMENT,15.0,expense,Food,LOCAL TEA & COFFEE,UPI
U001-T00310,U001,2026-07-19,CHAI POINT PAYMENT,15.0,expense,Food,CHAI POINT,UPI
U001-T00311,U001,2026-08-09,RAPIDO BIKE PAYMENT,30.0,expense,Transport,RAPIDO BIKE,UPI
U001-T00312,U001,2026-08-26,LOCAL TEA & COFFEE PAYMENT,15.0,expense,Food,LOCAL TEA & COFFEE,UPI
U001-T00313,U001,2026-09-28,ZEPTO QUICK ESSENTIALS PAYMENT,50.0,expense,Food,ZEPTO QUICK ESSENTIALS,UPI
U001-T00314,U001,2026-09-03,NAMMA METRO PAYMENT,35.0,expense,Transport,NAMMA METRO,UPI
U001-T00315,U001,2026-07-11,RAPIDO BIKE PAYMENT,42.0,expense,Transport,RAPIDO BIKE,UPI
U001-T00316,U001,2026-08-11,RAPIDO BIKE PAYMENT,15.0,expense,Transport,RAPIDO BIKE,UPI
U001-T00317,U001,2026-07-12,LOCAL BAKERY PAYMENT,15.0,expense,Food,LOCAL BAKERY,UPI
U001-T00318,U001,2026-09-25,STATIONERY SHOP PAYMENT,12.0,expense,Shopping,STATIONERY SHOP,UPI
U001-T00319,U001,2026-07-23,BLINKIT DAILY PAYMENT,80.0,expense,Food,BLINKIT DAILY,UPI
U001-T00320,U001,2026-08-05,LOCAL TEA & COFFEE PAYMENT,20.0,expense,Food,LOCAL TEA & COFFEE,UPI
U001-T00321,U001,2026-09-20,STATIONERY SHOP PAYMENT,12.0,expense,Shopping,STATIONERY SHOP,UPI
U001-T00322,U001,2026-08-30,STREET TIFFIN PAYMENT,35.0,expense,Food,STREET TIFFIN,UPI
U001-T00323,U001,2026-08-11,AUTO RICKSHAW PAYMENT,30.0,expense,Transport,AUTO RICKSHAW,UPI
U001-T00324,U001,2026-08-12,ZEPTO QUICK ESSENTIALS PAYMENT,75.0,expense,Food,ZEPTO QUICK ESSENTIALS,UPI
U001-T00325,U001,2026-08-06,RAPIDO BIKE PAYMENT,42.0,expense,Transport,RAPIDO BIKE,UPI
U001-T00326,U001,2026-09-09,CHAI POINT PAYMENT,10.0,expense,Food,CHAI POINT,UPI
U001-T00327,U001,2026-08-10,LOCAL BAKERY PAYMENT,15.0,expense,Food,LOCAL BAKERY,UPI
U001-T00328,U001,2026-08-21,CAMPUS PHOTOCOPY & NOTES PAYMENT,10.0,expense,Education,CAMPUS PHOTOCOPY & NOTES,UPI
U001-T00329,U001,2026-09-23,CAMPUS PHOTOCOPY & NOTES PAYMENT,50.0,expense,Education,CAMPUS PHOTOCOPY & NOTES,UPI
U001-T00330,U001,2026-08-22,CHAI POINT PAYMENT,20.0,expense,Food,CHAI POINT,UPI
U001-T00331,U001,2026-09-18,UBER AUTO PAYMENT,75.0,expense,Transport,UBER AUTO,UPI
U001-T00332,U001,2026-07-07,LOCAL TEA & COFFEE PAYMENT,12.0,expense,Food,LOCAL TEA & COFFEE,UPI
U001-T00333,U001,2026-08-06,BLINKIT DAILY PAYMENT,80.0,expense,Food,BLINKIT DAILY,UPI
U001-T00334,U001,2026-07-16,CHAI POINT PAYMENT,15.0,expense,Food,CHAI POINT,UPI
U001-T00335,U001,2026-09-29,LOCAL TEA & COFFEE PAYMENT,10.0,expense,Food,LOCAL TEA & COFFEE,UPI
U001-T00336,U001,2026-09-09,ZEPTO QUICK ESSENTIALS PAYMENT,35.0,expense,Food,ZEPTO QUICK ESSENTIALS,UPI
U001-T00337,U001,2026-07-15,BLINKIT DAILY PAYMENT,30.0,expense,Food,BLINKIT DAILY,UPI
U001-T00338,U001,2026-09-21,LOCAL PHARMACY STORE PAYMENT,65.0,expense,Healthcare,LOCAL PHARMACY STORE,UPI
U001-T00339,U001,2026-09-30,STREET TIFFIN PAYMENT,35.0,expense,Food,STREET TIFFIN,UPI
U001-T00340,U001,2026-08-23,LOCAL PHARMACY STORE PAYMENT,65.0,expense,Healthcare,LOCAL PHARMACY STORE,UPI
U001-T00341,U001,2026-08-01,BLINKIT DAILY PAYMENT,40.0,expense,Food,BLINKIT DAILY,UPI
U001-T00342,U001,2026-08-19,LOCAL TEA & COFFEE PAYMENT,12.0,expense,Food,LOCAL TEA & COFFEE,UPI
U001-T00343,U001,2026-07-09,LOCAL BAKERY PAYMENT,35.0,expense,Food,LOCAL BAKERY,UPI
U001-T00344,U001,2026-08-13,PARKING FEE PAYMENT,20.0,expense,Other,PARKING FEE,UPI
U001-T00345,U001,2026-08-04,STATIONERY SHOP PAYMENT,30.0,expense,Shopping,STATIONERY SHOP,UPI
U001-T00346,U001,2026-08-08,LOCAL PHARMACY STORE PAYMENT,65.0,expense,Healthcare,LOCAL PHARMACY STORE,UPI
U001-T00347,U001,2026-07-20,BLINKIT DAILY PAYMENT,80.0,expense,Food,BLINKIT DAILY,UPI
U001-T00348,U001,2026-08-14,STREET TIFFIN PAYMENT,50.0,expense,Food,STREET TIFFIN,UPI
U001-T00349,U001,2026-08-28,PARKING FEE PAYMENT,10.0,expense,Other,PARKING FEE,UPI
U001-T00350,U001,2026-09-28,LOCAL BAKERY PAYMENT,35.0,expense,Food,LOCAL BAKERY,UPI
U001-T00351,U001,2026-07-30,LOCAL PHARMACY STORE PAYMENT,65.0,expense,Healthcare,LOCAL PHARMACY STORE,UPI
U001-T00352,U001,2026-07-06,STREET TIFFIN PAYMENT,50.0,expense,Food,STREET TIFFIN,UPI
U001-T00353,U001,2026-09-29,COFFEE & CHAT PAYMENT,65.0,expense,Entertainment,COFFEE & CHAT,UPI
U001-T00354,U001,2026-08-19,COMMUNITY CHARITY UPI PAYMENT,51.0,expense,Other,COMMUNITY CHARITY UPI,UPI
U001-T00355,U001,2026-07-20,SWIGGY QUICK BITE PAYMENT,40.0,expense,Food,SWIGGY QUICK BITE,UPI
U001-T00356,U001,2026-07-17,SWIGGY QUICK BITE PAYMENT,85.0,expense,Food,SWIGGY QUICK BITE,UPI
U001-T00357,U001,2026-07-13,CAMPUS PHOTOCOPY & NOTES PAYMENT,50.0,expense,Education,CAMPUS PHOTOCOPY & NOTES,UPI
U001-T00358,U001,2026-07-13,NAMMA METRO PAYMENT,35.0,expense,Transport,NAMMA METRO,UPI
U001-T00359,U001,2026-07-02,AUTO RICKSHAW PAYMENT,55.0,expense,Transport,AUTO RICKSHAW,UPI
U001-T00360,U001,2026-09-22,QUICK UPI TRANSFER PAYMENT,10.0,expense,Other,QUICK UPI TRANSFER,UPI
U001-T00361,U001,2026-08-30,KIRANA STORE PAYMENT,35.0,expense,Shopping,KIRANA STORE,UPI
U001-T00362,U001,2026-08-13,RAPIDO BIKE PAYMENT,42.0,expense,Transport,RAPIDO BIKE,UPI
U001-T00363,U001,2026-09-22,CHAI POINT PAYMENT,20.0,expense,Food,CHAI POINT,UPI
U001-T00364,U001,2026-09-25,CAMPUS PHOTOCOPY & NOTES PAYMENT,50.0,expense,Education,CAMPUS PHOTOCOPY & NOTES,UPI
U001-T00365,U001,2026-08-10,RAPIDO BIKE PAYMENT,42.0,expense,Transport,RAPIDO BIKE,UPI
U001-T00366,U001,2026-09-08,CHAI POINT PAYMENT,10.0,expense,Food,CHAI POINT,UPI
U001-T00367,U001,2026-07-31,RAPIDO BIKE PAYMENT,30.0,expense,Transport,RAPIDO BIKE,UPI
U001-T00368,U001,2026-07-30,UBER AUTO PAYMENT,75.0,expense,Transport,UBER AUTO,UPI
U001-T00369,U001,2026-07-13,UBER AUTO PAYMENT,28.0,expense,Transport,UBER AUTO,UPI
U001-T00370,U001,2026-08-26,LOCAL TEA & COFFEE PAYMENT,15.0,expense,Food,LOCAL TEA & COFFEE,UPI
U001-T00371,U001,2026-07-04,CHAI POINT PAYMENT,10.0,expense,Food,CHAI POINT,UPI
U001-T00372,U001,2026-08-07,STREET TIFFIN PAYMENT,50.0,expense,Food,STREET TIFFIN,UPI
U001-T00373,U001,2026-07-19,LOCAL BAKERY PAYMENT,35.0,expense,Food,LOCAL BAKERY,UPI
U001-T00374,U001,2026-09-11,AUTO RICKSHAW PAYMENT,30.0,expense,Transport,AUTO RICKSHAW,UPI
U001-T00375,U001,2026-07-22,LOCAL TEA & COFFEE PAYMENT,20.0,expense,Food,LOCAL TEA & COFFEE,UPI
U001-T00376,U001,2026-09-18,AUTO RICKSHAW PAYMENT,55.0,expense,Transport,AUTO RICKSHAW,UPI
U001-T00377,U001,2026-09-13,LOCAL TEA & COFFEE PAYMENT,20.0,expense,Food,LOCAL TEA & COFFEE,UPI
U001-T00378,U001,2026-09-20,LOCAL BAKERY PAYMENT,25.0,expense,Food,LOCAL BAKERY,UPI
U001-T00379,U001,2026-09-24,CHAI POINT PAYMENT,30.0,expense,Food,CHAI POINT,UPI
U001-T00380,U001,2026-08-06,AUTO RICKSHAW PAYMENT,30.0,expense,Transport,AUTO RICKSHAW,UPI
U001-T00381,U001,2026-07-10,BLINKIT DAILY PAYMENT,60.0,expense,Food,BLINKIT DAILY,UPI
U001-T00382,U001,2026-09-14,STREET TIFFIN PAYMENT,50.0,expense,Food,STREET TIFFIN,UPI
U001-T00383,U001,2026-09-27,LOCAL BAKERY PAYMENT,25.0,expense,Food,LOCAL BAKERY,UPI
U001-T00384,U001,2026-07-26,COMMUNITY CHARITY UPI PAYMENT,21.0,expense,Other,COMMUNITY CHARITY UPI,UPI
U001-T00385,U001,2026-07-14,LOCAL BAKERY PAYMENT,25.0,expense,Food,LOCAL BAKERY,UPI
U001-T00386,U001,2026-09-12,STREET TIFFIN PAYMENT,35.0,expense,Food,STREET TIFFIN,UPI
U001-T00387,U001,2026-07-03,QUICK UPI TRANSFER PAYMENT,30.0,expense,Other,QUICK UPI TRANSFER,UPI
U001-T00388,U001,2026-08-05,CHAI POINT PAYMENT,10.0,expense,Food,CHAI POINT,UPI
U001-T00389,U001,2026-09-16,UBER AUTO PAYMENT,60.0,expense,Transport,UBER AUTO,UPI
U001-T00390,U001,2026-07-30,RAPIDO BIKE PAYMENT,30.0,expense,Transport,RAPIDO BIKE,UPI
U001-T00391,U001,2026-07-29,RAPIDO BIKE PAYMENT,30.0,expense,Transport,RAPIDO BIKE,UPI
U001-T00392,U001,2026-09-25,UBER AUTO PAYMENT,42.0,expense,Transport,UBER AUTO,UPI
U001-T00393,U001,2026-09-19,CHAI POINT PAYMENT,10.0,expense,Food,CHAI POINT,UPI
U001-T00394,U001,2026-08-09,KIRANA STORE PAYMENT,15.0,expense,Shopping,KIRANA STORE,UPI
U001-T00395,U001,2026-09-13,ZEPTO QUICK ESSENTIALS PAYMENT,35.0,expense,Food,ZEPTO QUICK ESSENTIALS,UPI
U001-T00396,U001,2026-07-12,COFFEE & CHAT PAYMENT,45.0,expense,Entertainment,COFFEE & CHAT,UPI
U001-T00397,U001,2026-08-23,LOCAL TEA & COFFEE PAYMENT,12.0,expense,Food,LOCAL TEA & COFFEE,UPI
U001-T00398,U001,2026-09-08,MOBILE TOP-UP PAYMENT,29.0,expense,Bills,MOBILE TOP-UP,UPI
U001-T00399,U001,2026-09-06,SWIGGY QUICK BITE PAYMENT,85.0,expense,Food,SWIGGY QUICK BITE,UPI
U001-T00400,U001,2026-07-22,LOCAL BAKERY PAYMENT,35.0,expense,Food,LOCAL BAKERY,UPI
U001-T00401,U001,2026-08-07,UBER AUTO PAYMENT,60.0,expense,Transport,UBER AUTO,UPI
U001-T00402,U001,2026-07-15,BLINKIT DAILY PAYMENT,30.0,expense,Food,BLINKIT DAILY,UPI
U001-T00403,U001,2026-07-19,UBER AUTO PAYMENT,42.0,expense,Transport,UBER AUTO,UPI
U001-T00404,U001,2026-09-25,UBER AUTO PAYMENT,75.0,expense,Transport,UBER AUTO,UPI
U001-T00405,U001,2026-09-10,ZEPTO QUICK ESSENTIALS PAYMENT,75.0,expense,Food,ZEPTO QUICK ESSENTIALS,UPI
U001-T00406,U001,2026-07-02,LOCAL BAKERY PAYMENT,15.0,expense,Food,LOCAL BAKERY,UPI
U001-T00407,U001,2026-08-28,ZEPTO QUICK ESSENTIALS PAYMENT,50.0,expense,Food,ZEPTO QUICK ESSENTIALS,UPI
U001-T00408,U001,2026-09-13,ZEPTO QUICK ESSENTIALS PAYMENT,50.0,expense,Food,ZEPTO QUICK ESSENTIALS,UPI
U001-T00409,U001,2026-07-14,AUTO RICKSHAW PAYMENT,55.0,expense,Transport,AUTO RICKSHAW,UPI
U001-T00410,U001,2026-07-04,RAPIDO BIKE PAYMENT,30.0,expense,Transport,RAPIDO BIKE,UPI
U001-T00411,U001,2026-09-17,LOCAL BAKERY PAYMENT,15.0,expense,Food,LOCAL BAKERY,UPI
U001-T00412,U001,2026-09-20,STATIONERY SHOP PAYMENT,30.0,expense,Shopping,STATIONERY SHOP,UPI
U001-T00413,U001,2026-09-22,ZEPTO QUICK ESSENTIALS PAYMENT,35.0,expense,Food,ZEPTO QUICK ESSENTIALS,UPI
U001-T00414,U001,2026-07-06,PARKING FEE PAYMENT,15.0,expense,Other,PARKING FEE,UPI
U001-T00415,U001,2026-09-02,LOCAL TEA & COFFEE PAYMENT,12.0,expense,Food,LOCAL TEA & COFFEE,UPI
U001-T00416,U001,2026-09-07,LOCAL TEA & COFFEE PAYMENT,20.0,expense,Food,LOCAL TEA & COFFEE,UPI
U001-T00417,U001,2026-08-17,AUTO RICKSHAW PAYMENT,55.0,expense,Transport,AUTO RICKSHAW,UPI
U001-T00418,U001,2026-09-14,UBER AUTO PAYMENT,42.0,expense,Transport,UBER AUTO,UPI
U001-T00419,U001,2026-08-23,RAPIDO BIKE PAYMENT,42.0,expense,Transport,RAPIDO BIKE,UPI
U001-T00420,U001,2026-09-17,ZEPTO QUICK ESSENTIALS PAYMENT,50.0,expense,Food,ZEPTO QUICK ESSENTIALS,UPI
U001-T00421,U001,2026-07-05,AUTO RICKSHAW PAYMENT,30.0,expense,Transport,AUTO RICKSHAW,UPI
U001-T00422,U001,2026-08-26,BLINKIT DAILY PAYMENT,40.0,expense,Food,BLINKIT DAILY,UPI
U001-T00423,U001,2026-08-16,CHAI POINT PAYMENT,20.0,expense,Food,CHAI POINT,UPI
U001-T00424,U001,2026-09-08,COFFEE & CHAT PAYMENT,45.0,expense,Entertainment,COFFEE & CHAT,UPI
U001-T00425,U001,2026-07-08,ZEPTO QUICK ESSENTIALS PAYMENT,35.0,expense,Food,ZEPTO QUICK ESSENTIALS,UPI
U001-T00426,U001,2026-07-16,PARKING FEE PAYMENT,15.0,expense,Other,PARKING FEE,UPI
U001-T00427,U001,2026-07-12,RAPIDO BIKE PAYMENT,15.0,expense,Transport,RAPIDO BIKE,UPI
U001-T00428,U001,2026-07-07,KIRANA STORE PAYMENT,25.0,expense,Shopping,KIRANA STORE,UPI
U001-T00429,U001,2026-07-17,KIRANA STORE PAYMENT,25.0,expense,Shopping,KIRANA STORE,UPI
U001-T00430,U001,2026-07-09,LOCAL PHARMACY STORE PAYMENT,28.0,expense,Healthcare,LOCAL PHARMACY STORE,UPI
U001-T00431,U001,2026-09-14,LOCAL BAKERY PAYMENT,20.0,expense,Food,LOCAL BAKERY,UPI
U001-T00432,U001,2026-08-12,KIRANA STORE PAYMENT,15.0,expense,Shopping,KIRANA STORE,UPI
U001-T00433,U001,2026-08-05,CAMPUS PHOTOCOPY & NOTES PAYMENT,20.0,expense,Education,CAMPUS PHOTOCOPY & NOTES,UPI
U001-T00434,U001,2026-07-17,NAMMA METRO PAYMENT,20.0,expense,Transport,NAMMA METRO,UPI
U001-T00435,U001,2026-07-15,RAPIDO BIKE PAYMENT,15.0,expense,Transport,RAPIDO BIKE,UPI
U001-T00436,U001,2026-07-17,CHAI POINT PAYMENT,15.0,expense,Food,CHAI POINT,UPI
U001-T00437,U001,2026-09-14,STREET TIFFIN PAYMENT,25.0,expense,Food,STREET TIFFIN,UPI
U001-T00438,U001,2026-08-03,CHAI POINT PAYMENT,30.0,expense,Food,CHAI POINT,UPI
U001-T00439,U001,2026-09-06,CHAI POINT PAYMENT,10.0,expense,Food,CHAI POINT,UPI
U001-T00440,U001,2026-08-30,BLINKIT DAILY PAYMENT,60.0,expense,Food,BLINKIT DAILY,UPI
U001-T00441,U001,2026-09-04,RAPIDO BIKE PAYMENT,42.0,expense,Transport,RAPIDO BIKE,UPI
U001-T00442,U001,2026-09-03,LOCAL BAKERY PAYMENT,15.0,expense,Food,LOCAL BAKERY,UPI
U001-T00443,U001,2026-09-23,NAMMA METRO PAYMENT,35.0,expense,Transport,NAMMA METRO,UPI
U001-T00444,U001,2026-09-21,QUICK UPI TRANSFER PAYMENT,10.0,expense,Other,QUICK UPI TRANSFER,UPI
U001-T00445,U001,2026-08-31,LOCAL PHARMACY STORE PAYMENT,65.0,expense,Healthcare,LOCAL PHARMACY STORE,UPI
U001-T00446,U001,2026-09-26,CHAI POINT PAYMENT,30.0,expense,Food,CHAI POINT,UPI
U001-T00447,U001,2026-07-10,COFFEE & CHAT PAYMENT,45.0,expense,Entertainment,COFFEE & CHAT,UPI
U001-T00448,U001,2026-09-16,LOCAL TEA & COFFEE PAYMENT,12.0,expense,Food,LOCAL TEA & COFFEE,UPI
U001-T00449,U001,2026-08-05,RAPIDO BIKE PAYMENT,30.0,expense,Transport,RAPIDO BIKE,UPI
U001-T00450,U001,2026-08-18,COMMUNITY CHARITY UPI PAYMENT,51.0,expense,Other,COMMUNITY CHARITY UPI,UPI
U001-T00451,U001,2026-08-07,BLINKIT DAILY PAYMENT,80.0,expense,Food,BLINKIT DAILY,UPI
U001-T00452,U001,2026-07-13,KIRANA STORE PAYMENT,15.0,expense,Shopping,KIRANA STORE,UPI
U001-T00453,U001,2026-09-22,RAPIDO BIKE PAYMENT,22.0,expense,Transport,RAPIDO BIKE,UPI
U001-T00454,U001,2026-08-25,BLINKIT DAILY PAYMENT,40.0,expense,Food,BLINKIT DAILY,UPI
U001-T00455,U001,2026-08-22,STREET TIFFIN PAYMENT,50.0,expense,Food,STREET TIFFIN,UPI
U001-T00456,U001,2026-08-21,ZEPTO QUICK ESSENTIALS PAYMENT,25.0,expense,Food,ZEPTO QUICK ESSENTIALS,UPI
U001-T00457,U001,2026-08-10,BLINKIT DAILY PAYMENT,60.0,expense,Food,BLINKIT DAILY,UPI
U001-T00458,U001,2026-08-17,QUICK UPI TRANSFER PAYMENT,30.0,expense,Other,QUICK UPI TRANSFER,UPI
U001-T00459,U001,2026-07-09,CHAI POINT PAYMENT,10.0,expense,Food,CHAI POINT,UPI
U001-T00460,U001,2026-07-12,BLINKIT DAILY PAYMENT,60.0,expense,Food,BLINKIT DAILY,UPI
U001-T00461,U001,2026-07-17,NAMMA METRO PAYMENT,25.0,expense,Transport,NAMMA METRO,UPI
U001-T00462,U001,2026-09-24,LOCAL TEA & COFFEE PAYMENT,15.0,expense,Food,LOCAL TEA & COFFEE,UPI
U001-T00463,U001,2026-09-24,PARKING FEE PAYMENT,15.0,expense,Other,PARKING FEE,UPI
U001-T00464,U001,2026-07-07,QUICK UPI TRANSFER PAYMENT,20.0,expense,Other,QUICK UPI TRANSFER,UPI
U001-T00465,U001,2026-08-15,CHAI POINT PAYMENT,15.0,expense,Food,CHAI POINT,UPI
U001-T00466,U001,2026-07-20,RAPIDO BIKE PAYMENT,22.0,expense,Transport,RAPIDO BIKE,UPI
U001-T00467,U001,2026-07-14,STREET TIFFIN PAYMENT,35.0,expense,Food,STREET TIFFIN,UPI
U001-T00468,U001,2026-07-15,KIRANA STORE PAYMENT,25.0,expense,Shopping,KIRANA STORE,UPI
U001-T00469,U001,2026-08-24,LOCAL PHARMACY STORE PAYMENT,18.0,expense,Healthcare,LOCAL PHARMACY STORE,UPI
U001-T00470,U001,2026-09-16,PARKING FEE PAYMENT,20.0,expense,Other,PARKING FEE,UPI
U001-T00471,U001,2026-08-04,CHAI POINT PAYMENT,20.0,expense,Food,CHAI POINT,UPI
U001-T00472,U001,2026-09-28,KIRANA STORE PAYMENT,35.0,expense,Shopping,KIRANA STORE,UPI
U001-T00473,U001,2026-08-14,CHAI POINT PAYMENT,15.0,expense,Food,CHAI POINT,UPI
U001-T00474,U001,2026-09-11,RAPIDO BIKE PAYMENT,15.0,expense,Transport,RAPIDO BIKE,UPI
U001-T00475,U001,2026-07-19,UBER AUTO PAYMENT,28.0,expense,Transport,UBER AUTO,UPI
U001-T00476,U001,2026-07-12,UBER AUTO PAYMENT,42.0,expense,Transport,UBER AUTO,UPI
U001-T00477,U001,2026-08-18,BLINKIT DAILY PAYMENT,60.0,expense,Food,BLINKIT DAILY,UPI
U001-T00478,U001,2026-07-21,ZEPTO QUICK ESSENTIALS PAYMENT,50.0,expense,Food,ZEPTO QUICK ESSENTIALS,UPI
U001-T00479,U001,2026-09-11,RAPIDO BIKE PAYMENT,15.0,expense,Transport,RAPIDO BIKE,UPI
U001-T00480,U001,2026-07-20,LOCAL TEA & COFFEE PAYMENT,10.0,expense,Food,LOCAL TEA & COFFEE,UPI
U001-T00481,U001,2026-09-25,CHAI POINT PAYMENT,30.0,expense,Food,CHAI POINT,UPI
U001-T00482,U001,2026-09-23,BLINKIT DAILY PAYMENT,80.0,expense,Food,BLINKIT DAILY,UPI
U001-T00483,U001,2026-08-23,LOCAL BAKERY PAYMENT,15.0,expense,Food,LOCAL BAKERY,UPI
U001-T00484,U001,2026-08-14,BLINKIT DAILY PAYMENT,60.0,expense,Food,BLINKIT DAILY,UPI
U001-T00485,U001,2026-09-25,AUTO RICKSHAW PAYMENT,55.0,expense,Transport,AUTO RICKSHAW,UPI
U001-T00486,U001,2026-09-06,AUTO RICKSHAW PAYMENT,20.0,expense,Transport,AUTO RICKSHAW,UPI
U001-T00487,U001,2026-07-29,ZEPTO QUICK ESSENTIALS PAYMENT,25.0,expense,Food,ZEPTO QUICK ESSENTIALS,UPI
U001-T00488,U001,2026-07-01,LOCAL TEA & COFFEE PAYMENT,12.0,expense,Food,LOCAL TEA & COFFEE,UPI
U001-T00489,U001,2026-07-18,KIRANA STORE PAYMENT,35.0,expense,Shopping,KIRANA STORE,UPI
U001-T00490,U001,2026-08-11,LOCAL TEA & COFFEE PAYMENT,20.0,expense,Food,LOCAL TEA & COFFEE,UPI
U001-T00491,U001,2026-08-25,LOCAL TEA & COFFEE PAYMENT,20.0,expense,Food,LOCAL TEA & COFFEE,UPI
U001-T00492,U001,2026-09-07,AUTO RICKSHAW PAYMENT,40.0,expense,Transport,AUTO RICKSHAW,UPI
U001-T00493,U001,2026-07-10,ZEPTO QUICK ESSENTIALS PAYMENT,25.0,expense,Food,ZEPTO QUICK ESSENTIALS,UPI
U001-T00494,U001,2026-08-25,CHAI POINT PAYMENT,10.0,expense,Food,CHAI POINT,UPI
U001-T00495,U001,2026-08-10,NAMMA METRO PAYMENT,35.0,expense,Transport,NAMMA METRO,UPI
U001-T00496,U001,2026-09-29,RAPIDO BIKE PAYMENT,30.0,expense,Transport,RAPIDO BIKE,UPI
U001-T00497,U001,2026-07-15,ZEPTO QUICK ESSENTIALS PAYMENT,50.0,expense,Food,ZEPTO QUICK ESSENTIALS,UPI
U001-T00498,U001,2026-07-22,STATIONERY SHOP PAYMENT,45.0,expense,Shopping,STATIONERY SHOP,UPI
U001-T00499,U001,2026-09-27,COFFEE & CHAT PAYMENT,20.0,expense,Entertainment,COFFEE & CHAT,UPI
U001-T00500,U001,2026-08-25,LOCAL PHARMACY STORE PAYMENT,28.0,expense,Healthcare,LOCAL PHARMACY STORE,UPI
U001-T00501,U001,2026-08-25,NAMMA METRO PAYMENT,15.0,expense,Transport,NAMMA METRO,UPI
U001-T00502,U001,2026-08-20,CAMPUS PHOTOCOPY & NOTES PAYMENT,35.0,expense,Education,CAMPUS PHOTOCOPY & NOTES,UPI
U001-T00503,U001,2026-07-29,STREET TIFFIN PAYMENT,25.0,expense,Food,STREET TIFFIN,UPI
U001-T00504,U001,2026-07-10,SWIGGY QUICK BITE PAYMENT,40.0,expense,Food,SWIGGY QUICK BITE,UPI
U001-T00505,U001,2026-09-06,SWIGGY QUICK BITE PAYMENT,85.0,expense,Food,SWIGGY QUICK BITE,UPI
U001-T00506,U001,2026-08-14,UBER AUTO PAYMENT,42.0,expense,Transport,UBER AUTO,UPI
U001-T00507,U001,2026-07-31,CHAI POINT PAYMENT,20.0,expense,Food,CHAI POINT,UPI
U001-T00508,U001,2026-07-26,LOCAL TEA & COFFEE PAYMENT,12.0,expense,Food,LOCAL TEA & COFFEE,UPI
U001-T00509,U001,2026-09-22,CHAI POINT PAYMENT,30.0,expense,Food,CHAI POINT,UPI
U001-T00510,U001,2026-08-29,UBER AUTO PAYMENT,75.0,expense,Transport,UBER AUTO,UPI
U001-T00511,U001,2026-09-26,PARKING FEE PAYMENT,20.0,expense,Other,PARKING FEE,UPI
U001-T00512,U001,2026-09-21,RAPIDO BIKE PAYMENT,30.0,expense,Transport,RAPIDO BIKE,UPI
U001-T00513,U001,2026-09-19,STREET TIFFIN PAYMENT,50.0,expense,Food,STREET TIFFIN,UPI
U001-T00514,U001,2026-07-09,BLINKIT DAILY PAYMENT,60.0,expense,Food,BLINKIT DAILY,UPI
U001-T00515,U001,2026-08-05,RAPIDO BIKE PAYMENT,30.0,expense,Transport,RAPIDO BIKE,UPI
U001-T00516,U001,2026-09-03,CHAI POINT PAYMENT,30.0,expense,Food,CHAI POINT,UPI
U001-T00517,U001,2026-08-27,CHAI POINT PAYMENT,20.0,expense,Food,CHAI POINT,UPI
U001-T00518,U001,2026-08-06,CHAI POINT PAYMENT,10.0,expense,Food,CHAI POINT,UPI
U001-T00519,U001,2026-09-17,RAPIDO BIKE PAYMENT,42.0,expense,Transport,RAPIDO BIKE,UPI
U001-T00520,U001,2026-08-29,NAMMA METRO PAYMENT,15.0,expense,Transport,NAMMA METRO,UPI
U001-T00521,U001,2026-08-27,COFFEE & CHAT PAYMENT,30.0,expense,Entertainment,COFFEE & CHAT,UPI
U001-T00522,U001,2026-08-11,RAPIDO BIKE PAYMENT,22.0,expense,Transport,RAPIDO BIKE,UPI
U001-T00523,U001,2026-07-08,BLINKIT DAILY PAYMENT,60.0,expense,Food,BLINKIT DAILY,UPI
U001-T00524,U001,2026-09-30,CHAI POINT PAYMENT,15.0,expense,Food,CHAI POINT,UPI
U001-T00525,U001,2026-07-06,LOCAL BAKERY PAYMENT,35.0,expense,Food,LOCAL BAKERY,UPI
U001-T00526,U001,2026-08-26,NAMMA METRO PAYMENT,20.0,expense,Transport,NAMMA METRO,UPI
U001-T00527,U001,2026-08-16,ZEPTO QUICK ESSENTIALS PAYMENT,50.0,expense,Food,ZEPTO QUICK ESSENTIALS,UPI
U001-T00528,U001,2026-08-19,ZEPTO QUICK ESSENTIALS PAYMENT,50.0,expense,Food,ZEPTO QUICK ESSENTIALS,UPI
U001-T00529,U001,2026-09-25,RAPIDO BIKE PAYMENT,30.0,expense,Transport,RAPIDO BIKE,UPI
U001-T00530,U001,2026-07-09,STREET TIFFIN PAYMENT,50.0,expense,Food,STREET TIFFIN,UPI
U001-T00531,U001,2026-08-06,LOCAL BAKERY PAYMENT,20.0,expense,Food,LOCAL BAKERY,UPI
U001-T00532,U001,2026-08-12,CHAI POINT PAYMENT,15.0,expense,Food,CHAI POINT,UPI
U001-T00533,U001,2026-08-14,STREET TIFFIN PAYMENT,50.0,expense,Food,STREET TIFFIN,UPI
U001-T00534,U001,2026-07-17,RAPIDO BIKE PAYMENT,15.0,expense,Transport,RAPIDO BIKE,UPI
U001-T00535,U001,2026-08-09,NAMMA METRO PAYMENT,25.0,expense,Transport,NAMMA METRO,UPI
U001-T00536,U001,2026-07-17,AUTO RICKSHAW PAYMENT,20.0,expense,Transport,AUTO RICKSHAW,UPI
U001-T00537,U001,2026-09-21,AUTO RICKSHAW PAYMENT,40.0,expense,Transport,AUTO RICKSHAW,UPI
U001-T00538,U001,2026-07-03,ZEPTO QUICK ESSENTIALS PAYMENT,35.0,expense,Food,ZEPTO QUICK ESSENTIALS,UPI
U001-T00539,U001,2026-07-28,STREET TIFFIN PAYMENT,50.0,expense,Food,STREET TIFFIN,UPI
U001-T00540,U001,2026-07-25,LOCAL BAKERY PAYMENT,20.0,expense,Food,LOCAL BAKERY,UPI
U001-T00541,U001,2026-07-20,CHAI POINT PAYMENT,10.0,expense,Food,CHAI POINT,UPI
U001-T00542,U001,2026-09-03,KIRANA STORE PAYMENT,15.0,expense,Shopping,KIRANA STORE,UPI
U001-T00543,U001,2026-09-23,STREET TIFFIN PAYMENT,25.0,expense,Food,STREET TIFFIN,UPI
U001-T00544,U001,2026-09-15,ZEPTO QUICK ESSENTIALS PAYMENT,35.0,expense,Food,ZEPTO QUICK ESSENTIALS,UPI
U001-T00545,U001,2026-07-24,LOCAL PHARMACY STORE PAYMENT,28.0,expense,Healthcare,LOCAL PHARMACY STORE,UPI
U001-T00546,U001,2026-08-26,CHAI POINT PAYMENT,20.0,expense,Food,CHAI POINT,UPI
U001-T00547,U001,2026-09-25,AUTO RICKSHAW PAYMENT,55.0,expense,Transport,AUTO RICKSHAW,UPI
U001-T00548,U001,2026-09-17,LOCAL BAKERY PAYMENT,35.0,expense,Food,LOCAL BAKERY,UPI
U001-T00549,U001,2026-07-30,NAMMA METRO PAYMENT,25.0,expense,Transport,NAMMA METRO,UPI
U001-T00550,U001,2026-08-30,COFFEE & CHAT PAYMENT,30.0,expense,Entertainment,COFFEE & CHAT,UPI
U001-T00551,U001,2026-08-17,AUTO RICKSHAW PAYMENT,55.0,expense,Transport,AUTO RICKSHAW,UPI
U001-T00552,U001,2026-08-29,KIRANA STORE PAYMENT,55.0,expense,Shopping,KIRANA STORE,UPI
U001-T00553,U001,2026-09-03,NAMMA METRO PAYMENT,20.0,expense,Transport,NAMMA METRO,UPI
U001-T00554,U001,2026-07-26,STATIONERY SHOP PAYMENT,20.0,expense,Shopping,STATIONERY SHOP,UPI
U001-T00555,U001,2026-08-02,CHAI POINT PAYMENT,30.0,expense,Food,CHAI POINT,UPI
U001-T00556,U001,2026-08-17,NAMMA METRO PAYMENT,15.0,expense,Transport,NAMMA METRO,UPI
U001-T00557,U001,2026-09-30,LOCAL PHARMACY STORE PAYMENT,18.0,expense,Healthcare,LOCAL PHARMACY STORE,UPI
U001-T00558,U001,2026-08-06,CHAI POINT PAYMENT,15.0,expense,Food,CHAI POINT,UPI
U001-T00559,U001,2026-08-04,BLINKIT DAILY PAYMENT,40.0,expense,Food,BLINKIT DAILY,UPI
U001-T00560,U001,2026-08-25,CHAI POINT PAYMENT,15.0,expense,Food,CHAI POINT,UPI
U001-T00561,U001,2026-08-27,MOBILE TOP-UP PAYMENT,19.0,expense,Bills,MOBILE TOP-UP,UPI
U001-T00562,U001,2026-08-23,CHAI POINT PAYMENT,20.0,expense,Food,CHAI POINT,UPI
U001-T00563,U001,2026-07-31,ZEPTO QUICK ESSENTIALS PAYMENT,25.0,expense,Food,ZEPTO QUICK ESSENTIALS,UPI
U001-T00564,U001,2026-08-17,LOCAL BAKERY PAYMENT,25.0,expense,Food,LOCAL BAKERY,UPI
U001-T00565,U001,2026-07-13,LOCAL PHARMACY STORE PAYMENT,45.0,expense,Healthcare,LOCAL PHARMACY STORE,UPI
U001-T00566,U001,2026-07-19,LOCAL TEA & COFFEE PAYMENT,15.0,expense,Food,LOCAL TEA & COFFEE,UPI
U001-T00567,U001,2026-08-30,AUTO RICKSHAW PAYMENT,30.0,expense,Transport,AUTO RICKSHAW,UPI
U001-T00568,U001,2026-09-29,BLINKIT DAILY PAYMENT,30.0,expense,Food,BLINKIT DAILY,UPI
U001-T00569,U001,2026-07-11,CHAI POINT PAYMENT,15.0,expense,Food,CHAI POINT,UPI
U001-T00570,U001,2026-07-20,NAMMA METRO PAYMENT,35.0,expense,Transport,NAMMA METRO,UPI
U001-T00571,U001,2026-07-15,KIRANA STORE PAYMENT,25.0,expense,Shopping,KIRANA STORE,UPI
U001-T00572,U001,2026-08-08,LOCAL TEA & COFFEE PAYMENT,12.0,expense,Food,LOCAL TEA & COFFEE,UPI
U001-T00573,U001,2026-08-23,RAPIDO BIKE PAYMENT,42.0,expense,Transport,RAPIDO BIKE,UPI
U001-T00574,U001,2026-07-09,CHAI POINT PAYMENT,30.0,expense,Food,CHAI POINT,UPI
U001-T00575,U001,2026-09-15,NAMMA METRO PAYMENT,20.0,expense,Transport,NAMMA METRO,UPI
U001-T00576,U001,2026-09-30,LOCAL TEA & COFFEE PAYMENT,20.0,expense,Food,LOCAL TEA & COFFEE,UPI
U001-T00577,U001,2026-07-01,RAPIDO BIKE PAYMENT,22.0,expense,Transport,RAPIDO BIKE,UPI
U001-T00578,U001,2026-09-12,ZEPTO QUICK ESSENTIALS PAYMENT,25.0,expense,Food,ZEPTO QUICK ESSENTIALS,UPI
U001-T00579,U001,2026-09-06,QUICK UPI TRANSFER PAYMENT,10.0,expense,Other,QUICK UPI TRANSFER,UPI
U001-T00580,U001,2026-09-06,NAMMA METRO PAYMENT,15.0,expense,Transport,NAMMA METRO,UPI
U001-T00581,U001,2026-08-19,CAMPUS PHOTOCOPY & NOTES PAYMENT,10.0,expense,Education,CAMPUS PHOTOCOPY & NOTES,UPI
U001-T00582,U001,2026-09-20,ZEPTO QUICK ESSENTIALS PAYMENT,50.0,expense,Food,ZEPTO QUICK ESSENTIALS,UPI
U001-T00583,U001,2026-08-02,UBER AUTO PAYMENT,60.0,expense,Transport,UBER AUTO,UPI
U001-T00584,U001,2026-07-09,STREET TIFFIN PAYMENT,20.0,expense,Food,STREET TIFFIN,UPI
U001-T00585,U001,2026-09-13,UBER AUTO PAYMENT,60.0,expense,Transport,UBER AUTO,UPI
U001-T00586,U001,2026-07-18,CHAI POINT PAYMENT,20.0,expense,Food,CHAI POINT,UPI
U001-T00587,U001,2026-09-21,LOCAL TEA & COFFEE PAYMENT,20.0,expense,Food,LOCAL TEA & COFFEE,UPI
U001-T00588,U001,2026-09-28,SWIGGY QUICK BITE PAYMENT,60.0,expense,Food,SWIGGY QUICK BITE,UPI
U001-T00589,U001,2026-07-18,CHAI POINT PAYMENT,30.0,expense,Food,CHAI POINT,UPI
U001-T00590,U001,2026-07-05,STREET TIFFIN PAYMENT,20.0,expense,Food,STREET TIFFIN,UPI
U001-T00591,U001,2026-07-26,MOBILE TOP-UP PAYMENT,29.0,expense,Bills,MOBILE TOP-UP,UPI
U001-T00592,U001,2026-08-09,NAMMA METRO PAYMENT,35.0,expense,Transport,NAMMA METRO,UPI
U001-T00593,U001,2026-08-02,CHAI POINT PAYMENT,15.0,expense,Food,CHAI POINT,UPI
U001-T00594,U001,2026-08-06,STREET TIFFIN PAYMENT,20.0,expense,Food,STREET TIFFIN,UPI
U001-T00595,U001,2026-09-22,STREET TIFFIN PAYMENT,20.0,expense,Food,STREET TIFFIN,UPI
U001-T00596,U001,2026-08-17,BLINKIT DAILY PAYMENT,80.0,expense,Food,BLINKIT DAILY,UPI
U001-T00597,U001,2026-08-26,MOBILE TOP-UP PAYMENT,29.0,expense,Bills,MOBILE TOP-UP,UPI
U001-T00598,U001,2026-08-13,QUICK UPI TRANSFER PAYMENT,30.0,expense,Other,QUICK UPI TRANSFER,UPI
U001-T00599,U001,2026-09-27,SWIGGY QUICK BITE PAYMENT,85.0,expense,Food,SWIGGY QUICK BITE,UPI
U001-T00600,U001,2026-07-11,UBER AUTO PAYMENT,28.0,expense,Transport,UBER AUTO,UPI
U001-T00601,U001,2026-08-25,RAPIDO BIKE PAYMENT,22.0,expense,Transport,RAPIDO BIKE,UPI
U001-T00602,U001,2026-09-08,STREET TIFFIN PAYMENT,20.0,expense,Food,STREET TIFFIN,UPI
U001-T00603,U001,2026-07-11,STREET TIFFIN PAYMENT,35.0,expense,Food,STREET TIFFIN,UPI
U001-T00604,U001,2026-08-09,BLINKIT DAILY PAYMENT,80.0,expense,Food,BLINKIT DAILY,UPI
U001-T00605,U001,2026-07-22,AUTO RICKSHAW PAYMENT,40.0,expense,Transport,AUTO RICKSHAW,UPI
U001-T00606,U001,2026-08-27,CHAI POINT PAYMENT,20.0,expense,Food,CHAI POINT,UPI
U001-T00607,U001,2026-09-17,COMMUNITY CHARITY UPI PAYMENT,21.0,expense,Other,COMMUNITY CHARITY UPI,UPI
U001-T00608,U001,2026-09-20,QUICK UPI TRANSFER PAYMENT,10.0,expense,Other,QUICK UPI TRANSFER,UPI
U001-T00609,U001,2026-07-10,AUTO RICKSHAW PAYMENT,55.0,expense,Transport,AUTO RICKSHAW,UPI
U001-T00610,U001,2026-08-16,SWIGGY QUICK BITE PAYMENT,60.0,expense,Food,SWIGGY QUICK BITE,UPI
U001-T00611,U001,2026-07-04,LOCAL TEA & COFFEE PAYMENT,20.0,expense,Food,LOCAL TEA & COFFEE,UPI
U001-T00612,U001,2026-07-05,LOCAL TEA & COFFEE PAYMENT,12.0,expense,Food,LOCAL TEA & COFFEE,UPI
U001-T00613,U001,2026-09-21,ZEPTO QUICK ESSENTIALS PAYMENT,75.0,expense,Food,ZEPTO QUICK ESSENTIALS,UPI
U001-T00614,U001,2026-09-11,CHAI POINT PAYMENT,15.0,expense,Food,CHAI POINT,UPI
U001-T00615,U001,2026-09-25,BLINKIT DAILY PAYMENT,60.0,expense,Food,BLINKIT DAILY,UPI
U001-T00616,U001,2026-08-17,BLINKIT DAILY PAYMENT,30.0,expense,Food,BLINKIT DAILY,UPI
U001-T00617,U001,2026-09-12,LOCAL TEA & COFFEE PAYMENT,15.0,expense,Food,LOCAL TEA & COFFEE,UPI
U001-T00618,U001,2026-08-20,STREET TIFFIN PAYMENT,35.0,expense,Food,STREET TIFFIN,UPI
U001-T00619,U001,2026-08-01,QUICK UPI TRANSFER PAYMENT,10.0,expense,Other,QUICK UPI TRANSFER,UPI
U001-T00620,U001,2026-07-24,SWIGGY QUICK BITE PAYMENT,110.0,expense,Food,SWIGGY QUICK BITE,UPI
U001-T00621,U001,2026-09-10,LOCAL TEA & COFFEE PAYMENT,15.0,expense,Food,LOCAL TEA & COFFEE,UPI
U001-T00622,U001,2026-09-29,BLINKIT DAILY PAYMENT,60.0,expense,Food,BLINKIT DAILY,UPI
U001-T00623,U001,2026-09-27,COFFEE & CHAT PAYMENT,65.0,expense,Entertainment,COFFEE & CHAT,UPI
U001-T00624,U001,2026-07-26,LOCAL TEA & COFFEE PAYMENT,10.0,expense,Food,LOCAL TEA & COFFEE,UPI
U001-T00625,U001,2026-08-27,LOCAL TEA & COFFEE PAYMENT,20.0,expense,Food,LOCAL TEA & COFFEE,UPI
U001-T00626,U001,2026-07-12,STATIONERY SHOP PAYMENT,30.0,expense,Shopping,STATIONERY SHOP,UPI
U001-T00627,U001,2026-09-24,STREET TIFFIN PAYMENT,20.0,expense,Food,STREET TIFFIN,UPI
U001-T00628,U001,2026-09-09,NAMMA METRO PAYMENT,25.0,expense,Transport,NAMMA METRO,UPI
U001-T00629,U001,2026-07-21,AUTO RICKSHAW PAYMENT,30.0,expense,Transport,AUTO RICKSHAW,UPI
U001-T00630,U001,2026-08-16,SWIGGY QUICK BITE PAYMENT,40.0,expense,Food,SWIGGY QUICK BITE,UPI
U001-T00631,U001,2026-07-26,KIRANA STORE PAYMENT,25.0,expense,Shopping,KIRANA STORE,UPI
U001-T00632,U001,2026-09-02,CHAI POINT PAYMENT,20.0,expense,Food,CHAI POINT,UPI
U001-T00633,U001,2026-08-29,STATIONERY SHOP PAYMENT,20.0,expense,Shopping,STATIONERY SHOP,UPI
U001-T00634,U001,2026-09-17,MOBILE TOP-UP PAYMENT,19.0,expense,Bills,MOBILE TOP-UP,UPI
U001-T00635,U001,2026-08-09,ZEPTO QUICK ESSENTIALS PAYMENT,75.0,expense,Food,ZEPTO QUICK ESSENTIALS,UPI
U001-T00636,U001,2026-09-06,ZEPTO QUICK ESSENTIALS PAYMENT,75.0,expense,Food,ZEPTO QUICK ESSENTIALS,UPI
U001-T00637,U001,2026-09-12,CHAI POINT PAYMENT,20.0,expense,Food,CHAI POINT,UPI
U001-T00638,U001,2026-09-21,CHAI POINT PAYMENT,30.0,expense,Food,CHAI POINT,UPI
U001-T00639,U001,2026-09-26,NAMMA METRO PAYMENT,20.0,expense,Transport,NAMMA METRO,UPI
U001-T00640,U001,2026-09-09,RAPIDO BIKE PAYMENT,22.0,expense,Transport,RAPIDO BIKE,UPI
U001-T00641,U001,2026-07-17,BLINKIT DAILY PAYMENT,30.0,expense,Food,BLINKIT DAILY,UPI
U001-T00642,U001,2026-07-16,NAMMA METRO PAYMENT,25.0,expense,Transport,NAMMA METRO,UPI
U001-T00643,U001,2026-07-22,LOCAL TEA & COFFEE PAYMENT,12.0,expense,Food,LOCAL TEA & COFFEE,UPI
U001-T00644,U001,2026-08-14,PARKING FEE PAYMENT,20.0,expense,Other,PARKING FEE,UPI
U001-T00645,U001,2026-08-06,LOCAL PHARMACY STORE PAYMENT,45.0,expense,Healthcare,LOCAL PHARMACY STORE,UPI
U001-T00646,U001,2026-07-26,RAPIDO BIKE PAYMENT,30.0,expense,Transport,RAPIDO BIKE,UPI
U001-T00647,U001,2026-07-17,RAPIDO BIKE PAYMENT,15.0,expense,Transport,RAPIDO BIKE,UPI
U001-T00648,U001,2026-09-03,RAPIDO BIKE PAYMENT,22.0,expense,Transport,RAPIDO BIKE,UPI
U001-T00649,U001,2026-07-22,RAPIDO BIKE PAYMENT,30.0,expense,Transport,RAPIDO BIKE,UPI
U001-T00650,U001,2026-09-11,CHAI POINT PAYMENT,10.0,expense,Food,CHAI POINT,UPI
U001-T00651,U001,2026-07-11,CHAI POINT PAYMENT,20.0,expense,Food,CHAI POINT,UPI
U001-T00652,U001,2026-09-22,LOCAL BAKERY PAYMENT,35.0,expense,Food,LOCAL BAKERY,UPI
U001-T00653,U001,2026-09-18,RAPIDO BIKE PAYMENT,42.0,expense,Transport,RAPIDO BIKE,UPI
U001-T00654,U001,2026-09-19,NAMMA METRO PAYMENT,25.0,expense,Transport,NAMMA METRO,UPI
U001-T00655,U001,2026-08-31,LOCAL BAKERY PAYMENT,35.0,expense,Food,LOCAL BAKERY,UPI
U001-T00656,U001,2026-08-08,BLINKIT DAILY PAYMENT,30.0,expense,Food,BLINKIT DAILY,UPI
U001-T00657,U001,2026-07-21,BLINKIT DAILY PAYMENT,80.0,expense,Food,BLINKIT DAILY,UPI
U001-T00658,U001,2026-08-29,LOCAL TEA & COFFEE PAYMENT,12.0,expense,Food,LOCAL TEA & COFFEE,UPI
U001-T00659,U001,2026-08-10,CAMPUS PHOTOCOPY & NOTES PAYMENT,35.0,expense,Education,CAMPUS PHOTOCOPY & NOTES,UPI
U001-T00660,U001,2026-08-14,QUICK UPI TRANSFER PAYMENT,15.0,expense,Other,QUICK UPI TRANSFER,UPI
U001-T00661,U001,2026-08-17,NAMMA METRO PAYMENT,15.0,expense,Transport,NAMMA METRO,UPI
U001-T00662,U001,2026-08-10,LOCAL BAKERY PAYMENT,15.0,expense,Food,LOCAL BAKERY,UPI
U001-T00663,U001,2026-08-04,BLINKIT DAILY PAYMENT,40.0,expense,Food,BLINKIT DAILY,UPI
U001-T00664,U001,2026-07-13,CHAI POINT PAYMENT,30.0,expense,Food,CHAI POINT,UPI
U001-T00665,U001,2026-09-17,ZEPTO QUICK ESSENTIALS PAYMENT,35.0,expense,Food,ZEPTO QUICK ESSENTIALS,UPI
U001-T00666,U001,2026-08-11,PARKING FEE PAYMENT,20.0,expense,Other,PARKING FEE,UPI
U001-T00667,U001,2026-08-10,LOCAL TEA & COFFEE PAYMENT,12.0,expense,Food,LOCAL TEA & COFFEE,UPI
U001-T00668,U001,2026-09-02,COMMUNITY CHARITY UPI PAYMENT,21.0,expense,Other,COMMUNITY CHARITY UPI,UPI
U001-T00669,U001,2026-09-02,MOBILE TOP-UP PAYMENT,29.0,expense,Bills,MOBILE TOP-UP,UPI
U001-T00670,U001,2026-07-03,CHAI POINT PAYMENT,30.0,expense,Food,CHAI POINT,UPI
U001-T00671,U001,2026-09-03,BLINKIT DAILY PAYMENT,40.0,expense,Food,BLINKIT DAILY,UPI
U001-T00672,U001,2026-07-28,NAMMA METRO PAYMENT,15.0,expense,Transport,NAMMA METRO,UPI
U001-T00673,U001,2026-07-07,LOCAL BAKERY PAYMENT,35.0,expense,Food,LOCAL BAKERY,UPI
U001-T00674,U001,2026-08-06,NAMMA METRO PAYMENT,15.0,expense,Transport,NAMMA METRO,UPI
U001-T00675,U001,2026-08-25,LOCAL TEA & COFFEE PAYMENT,15.0,expense,Food,LOCAL TEA & COFFEE,UPI
U001-T00676,U001,2026-08-16,KIRANA STORE PAYMENT,35.0,expense,Shopping,KIRANA STORE,UPI
U001-T00677,U001,2026-07-06,ZEPTO QUICK ESSENTIALS PAYMENT,35.0,expense,Food,ZEPTO QUICK ESSENTIALS,UPI
U001-T00678,U001,2026-08-16,NAMMA METRO PAYMENT,15.0,expense,Transport,NAMMA METRO,UPI
U001-T00679,U001,2026-08-19,SWIGGY QUICK BITE PAYMENT,85.0,expense,Food,SWIGGY QUICK BITE,UPI
U001-T00680,U001,2026-09-18,AUTO RICKSHAW PAYMENT,20.0,expense,Transport,AUTO RICKSHAW,UPI
U001-T00681,U001,2026-07-17,QUICK UPI TRANSFER PAYMENT,30.0,expense,Other,QUICK UPI TRANSFER,UPI
U001-T00682,U001,2026-08-17,KIRANA STORE PAYMENT,35.0,expense,Shopping,KIRANA STORE,UPI
U001-T00683,U001,2026-09-10,PARKING FEE PAYMENT,10.0,expense,Other,PARKING FEE,UPI
U001-T00684,U001,2026-07-26,RAPIDO BIKE PAYMENT,42.0,expense,Transport,RAPIDO BIKE,UPI
U001-T00685,U001,2026-09-03,CHAI POINT PAYMENT,10.0,expense,Food,CHAI POINT,UPI
U001-T00686,U001,2026-07-18,AUTO RICKSHAW PAYMENT,55.0,expense,Transport,AUTO RICKSHAW,UPI
U001-T00687,U001,2026-09-05,BLINKIT DAILY PAYMENT,40.0,expense,Food,BLINKIT DAILY,UPI
U001-T00688,U001,2026-08-11,PARKING FEE PAYMENT,15.0,expense,Other,PARKING FEE,UPI
U001-T00689,U001,2026-07-21,ZEPTO QUICK ESSENTIALS PAYMENT,50.0,expense,Food,ZEPTO QUICK ESSENTIALS,UPI
U001-T00690,U001,2026-09-14,STREET TIFFIN PAYMENT,50.0,expense,Food,STREET TIFFIN,UPI
U001-T00691,U001,2026-09-29,NAMMA METRO PAYMENT,35.0,expense,Transport,NAMMA METRO,UPI
U001-T00692,U001,2026-07-03,ZEPTO QUICK ESSENTIALS PAYMENT,25.0,expense,Food,ZEPTO QUICK ESSENTIALS,UPI
U001-T00693,U001,2026-08-23,NAMMA METRO PAYMENT,15.0,expense,Transport,NAMMA METRO,UPI
U001-T00694,U001,2026-09-15,BLINKIT DAILY PAYMENT,40.0,expense,Food,BLINKIT DAILY,UPI
U001-T00695,U001,2026-07-07,NAMMA METRO PAYMENT,20.0,expense,Transport,NAMMA METRO,UPI
U001-T00696,U001,2026-09-06,RAPIDO BIKE PAYMENT,42.0,expense,Transport,RAPIDO BIKE,UPI
U001-T00697,U001,2026-07-19,STATIONERY SHOP PAYMENT,20.0,expense,Shopping,STATIONERY SHOP,UPI
U001-T00698,U001,2026-07-05,NAMMA METRO PAYMENT,15.0,expense,Transport,NAMMA METRO,UPI
U001-T00699,U001,2026-07-25,CHAI POINT PAYMENT,20.0,expense,Food,CHAI POINT,UPI
U001-T00700,U001,2026-08-23,LOCAL TEA & COFFEE PAYMENT,12.0,expense,Food,LOCAL TEA & COFFEE,UPI
U001-T00701,U001,2026-08-22,SWIGGY QUICK BITE PAYMENT,110.0,expense,Food,SWIGGY QUICK BITE,UPI
U001-T00702,U001,2026-07-08,AUTO RICKSHAW PAYMENT,30.0,expense,Transport,AUTO RICKSHAW,UPI
U001-T00703,U001,2026-09-10,STREET TIFFIN PAYMENT,50.0,expense,Food,STREET TIFFIN,UPI
U001-T00704,U001,2026-09-06,ZEPTO QUICK ESSENTIALS PAYMENT,35.0,expense,Food,ZEPTO QUICK ESSENTIALS,UPI
U001-T00705,U001,2026-08-28,COFFEE & CHAT PAYMENT,45.0,expense,Entertainment,COFFEE & CHAT,UPI
U001-T00706,U001,2026-09-08,STREET TIFFIN PAYMENT,35.0,expense,Food,STREET TIFFIN,UPI
U001-T00707,U001,2026-09-17,SWIGGY QUICK BITE PAYMENT,60.0,expense,Food,SWIGGY QUICK BITE,UPI
U001-T00708,U001,2026-08-05,NAMMA METRO PAYMENT,20.0,expense,Transport,NAMMA METRO,UPI
U001-T00709,U001,2026-08-08,KIRANA STORE PAYMENT,25.0,expense,Shopping,KIRANA STORE,UPI
U001-T00710,U001,2026-09-27,AUTO RICKSHAW PAYMENT,40.0,expense,Transport,AUTO RICKSHAW,UPI
U001-T00711,U001,2026-08-31,STREET TIFFIN PAYMENT,35.0,expense,Food,STREET TIFFIN,UPI
U001-T00712,U001,2026-08-06,LOCAL TEA & COFFEE PAYMENT,20.0,expense,Food,LOCAL TEA & COFFEE,UPI
U001-T00713,U001,2026-08-20,STATIONERY SHOP PAYMENT,20.0,expense,Shopping,STATIONERY SHOP,UPI
U001-T00714,U001,2026-08-07,CHAI POINT PAYMENT,10.0,expense,Food,CHAI POINT,UPI
U001-T00715,U001,2026-08-14,PARKING FEE PAYMENT,20.0,expense,Other,PARKING FEE,UPI
U001-T00716,U001,2026-08-02,UBER AUTO PAYMENT,42.0,expense,Transport,UBER AUTO,UPI
U001-T00717,U001,2026-07-26,STATIONERY SHOP PAYMENT,30.0,expense,Shopping,STATIONERY SHOP,UPI
U001-T00718,U001,2026-09-10,AUTO RICKSHAW PAYMENT,30.0,expense,Transport,AUTO RICKSHAW,UPI
U001-T00719,U001,2026-07-14,RAPIDO BIKE PAYMENT,22.0,expense,Transport,RAPIDO BIKE,UPI
U001-T00720,U001,2026-08-01,CHAI POINT PAYMENT,15.0,expense,Food,CHAI POINT,UPI
U001-T00721,U001,2026-09-20,LOCAL BAKERY PAYMENT,15.0,expense,Food,LOCAL BAKERY,UPI
U001-T00722,U001,2026-08-22,STREET TIFFIN PAYMENT,50.0,expense,Food,STREET TIFFIN,UPI
U001-T00723,U001,2026-07-13,AUTO RICKSHAW PAYMENT,30.0,expense,Transport,AUTO RICKSHAW,UPI
U001-T00724,U001,2026-07-01,QUICK UPI TRANSFER PAYMENT,15.0,expense,Other,QUICK UPI TRANSFER,UPI
U001-T00725,U001,2026-08-22,RAPIDO BIKE PAYMENT,42.0,expense,Transport,RAPIDO BIKE,UPI
U001-T00726,U001,2026-08-31,RAPIDO BIKE PAYMENT,30.0,expense,Transport,RAPIDO BIKE,UPI
U001-T00727,U001,2026-08-11,LOCAL BAKERY PAYMENT,15.0,expense,Food,LOCAL BAKERY,UPI
U001-T00728,U001,2026-07-12,RAPIDO BIKE PAYMENT,22.0,expense,Transport,RAPIDO BIKE,UPI
U001-T00729,U001,2026-09-07,UBER AUTO PAYMENT,28.0,expense,Transport,UBER AUTO,UPI
U001-T00730,U001,2026-07-23,ZEPTO QUICK ESSENTIALS PAYMENT,35.0,expense,Food,ZEPTO QUICK ESSENTIALS,UPI
U001-T00731,U001,2026-07-05,COMMUNITY CHARITY UPI PAYMENT,21.0,expense,Other,COMMUNITY CHARITY UPI,UPI
U001-T00732,U001,2026-09-02,LOCAL TEA & COFFEE PAYMENT,15.0,expense,Food,LOCAL TEA & COFFEE,UPI
U001-T00733,U001,2026-07-05,CHAI POINT PAYMENT,10.0,expense,Food,CHAI POINT,UPI
U001-T00734,U001,2026-08-12,LOCAL BAKERY PAYMENT,35.0,expense,Food,LOCAL BAKERY,UPI
U001-T00735,U001,2026-07-18,LOCAL PHARMACY STORE PAYMENT,65.0,expense,Healthcare,LOCAL PHARMACY STORE,UPI
U001-T00736,U001,2026-08-04,LOCAL TEA & COFFEE PAYMENT,10.0,expense,Food,LOCAL TEA & COFFEE,UPI
U001-T00737,U001,2026-08-12,LOCAL TEA & COFFEE PAYMENT,20.0,expense,Food,LOCAL TEA & COFFEE,UPI
U001-T00738,U001,2026-09-21,LOCAL BAKERY PAYMENT,20.0,expense,Food,LOCAL BAKERY,UPI
U001-T00739,U001,2026-07-02,UBER AUTO PAYMENT,60.0,expense,Transport,UBER AUTO,UPI
U001-T00740,U001,2026-09-11,AUTO RICKSHAW PAYMENT,30.0,expense,Transport,AUTO RICKSHAW,UPI
U001-T00741,U001,2026-07-23,RAPIDO BIKE PAYMENT,42.0,expense,Transport,RAPIDO BIKE,UPI
U001-T00742,U001,2026-08-24,NAMMA METRO PAYMENT,15.0,expense,Transport,NAMMA METRO,UPI
U001-T00743,U001,2026-08-21,AUTO RICKSHAW PAYMENT,30.0,expense,Transport,AUTO RICKSHAW,UPI
U001-T00744,U001,2026-07-18,SWIGGY QUICK BITE PAYMENT,60.0,expense,Food,SWIGGY QUICK BITE,UPI
U001-T00745,U001,2026-07-01,LOCAL BAKERY PAYMENT,20.0,expense,Food,LOCAL BAKERY,UPI
U001-T00746,U001,2026-08-27,UBER AUTO PAYMENT,60.0,expense,Transport,UBER AUTO,UPI
U001-T00747,U001,2026-08-08,NAMMA METRO PAYMENT,15.0,expense,Transport,NAMMA METRO,UPI
U001-T00748,U001,2026-08-03,RAPIDO BIKE PAYMENT,22.0,expense,Transport,RAPIDO BIKE,UPI
U001-T00749,U001,2026-07-08,AUTO RICKSHAW PAYMENT,55.0,expense,Transport,AUTO RICKSHAW,UPI
U001-T00750,U001,2026-08-09,LOCAL TEA & COFFEE PAYMENT,15.0,expense,Food,LOCAL TEA & COFFEE,UPI
U001-T00751,U001,2026-09-27,LOCAL TEA & COFFEE PAYMENT,15.0,expense,Food,LOCAL TEA & COFFEE,UPI
U001-T00752,U001,2026-08-17,RAPIDO BIKE PAYMENT,22.0,expense,Transport,RAPIDO BIKE,UPI
U001-T00753,U001,2026-07-18,SWIGGY QUICK BITE PAYMENT,110.0,expense,Food,SWIGGY QUICK BITE,UPI
U001-T00754,U001,2026-09-16,ZEPTO QUICK ESSENTIALS PAYMENT,75.0,expense,Food,ZEPTO QUICK ESSENTIALS,UPI
U001-T00755,U001,2026-09-07,STATIONERY SHOP PAYMENT,20.0,expense,Shopping,STATIONERY SHOP,UPI
U001-T00756,U001,2026-08-01,AUTO RICKSHAW PAYMENT,20.0,expense,Transport,AUTO RICKSHAW,UPI
U001-T00757,U001,2026-09-06,BLINKIT DAILY PAYMENT,60.0,expense,Food,BLINKIT DAILY,UPI
U001-T00758,U001,2026-07-10,COFFEE & CHAT PAYMENT,20.0,expense,Entertainment,COFFEE & CHAT,UPI
U001-T00759,U001,2026-07-08,LOCAL PHARMACY STORE PAYMENT,28.0,expense,Healthcare,LOCAL PHARMACY STORE,UPI
U001-T00760,U001,2026-09-12,NAMMA METRO PAYMENT,20.0,expense,Transport,NAMMA METRO,UPI
U001-T00761,U001,2026-08-11,LOCAL PHARMACY STORE PAYMENT,65.0,expense,Healthcare,LOCAL PHARMACY STORE,UPI
U001-T00762,U001,2026-07-15,AUTO RICKSHAW PAYMENT,55.0,expense,Transport,AUTO RICKSHAW,UPI
U001-T00763,U001,2026-07-12,COFFEE & CHAT PAYMENT,65.0,expense,Entertainment,COFFEE & CHAT,UPI
U001-T00764,U001,2026-07-08,BLINKIT DAILY PAYMENT,80.0,expense,Food,BLINKIT DAILY,UPI
U001-T00765,U001,2026-08-28,NAMMA METRO PAYMENT,35.0,expense,Transport,NAMMA METRO,UPI
U001-T00766,U001,2026-09-25,STATIONERY SHOP PAYMENT,12.0,expense,Shopping,STATIONERY SHOP,UPI
U001-T00767,U001,2026-08-20,LOCAL BAKERY PAYMENT,15.0,expense,Food,LOCAL BAKERY,UPI
U001-T00768,U001,2026-07-28,NAMMA METRO PAYMENT,15.0,expense,Transport,NAMMA METRO,UPI
U001-T00769,U001,2026-08-24,STREET TIFFIN PAYMENT,20.0,expense,Food,STREET TIFFIN,UPI
U001-T00770,U001,2026-09-08,COMMUNITY CHARITY UPI PAYMENT,11.0,expense,Other,COMMUNITY CHARITY UPI,UPI
U001-T00771,U001,2026-08-30,CHAI POINT PAYMENT,30.0,expense,Food,CHAI POINT,UPI
U001-T00772,U001,2026-07-24,KIRANA STORE PAYMENT,55.0,expense,Shopping,KIRANA STORE,UPI
U001-T00773,U001,2026-08-17,COMMUNITY CHARITY UPI PAYMENT,21.0,expense,Other,COMMUNITY CHARITY UPI,UPI
U001-T00774,U001,2026-08-27,CAMPUS PHOTOCOPY & NOTES PAYMENT,50.0,expense,Education,CAMPUS PHOTOCOPY & NOTES,UPI
U001-T00775,U001,2026-08-18,CHAI POINT PAYMENT,15.0,expense,Food,CHAI POINT,UPI
U001-T00776,U001,2026-09-22,CAMPUS PHOTOCOPY & NOTES PAYMENT,10.0,expense,Education,CAMPUS PHOTOCOPY & NOTES,UPI
U001-T00777,U001,2026-07-23,COMMUNITY CHARITY UPI PAYMENT,21.0,expense,Other,COMMUNITY CHARITY UPI,UPI
U001-T00778,U001,2026-09-06,LOCAL TEA & COFFEE PAYMENT,12.0,expense,Food,LOCAL TEA & COFFEE,UPI
U001-T00779,U001,2026-07-01,UBER AUTO PAYMENT,60.0,expense,Transport,UBER AUTO,UPI
U001-T00780,U001,2026-08-29,AUTO RICKSHAW PAYMENT,55.0,expense,Transport,AUTO RICKSHAW,UPI
U001-T00781,U001,2026-09-07,ZEPTO QUICK ESSENTIALS PAYMENT,35.0,expense,Food,ZEPTO QUICK ESSENTIALS,UPI
U001-T00782,U001,2026-08-01,BLINKIT DAILY PAYMENT,40.0,expense,Food,BLINKIT DAILY,UPI
U001-T00783,U001,2026-08-05,LOCAL TEA & COFFEE PAYMENT,10.0,expense,Food,LOCAL TEA & COFFEE,UPI
U001-T00784,U001,2026-07-05,STATIONERY SHOP PAYMENT,45.0,expense,Shopping,STATIONERY SHOP,UPI
U001-T00785,U001,2026-09-17,KIRANA STORE PAYMENT,15.0,expense,Shopping,KIRANA STORE,UPI
U001-T00786,U001,2026-07-31,LOCAL TEA & COFFEE PAYMENT,10.0,expense,Food,LOCAL TEA & COFFEE,UPI
U001-T00787,U001,2026-09-15,CHAI POINT PAYMENT,10.0,expense,Food,CHAI POINT,UPI
U001-T00788,U001,2026-08-01,UBER AUTO PAYMENT,75.0,expense,Transport,UBER AUTO,UPI
U001-T00789,U001,2026-08-26,LOCAL BAKERY PAYMENT,20.0,expense,Food,LOCAL BAKERY,UPI
U001-T00790,U001,2026-07-08,LOCAL TEA & COFFEE PAYMENT,15.0,expense,Food,LOCAL TEA & COFFEE,UPI
U001-T00791,U001,2026-07-30,STATIONERY SHOP PAYMENT,30.0,expense,Shopping,STATIONERY SHOP,UPI
U001-T00792,U001,2026-09-12,RAPIDO BIKE PAYMENT,30.0,expense,Transport,RAPIDO BIKE,UPI
U001-T00793,U001,2026-07-31,STREET TIFFIN PAYMENT,25.0,expense,Food,STREET TIFFIN,UPI
U001-T00794,U001,2026-09-23,NAMMA METRO PAYMENT,35.0,expense,Transport,NAMMA METRO,UPI
U001-T00795,U001,2026-08-08,LOCAL BAKERY PAYMENT,20.0,expense,Food,LOCAL BAKERY,UPI
U001-T00796,U001,2026-09-19,AUTO RICKSHAW PAYMENT,55.0,expense,Transport,AUTO RICKSHAW,UPI
U001-T00797,U001,2026-07-07,QUICK UPI TRANSFER PAYMENT,30.0,expense,Other,QUICK UPI TRANSFER,UPI
U001-T00798,U001,2026-09-06,STREET TIFFIN PAYMENT,50.0,expense,Food,STREET TIFFIN,UPI
U001-T00799,U001,2026-08-22,LOCAL TEA & COFFEE PAYMENT,20.0,expense,Food,LOCAL TEA & COFFEE,UPI
U001-T00800,U001,2026-07-24,UBER AUTO PAYMENT,75.0,expense,Transport,UBER AUTO,UPI
U001-T00801,U001,2026-07-31,LOCAL PHARMACY STORE PAYMENT,45.0,expense,Healthcare,LOCAL PHARMACY STORE,UPI
U001-T00802,U001,2026-09-29,LOCAL TEA & COFFEE PAYMENT,20.0,expense,Food,LOCAL TEA & COFFEE,UPI
U001-T00803,U001,2026-07-08,NAMMA METRO PAYMENT,35.0,expense,Transport,NAMMA METRO,UPI
U001-T00804,U001,2026-09-10,NAMMA METRO PAYMENT,35.0,expense,Transport,NAMMA METRO,UPI
U001-T00805,U001,2026-08-01,LOCAL BAKERY PAYMENT,25.0,expense,Food,LOCAL BAKERY,UPI
U001-T00806,U001,2026-09-21,CHAI POINT PAYMENT,30.0,expense,Food,CHAI POINT,UPI
U001-T00807,U001,2026-08-17,CHAI POINT PAYMENT,15.0,expense,Food,CHAI POINT,UPI
U001-T00808,U001,2026-07-07,LOCAL BAKERY PAYMENT,15.0,expense,Food,LOCAL BAKERY,UPI
U001-T00809,U001,2026-07-10,LOCAL TEA & COFFEE PAYMENT,12.0,expense,Food,LOCAL TEA & COFFEE,UPI
U001-T00810,U001,2026-08-31,LOCAL TEA & COFFEE PAYMENT,15.0,expense,Food,LOCAL TEA & COFFEE,UPI
U001-T00811,U001,2026-08-08,QUICK UPI TRANSFER PAYMENT,10.0,expense,Other,QUICK UPI TRANSFER,UPI
U001-T00812,U001,2026-07-28,PARKING FEE PAYMENT,20.0,expense,Other,PARKING FEE,UPI
U001-T00813,U001,2026-07-16,UBER AUTO PAYMENT,75.0,expense,Transport,UBER AUTO,UPI
U001-T00814,U001,2026-08-01,AUTO RICKSHAW PAYMENT,30.0,expense,Transport,AUTO RICKSHAW,UPI
U001-T00815,U001,2026-08-20,COFFEE & CHAT PAYMENT,45.0,expense,Entertainment,COFFEE & CHAT,UPI
U001-T00816,U001,2026-08-06,ZEPTO QUICK ESSENTIALS PAYMENT,50.0,expense,Food,ZEPTO QUICK ESSENTIALS,UPI
U001-T00817,U001,2026-08-09,LOCAL BAKERY PAYMENT,35.0,expense,Food,LOCAL BAKERY,UPI
U001-T00818,U001,2026-08-29,CHAI POINT PAYMENT,30.0,expense,Food,CHAI POINT,UPI
U001-T00819,U001,2026-08-10,COFFEE & CHAT PAYMENT,45.0,expense,Entertainment,COFFEE & CHAT,UPI
U001-T00820,U001,2026-08-10,ZEPTO QUICK ESSENTIALS PAYMENT,35.0,expense,Food,ZEPTO QUICK ESSENTIALS,UPI
U001-T00821,U001,2026-07-19,CHAI POINT PAYMENT,30.0,expense,Food,CHAI POINT,UPI
U001-T00822,U001,2026-08-07,LOCAL TEA & COFFEE PAYMENT,15.0,expense,Food,LOCAL TEA & COFFEE,UPI
U001-T00823,U001,2026-07-30,ZEPTO QUICK ESSENTIALS PAYMENT,35.0,expense,Food,ZEPTO QUICK ESSENTIALS,UPI
U001-T00824,U001,2026-09-02,NAMMA METRO PAYMENT,25.0,expense,Transport,NAMMA METRO,UPI
U001-T00825,U001,2026-08-02,KIRANA STORE PAYMENT,55.0,expense,Shopping,KIRANA STORE,UPI
U001-T00826,U001,2026-09-21,UBER AUTO PAYMENT,75.0,expense,Transport,UBER AUTO,UPI
U001-T00827,U001,2026-07-22,UBER AUTO PAYMENT,60.0,expense,Transport,UBER AUTO,UPI
U001-T00828,U001,2026-07-22,LOCAL TEA & COFFEE PAYMENT,20.0,expense,Food,LOCAL TEA & COFFEE,UPI
U001-T00829,U001,2026-07-24,COFFEE & CHAT PAYMENT,20.0,expense,Entertainment,COFFEE & CHAT,UPI
U001-T00830,U001,2026-09-06,CHAI POINT PAYMENT,10.0,expense,Food,CHAI POINT,UPI
U001-T00831,U001,2026-09-24,CHAI POINT PAYMENT,10.0,expense,Food,CHAI POINT,UPI
U001-T00832,U001,2026-08-22,LOCAL TEA & COFFEE PAYMENT,12.0,expense,Food,LOCAL TEA & COFFEE,UPI
U001-T00833,U001,2026-07-09,AUTO RICKSHAW PAYMENT,20.0,expense,Transport,AUTO RICKSHAW,UPI
U001-T00834,U001,2026-07-28,SWIGGY QUICK BITE PAYMENT,85.0,expense,Food,SWIGGY QUICK BITE,UPI
U001-T00835,U001,2026-07-08,RAPIDO BIKE PAYMENT,42.0,expense,Transport,RAPIDO BIKE,UPI
U001-T00836,U001,2026-09-23,SWIGGY QUICK BITE PAYMENT,40.0,expense,Food,SWIGGY QUICK BITE,UPI
U001-T00837,U001,2026-09-07,NAMMA METRO PAYMENT,15.0,expense,Transport,NAMMA METRO,UPI
U001-T00838,U001,2026-07-03,NAMMA METRO PAYMENT,25.0,expense,Transport,NAMMA METRO,UPI
U001-T00839,U001,2026-09-07,QUICK UPI TRANSFER PAYMENT,10.0,expense,Other,QUICK UPI TRANSFER,UPI
U001-T00840,U001,2026-09-03,STATIONERY SHOP PAYMENT,45.0,expense,Shopping,STATIONERY SHOP,UPI
U001-T00841,U001,2026-07-23,CHAI POINT PAYMENT,10.0,expense,Food,CHAI POINT,UPI
U001-T00842,U001,2026-09-06,LOCAL TEA & COFFEE PAYMENT,12.0,expense,Food,LOCAL TEA & COFFEE,UPI
U001-T00843,U001,2026-09-18,NAMMA METRO PAYMENT,25.0,expense,Transport,NAMMA METRO,UPI
U001-T00844,U001,2026-08-04,KIRANA STORE PAYMENT,15.0,expense,Shopping,KIRANA STORE,UPI
U001-T00845,U001,2026-08-17,QUICK UPI TRANSFER PAYMENT,30.0,expense,Other,QUICK UPI TRANSFER,UPI
U001-T00846,U001,2026-09-11,LOCAL BAKERY PAYMENT,20.0,expense,Food,LOCAL BAKERY,UPI
U001-T00847,U001,2026-08-08,AUTO RICKSHAW PAYMENT,20.0,expense,Transport,AUTO RICKSHAW,UPI
U001-T00848,U001,2026-09-22,COMMUNITY CHARITY UPI PAYMENT,51.0,expense,Other,COMMUNITY CHARITY UPI,UPI
U001-T00849,U001,2026-07-05,CHAI POINT PAYMENT,30.0,expense,Food,CHAI POINT,UPI
U001-T00850,U001,2026-08-18,NAMMA METRO PAYMENT,15.0,expense,Transport,NAMMA METRO,UPI
U001-T00851,U001,2026-09-20,CHAI POINT PAYMENT,15.0,expense,Food,CHAI POINT,UPI
U001-T00852,U001,2026-07-11,SWIGGY QUICK BITE PAYMENT,110.0,expense,Food,SWIGGY QUICK BITE,UPI
U001-T00853,U001,2026-09-21,KIRANA STORE PAYMENT,15.0,expense,Shopping,KIRANA STORE,UPI
U001-T00854,U001,2026-09-06,COFFEE & CHAT PAYMENT,30.0,expense,Entertainment,COFFEE & CHAT,UPI
U001-T00855,U001,2026-07-28,COFFEE & CHAT PAYMENT,65.0,expense,Entertainment,COFFEE & CHAT,UPI
U001-T00856,U001,2026-08-04,CHAI POINT PAYMENT,10.0,expense,Food,CHAI POINT,UPI
U001-T00857,U001,2026-09-26,PARKING FEE PAYMENT,20.0,expense,Other,PARKING FEE,UPI
U001-T00858,U001,2026-09-11,RAPIDO BIKE PAYMENT,22.0,expense,Transport,RAPIDO BIKE,UPI
U001-T00859,U001,2026-08-10,CHAI POINT PAYMENT,15.0,expense,Food,CHAI POINT,UPI
U001-T00860,U001,2026-09-14,LOCAL TEA & COFFEE PAYMENT,20.0,expense,Food,LOCAL TEA & COFFEE,UPI
U001-T00861,U001,2026-07-10,STREET TIFFIN PAYMENT,25.0,expense,Food,STREET TIFFIN,UPI
U001-T00862,U001,2026-09-11,LOCAL PHARMACY STORE PAYMENT,65.0,expense,Healthcare,LOCAL PHARMACY STORE,UPI
U001-T00863,U001,2026-09-25,COFFEE & CHAT PAYMENT,45.0,expense,Entertainment,COFFEE & CHAT,UPI
U001-T00864,U001,2026-08-19,UBER AUTO PAYMENT,42.0,expense,Transport,UBER AUTO,UPI
U001-T00865,U001,2026-09-27,UBER AUTO PAYMENT,60.0,expense,Transport,UBER AUTO,UPI
U001-T00866,U001,2026-07-07,CHAI POINT PAYMENT,15.0,expense,Food,CHAI POINT,UPI
U001-T00867,U001,2026-07-10,STREET TIFFIN PAYMENT,50.0,expense,Food,STREET TIFFIN,UPI
U001-T00868,U001,2026-08-11,CHAI POINT PAYMENT,20.0,expense,Food,CHAI POINT,UPI
U001-T00869,U001,2026-08-27,SWIGGY QUICK BITE PAYMENT,85.0,expense,Food,SWIGGY QUICK BITE,UPI
U001-T00870,U001,2026-09-09,PARKING FEE PAYMENT,15.0,expense,Other,PARKING FEE,UPI
U001-T00871,U001,2026-07-24,AUTO RICKSHAW PAYMENT,55.0,expense,Transport,AUTO RICKSHAW,UPI
U001-T00872,U001,2026-07-11,KIRANA STORE PAYMENT,35.0,expense,Shopping,KIRANA STORE,UPI
U001-T00873,U001,2026-08-01,AUTO RICKSHAW PAYMENT,20.0,expense,Transport,AUTO RICKSHAW,UPI
U001-T00874,U001,2026-08-04,LOCAL TEA & COFFEE PAYMENT,12.0,expense,Food,LOCAL TEA & COFFEE,UPI
U001-T00875,U001,2026-08-19,STREET TIFFIN PAYMENT,20.0,expense,Food,STREET TIFFIN,UPI
U001-T00876,U001,2026-07-12,CHAI POINT PAYMENT,20.0,expense,Food,CHAI POINT,UPI
U001-T00877,U001,2026-08-26,STREET TIFFIN PAYMENT,35.0,expense,Food,STREET TIFFIN,UPI
U001-T00878,U001,2026-07-14,LOCAL TEA & COFFEE PAYMENT,12.0,expense,Food,LOCAL TEA & COFFEE,UPI
U001-T00879,U001,2026-08-25,BLINKIT DAILY PAYMENT,80.0,expense,Food,BLINKIT DAILY,UPI
U001-T00880,U001,2026-07-14,CHAI POINT PAYMENT,20.0,expense,Food,CHAI POINT,UPI
U001-T00881,U001,2026-09-09,CHAI POINT PAYMENT,20.0,expense,Food,CHAI POINT,UPI
U001-T00882,U001,2026-08-19,CHAI POINT PAYMENT,30.0,expense,Food,CHAI POINT,UPI
U001-T00883,U001,2026-08-19,KIRANA STORE PAYMENT,25.0,expense,Shopping,KIRANA STORE,UPI
U001-T00884,U001,2026-09-12,NAMMA METRO PAYMENT,35.0,expense,Transport,NAMMA METRO,UPI
U001-T00885,U001,2026-07-22,LOCAL TEA & COFFEE PAYMENT,15.0,expense,Food,LOCAL TEA & COFFEE,UPI
U001-T00886,U001,2026-08-04,SWIGGY QUICK BITE PAYMENT,40.0,expense,Food,SWIGGY QUICK BITE,UPI
U001-T00887,U001,2026-07-22,BLINKIT DAILY PAYMENT,80.0,expense,Food,BLINKIT DAILY,UPI
U001-T00888,U001,2026-08-08,SWIGGY QUICK BITE PAYMENT,40.0,expense,Food,SWIGGY QUICK BITE,UPI
U001-T00889,U001,2026-08-16,LOCAL BAKERY PAYMENT,20.0,expense,Food,LOCAL BAKERY,UPI
U001-T00890,U001,2026-09-19,SWIGGY QUICK BITE PAYMENT,60.0,expense,Food,SWIGGY QUICK BITE,UPI
U001-T00891,U001,2026-08-28,CHAI POINT PAYMENT,20.0,expense,Food,CHAI POINT,UPI
U001-T00892,U001,2026-07-01,PARKING FEE PAYMENT,15.0,expense,Other,PARKING FEE,UPI
U001-T00893,U001,2026-09-18,ZEPTO QUICK ESSENTIALS PAYMENT,50.0,expense,Food,ZEPTO QUICK ESSENTIALS,UPI
U001-T00894,U001,2026-08-26,STREET TIFFIN PAYMENT,25.0,expense,Food,STREET TIFFIN,UPI
U001-T00895,U001,2026-08-08,STREET TIFFIN PAYMENT,25.0,expense,Food,STREET TIFFIN,UPI
U001-T00896,U001,2026-08-31,STREET TIFFIN PAYMENT,50.0,expense,Food,STREET TIFFIN,UPI
U001-T00897,U001,2026-08-10,STREET TIFFIN PAYMENT,50.0,expense,Food,STREET TIFFIN,UPI
U001-T00898,U001,2026-09-12,KIRANA STORE PAYMENT,35.0,expense,Shopping,KIRANA STORE,UPI
U001-T00899,U001,2026-08-18,LOCAL BAKERY PAYMENT,35.0,expense,Food,LOCAL BAKERY,UPI
U001-T00900,U001,2026-08-16,CHAI POINT PAYMENT,15.0,expense,Food,CHAI POINT,UPI
U001-T00901,U001,2026-09-14,COMMUNITY CHARITY UPI PAYMENT,11.0,expense,Other,COMMUNITY CHARITY UPI,UPI
U001-T00902,U001,2026-09-26,KIRANA STORE PAYMENT,15.0,expense,Shopping,KIRANA STORE,UPI
U001-T00903,U001,2026-08-29,PARKING FEE PAYMENT,10.0,expense,Other,PARKING FEE,UPI
U001-T00904,U001,2026-08-26,KIRANA STORE PAYMENT,15.0,expense,Shopping,KIRANA STORE,UPI
U001-T00905,U001,2026-08-22,AUTO RICKSHAW PAYMENT,30.0,expense,Transport,AUTO RICKSHAW,UPI
U001-T00906,U001,2026-09-20,STREET TIFFIN PAYMENT,35.0,expense,Food,STREET TIFFIN,UPI
U001-T00907,U001,2026-09-23,LOCAL TEA & COFFEE PAYMENT,20.0,expense,Food,LOCAL TEA & COFFEE,UPI
U001-T00908,U001,2026-08-18,CHAI POINT PAYMENT,30.0,expense,Food,CHAI POINT,UPI
U001-T00909,U001,2026-09-13,ZEPTO QUICK ESSENTIALS PAYMENT,75.0,expense,Food,ZEPTO QUICK ESSENTIALS,UPI
U001-T00910,U001,2026-09-08,CHAI POINT PAYMENT,20.0,expense,Food,CHAI POINT,UPI
U001-T00911,U001,2026-09-28,COFFEE & CHAT PAYMENT,20.0,expense,Entertainment,COFFEE & CHAT,UPI
U001-T00912,U001,2026-07-14,KIRANA STORE PAYMENT,35.0,expense,Shopping,KIRANA STORE,UPI
U001-T00913,U001,2026-07-22,RAPIDO BIKE PAYMENT,15.0,expense,Transport,RAPIDO BIKE,UPI
U001-T00914,U001,2026-09-11,COMMUNITY CHARITY UPI PAYMENT,51.0,expense,Other,COMMUNITY CHARITY UPI,UPI
U001-T00915,U001,2026-09-21,ZEPTO QUICK ESSENTIALS PAYMENT,50.0,expense,Food,ZEPTO QUICK ESSENTIALS,UPI
U001-T00916,U001,2026-08-25,CHAI POINT PAYMENT,10.0,expense,Food,CHAI POINT,UPI
U001-T00917,U001,2026-08-03,LOCAL BAKERY PAYMENT,20.0,expense,Food,LOCAL BAKERY,UPI
U001-T00918,U001,2026-08-27,ZEPTO QUICK ESSENTIALS PAYMENT,75.0,expense,Food,ZEPTO QUICK ESSENTIALS,UPI
U001-T00919,U001,2026-09-25,NAMMA METRO PAYMENT,20.0,expense,Transport,NAMMA METRO,UPI
U001-T00920,U001,2026-08-14,COMMUNITY CHARITY UPI PAYMENT,21.0,expense,Other,COMMUNITY CHARITY UPI,UPI
U001-T00921,U001,2026-07-14,STREET TIFFIN PAYMENT,20.0,expense,Food,STREET TIFFIN,UPI
U001-T00922,U001,2026-07-15,LOCAL PHARMACY STORE PAYMENT,28.0,expense,Healthcare,LOCAL PHARMACY STORE,UPI
U001-T00923,U001,2026-08-14,STREET TIFFIN PAYMENT,50.0,expense,Food,STREET TIFFIN,UPI
U001-T00924,U001,2026-07-27,NAMMA METRO PAYMENT,25.0,expense,Transport,NAMMA METRO,UPI
U001-T00925,U001,2026-08-30,CHAI POINT PAYMENT,30.0,expense,Food,CHAI POINT,UPI
U001-T00926,U001,2026-08-10,CHAI POINT PAYMENT,10.0,expense,Food,CHAI POINT,UPI
U001-T00927,U001,2026-09-29,LOCAL TEA & COFFEE PAYMENT,15.0,expense,Food,LOCAL TEA & COFFEE,UPI
U001-T00928,U001,2026-09-21,CHAI POINT PAYMENT,15.0,expense,Food,CHAI POINT,UPI
U001-T00929,U001,2026-08-01,NAMMA METRO PAYMENT,20.0,expense,Transport,NAMMA METRO,UPI
U001-T00930,U001,2026-08-12,NAMMA METRO PAYMENT,35.0,expense,Transport,NAMMA METRO,UPI
U001-T00931,U001,2026-07-30,KIRANA STORE PAYMENT,25.0,expense,Shopping,KIRANA STORE,UPI
U001-T00932,U001,2026-07-24,RAPIDO BIKE PAYMENT,42.0,expense,Transport,RAPIDO BIKE,UPI
U001-T00933,U001,2026-08-20,CHAI POINT PAYMENT,15.0,expense,Food,CHAI POINT,UPI
U001-T00934,U001,2026-08-27,RAPIDO BIKE PAYMENT,42.0,expense,Transport,RAPIDO BIKE,UPI
U001-T00935,U001,2026-07-01,AUTO RICKSHAW PAYMENT,30.0,expense,Transport,AUTO RICKSHAW,UPI
U001-T00936,U001,2026-08-05,UBER AUTO PAYMENT,28.0,expense,Transport,UBER AUTO,UPI
U001-T00937,U001,2026-09-12,CHAI POINT PAYMENT,15.0,expense,Food,CHAI POINT,UPI
U001-T00938,U001,2026-08-16,STREET TIFFIN PAYMENT,50.0,expense,Food,STREET TIFFIN,UPI
U001-T00939,U001,2026-07-15,LOCAL BAKERY PAYMENT,35.0,expense,Food,LOCAL BAKERY,UPI
U001-T00940,U001,2026-09-06,QUICK UPI TRANSFER PAYMENT,20.0,expense,Other,QUICK UPI TRANSFER,UPI
U001-T00941,U001,2026-09-15,ZEPTO QUICK ESSENTIALS PAYMENT,75.0,expense,Food,ZEPTO QUICK ESSENTIALS,UPI
U001-T00942,U001,2026-09-14,CHAI POINT PAYMENT,20.0,expense,Food,CHAI POINT,UPI
U001-T00943,U001,2026-08-28,RAPIDO BIKE PAYMENT,30.0,expense,Transport,RAPIDO BIKE,UPI
U001-T00944,U001,2026-09-17,NAMMA METRO PAYMENT,20.0,expense,Transport,NAMMA METRO,UPI
U001-T00945,U001,2026-08-10,LOCAL TEA & COFFEE PAYMENT,15.0,expense,Food,LOCAL TEA & COFFEE,UPI
U001-T00946,U001,2026-07-15,LOCAL TEA & COFFEE PAYMENT,12.0,expense,Food,LOCAL TEA & COFFEE,UPI
U001-T00947,U001,2026-09-04,ZEPTO QUICK ESSENTIALS PAYMENT,35.0,expense,Food,ZEPTO QUICK ESSENTIALS,UPI
U001-T00948,U001,2026-09-12,ZEPTO QUICK ESSENTIALS PAYMENT,35.0,expense,Food,ZEPTO QUICK ESSENTIALS,UPI
U001-T00949,U001,2026-09-01,RAPIDO BIKE PAYMENT,22.0,expense,Transport,RAPIDO BIKE,UPI
U001-T00950,U001,2026-09-10,LOCAL TEA & COFFEE PAYMENT,15.0,expense,Food,LOCAL TEA & COFFEE,UPI
U001-T00951,U001,2026-07-18,LOCAL TEA & COFFEE PAYMENT,20.0,expense,Food,LOCAL TEA & COFFEE,UPI
U001-T00952,U001,2026-09-18,CHAI POINT PAYMENT,20.0,expense,Food,CHAI POINT,UPI
U001-T00953,U001,2026-07-02,SWIGGY QUICK BITE PAYMENT,60.0,expense,Food,SWIGGY QUICK BITE,UPI
U001-T00954,U001,2026-08-19,QUICK UPI TRANSFER PAYMENT,30.0,expense,Other,QUICK UPI TRANSFER,UPI
U001-T00955,U001,2026-08-22,AUTO RICKSHAW PAYMENT,55.0,expense,Transport,AUTO RICKSHAW,UPI
U001-T00956,U001,2026-09-29,LOCAL PHARMACY STORE PAYMENT,65.0,expense,Healthcare,LOCAL PHARMACY STORE,UPI
U001-T00957,U001,2026-07-22,CHAI POINT PAYMENT,10.0,expense,Food,CHAI POINT,UPI
U001-T00958,U001,2026-07-29,STREET TIFFIN PAYMENT,35.0,expense,Food,STREET TIFFIN,UPI
U001-T00959,U001,2026-07-29,NAMMA METRO PAYMENT,20.0,expense,Transport,NAMMA METRO,UPI
U001-T00960,U001,2026-08-28,NAMMA METRO PAYMENT,35.0,expense,Transport,NAMMA METRO,UPI
U001-T00961,U001,2026-09-09,SWIGGY QUICK BITE PAYMENT,40.0,expense,Food,SWIGGY QUICK BITE,UPI
U001-T00962,U001,2026-08-04,KIRANA STORE PAYMENT,35.0,expense,Shopping,KIRANA STORE,UPI
U001-T00963,U001,2026-09-08,STATIONERY SHOP PAYMENT,12.0,expense,Shopping,STATIONERY SHOP,UPI
U001-T00964,U001,2026-08-26,NAMMA METRO PAYMENT,35.0,expense,Transport,NAMMA METRO,UPI
U001-T00965,U001,2026-07-14,UBER AUTO PAYMENT,42.0,expense,Transport,UBER AUTO,UPI
U001-T00966,U001,2026-08-08,CAMPUS PHOTOCOPY & NOTES PAYMENT,10.0,expense,Education,CAMPUS PHOTOCOPY & NOTES,UPI
U001-T00967,U001,2026-08-27,LOCAL BAKERY PAYMENT,15.0,expense,Food,LOCAL BAKERY,UPI
U001-T00968,U001,2026-08-26,CAMPUS PHOTOCOPY & NOTES PAYMENT,10.0,expense,Education,CAMPUS PHOTOCOPY & NOTES,UPI
U001-T00969,U001,2026-07-31,LOCAL BAKERY PAYMENT,25.0,expense,Food,LOCAL BAKERY,UPI
U001-T00970,U001,2026-09-29,RAPIDO BIKE PAYMENT,42.0,expense,Transport,RAPIDO BIKE,UPI
U001-T00971,U001,2026-07-22,RAPIDO BIKE PAYMENT,22.0,expense,Transport,RAPIDO BIKE,UPI
U001-T00972,U001,2026-07-27,STATIONERY SHOP PAYMENT,30.0,expense,Shopping,STATIONERY SHOP,UPI
U001-T00973,U001,2026-09-07,LOCAL BAKERY PAYMENT,20.0,expense,Food,LOCAL BAKERY,UPI
U001-T00974,U001,2026-08-11,QUICK UPI TRANSFER PAYMENT,20.0,expense,Other,QUICK UPI TRANSFER,UPI
U001-T00975,U001,2026-08-07,NAMMA METRO PAYMENT,15.0,expense,Transport,NAMMA METRO,UPI
U001-T00976,U001,2026-07-18,QUICK UPI TRANSFER PAYMENT,30.0,expense,Other,QUICK UPI TRANSFER,UPI
U001-T00977,U001,2026-07-08,COMMUNITY CHARITY UPI PAYMENT,51.0,expense,Other,COMMUNITY CHARITY UPI,UPI
U001-T00978,U001,2026-07-17,AUTO RICKSHAW PAYMENT,30.0,expense,Transport,AUTO RICKSHAW,UPI
U001-T00979,U001,2026-08-01,LOCAL TEA & COFFEE PAYMENT,15.0,expense,Food,LOCAL TEA & COFFEE,UPI
U001-T00980,U001,2026-08-01,UBER AUTO PAYMENT,75.0,expense,Transport,UBER AUTO,UPI
U001-T00981,U001,2026-09-01,LOCAL TEA & COFFEE PAYMENT,15.0,expense,Food,LOCAL TEA & COFFEE,UPI
U001-T00982,U001,2026-09-19,ZEPTO QUICK ESSENTIALS PAYMENT,75.0,expense,Food,ZEPTO QUICK ESSENTIALS,UPI
U001-T00983,U001,2026-07-10,RAPIDO BIKE PAYMENT,15.0,expense,Transport,RAPIDO BIKE,UPI
U001-T00984,U001,2026-08-21,NAMMA METRO PAYMENT,25.0,expense,Transport,NAMMA METRO,UPI
U001-T00985,U001,2026-09-27,PARKING FEE PAYMENT,15.0,expense,Other,PARKING FEE,UPI
U001-T00986,U001,2026-08-28,PARKING FEE PAYMENT,15.0,expense,Other,PARKING FEE,UPI
U001-T00987,U001,2026-09-13,CHAI POINT PAYMENT,10.0,expense,Food,CHAI POINT,UPI
U001-T00988,U001,2026-08-28,RAPIDO BIKE PAYMENT,30.0,expense,Transport,RAPIDO BIKE,UPI
U001-T00989,U001,2026-07-09,KIRANA STORE PAYMENT,55.0,expense,Shopping,KIRANA STORE,UPI
U001-T00990,U001,2026-07-28,QUICK UPI TRANSFER PAYMENT,15.0,expense,Other,QUICK UPI TRANSFER,UPI
U001-T00991,U001,2026-09-02,LOCAL BAKERY PAYMENT,25.0,expense,Food,LOCAL BAKERY,UPI
U001-T00992,U001,2026-08-13,NAMMA METRO PAYMENT,20.0,expense,Transport,NAMMA METRO,UPI
U001-T00993,U001,2026-09-11,LOCAL PHARMACY STORE PAYMENT,45.0,expense,Healthcare,LOCAL PHARMACY STORE,UPI
U001-T00994,U001,2026-09-26,KIRANA STORE PAYMENT,15.0,expense,Shopping,KIRANA STORE,UPI
U001-T00995,U001,2026-07-13,RAPIDO BIKE PAYMENT,42.0,expense,Transport,RAPIDO BIKE,UPI
U001-T00996,U001,2026-07-03,LOCAL TEA & COFFEE PAYMENT,12.0,expense,Food,LOCAL TEA & COFFEE,UPI
U001-T00997,U001,2026-08-26,BLINKIT DAILY PAYMENT,80.0,expense,Food,BLINKIT DAILY,UPI
U001-T00998,U001,2026-07-26,COMMUNITY CHARITY UPI PAYMENT,11.0,expense,Other,COMMUNITY CHARITY UPI,UPI
U001-T00999,U001,2026-09-22,STREET TIFFIN PAYMENT,35.0,expense,Food,STREET TIFFIN,UPI
U001-T01000,U001,2026-07-12,RAPIDO BIKE PAYMENT,30.0,expense,Transport,RAPIDO BIKE,UPI
U002-T00001,U002,2026-07-26,SALARY CREDIT - TECH CORP,50000.0,income,Salary,TechCorp Solutions,NEFT
U002-T00002,U002,2026-08-26,SALARY CREDIT - TECH CORP,50000.0,income,Salary,TechCorp Solutions,NEFT
U002-T00003,U002,2026-09-26,SALARY CREDIT - TECH CORP,50000.0,income,Salary,TechCorp Solutions,NEFT
U002-T00004,U002,2026-07-01,HOUSE RENT,10000.0,expense,Rent,Landlord Transfer,UPI
U002-T00005,U002,2026-08-01,HOUSE RENT,10000.0,expense,Rent,Landlord Transfer,UPI
U002-T00006,U002,2026-09-01,HOUSE RENT,10000.0,expense,Rent,Landlord Transfer,UPI
U002-T00007,U002,2026-07-21,NETFLIX PREMIUM,649.0,expense,Subscriptions,Netflix,Credit Card
U002-T00008,U002,2026-08-21,NETFLIX PREMIUM,649.0,expense,Subscriptions,Netflix,Credit Card
U002-T00009,U002,2026-09-21,NETFLIX PREMIUM,649.0,expense,Subscriptions,Netflix,Credit Card
U002-T00010,U002,2026-07-06,CULT.FIT GYM MEMBERSHIP,1600.0,expense,Healthcare,Cult.Fit,Auto Debit
U002-T00011,U002,2026-08-06,CULT.FIT GYM MEMBERSHIP,1600.0,expense,Healthcare,Cult.Fit,Auto Debit
U002-T00012,U002,2026-09-06,CULT.FIT GYM MEMBERSHIP,1600.0,expense,Healthcare,Cult.Fit,Auto Debit
U002-T00013,U002,2026-07-12,AIRTEL FIBER BROADBAND,1200.0,expense,Bills,Airtel,UPI AutoPay
U002-T00014,U002,2026-08-12,AIRTEL FIBER BROADBAND,1200.0,expense,Bills,Airtel,UPI AutoPay
U002-T00015,U002,2026-09-12,AIRTEL FIBER BROADBAND,1200.0,expense,Bills,Airtel,UPI AutoPay
U002-T00016,U002,2026-09-27,AMAZON ELECTRONICS,4500.0,expense,Shopping,Amazon India,Credit Card
U002-T00017,U002,2026-09-23,MYNTRA FASHION,2400.0,expense,Shopping,Myntra,UPI
U002-T00018,U002,2026-09-20,BESCOM ELECTRICITY,1600.0,expense,Bills,BESCOM,NetBanking
U002-T00019,U002,2026-09-17,PVR INOX CINEMAS,1100.0,expense,Entertainment,PVR,Credit Card
U002-T00020,U002,2026-09-16,UDEMY AI COURSE,1299.0,expense,Education,Udemy,Debit Card
U002-T00021,U002,2026-09-18,APOLLO PHARMACY,950.0,expense,Healthcare,Apollo,UPI
U002-T00022,U002,2026-09-28,SWIGGY GOURMET,450.0,expense,Food,Swiggy,UPI
U002-T00023,U002,2026-09-24,ZOMATO DINING,1280.0,expense,Food,Zomato,Credit Card
U002-T00024,U002,2026-09-25,UBER PREMIER,620.0,expense,Transport,Uber,UPI
U002-T00025,U002,2026-09-11,SPOTIFY FAMILY,119.0,expense,Subscriptions,Spotify,UPI
U002-T00026,U002,2026-08-24,AMAZON HOME ESSENTIALS,2200.0,expense,Shopping,Amazon India,Credit Card
U002-T00027,U002,2026-08-14,MYNTRA ACCESSORIES,1500.0,expense,Shopping,Myntra,UPI
U002-T00028,U002,2026-08-20,BESCOM ELECTRICITY,1450.0,expense,Bills,BESCOM,NetBanking
U002-T00029,U002,2026-08-15,BOOKMYSHOW MOVIE,800.0,expense,Entertainment,BookMyShow,Debit Card
U002-T00030,U002,2026-08-10,COURSERA PYTHON COURSE,799.0,expense,Education,Coursera,Debit Card
U002-T00031,U002,2026-08-18,MEDPLUS PHARMACY,850.0,expense,Healthcare,MedPlus,UPI
U002-T00032,U002,2026-08-25,UBER INTERCITY,520.0,expense,Transport,Uber,UPI
U002-T00033,U002,2026-08-28,BARBEQUE NATION,850.0,expense,Food,Barbeque Nation,Credit Card
U002-T00034,U002,2026-08-11,SPOTIFY FAMILY,119.0,expense,Subscriptions,Spotify,UPI
U002-T00035,U002,2026-07-20,AMAZON MONSOON GEAR,1800.0,expense,Shopping,Amazon India,Credit Card
U002-T00036,U002,2026-07-12,FABINDIA CLOTHING,1200.0,expense,Shopping,FabIndia,UPI
U002-T00037,U002,2026-07-18,BESCOM ELECTRICITY,1400.0,expense,Bills,BESCOM,NetBanking
U002-T00038,U002,2026-07-14,PVR CINEMAS,600.0,expense,Entertainment,PVR,Credit Card
U002-T00039,U002,2026-07-16,APOLLO HEALTH CHECK,700.0,expense,Healthcare,Apollo,UPI
U002-T00040,U002,2026-07-10,SAPNA BOOK HOUSE,450.0,expense,Education,Sapna Book House,UPI
U002-T00041,U002,2026-07-22,INDIAN OIL PETROL,480.0,expense,Transport,Indian Oil,Credit Card
U002-T00042,U002,2026-07-25,MAINLAND CHINA DINING,750.0,expense,Food,Mainland China,Credit Card
U002-T00043,U002,2026-07-11,SPOTIFY FAMILY,119.0,expense,Subscriptions,Spotify,UPI
U002-T00044,U002,2026-07-11,ZEPTO QUICK ESSENTIALS PAYMENT,35.0,expense,Food,ZEPTO QUICK ESSENTIALS,UPI
U002-T00045,U002,2026-07-07,ZEPTO QUICK ESSENTIALS PAYMENT,50.0,expense,Food,ZEPTO QUICK ESSENTIALS,UPI
U002-T00046,U002,2026-09-28,UBER AUTO PAYMENT,75.0,expense,Transport,UBER AUTO,UPI
U002-T00047,U002,2026-09-22,CHAI POINT PAYMENT,10.0,expense,Food,CHAI POINT,UPI
U002-T00048,U002,2026-07-01,LOCAL BAKERY PAYMENT,15.0,expense,Food,LOCAL BAKERY,UPI
U002-T00049,U002,2026-07-17,RAPIDO BIKE PAYMENT,42.0,expense,Transport,RAPIDO BIKE,UPI
U002-T00050,U002,2026-07-02,CHAI POINT PAYMENT,20.0,expense,Food,CHAI POINT,UPI
U002-T00051,U002,2026-07-16,COMMUNITY CHARITY UPI PAYMENT,21.0,expense,Other,COMMUNITY CHARITY UPI,UPI
U002-T00052,U002,2026-09-27,LOCAL TEA & COFFEE PAYMENT,10.0,expense,Food,LOCAL TEA & COFFEE,UPI
U002-T00053,U002,2026-07-30,ZEPTO QUICK ESSENTIALS PAYMENT,25.0,expense,Food,ZEPTO QUICK ESSENTIALS,UPI
U002-T00054,U002,2026-07-14,STREET TIFFIN PAYMENT,35.0,expense,Food,STREET TIFFIN,UPI
U002-T00055,U002,2026-07-18,ZEPTO QUICK ESSENTIALS PAYMENT,35.0,expense,Food,ZEPTO QUICK ESSENTIALS,UPI
U002-T00056,U002,2026-09-21,COMMUNITY CHARITY UPI PAYMENT,11.0,expense,Other,COMMUNITY CHARITY UPI,UPI
U002-T00057,U002,2026-07-09,NAMMA METRO PAYMENT,15.0,expense,Transport,NAMMA METRO,UPI
U002-T00058,U002,2026-09-17,RAPIDO BIKE PAYMENT,42.0,expense,Transport,RAPIDO BIKE,UPI
U002-T00059,U002,2026-08-14,AUTO RICKSHAW PAYMENT,30.0,expense,Transport,AUTO RICKSHAW,UPI
U002-T00060,U002,2026-08-22,RAPIDO BIKE PAYMENT,42.0,expense,Transport,RAPIDO BIKE,UPI
U002-T00061,U002,2026-07-28,CHAI POINT PAYMENT,10.0,expense,Food,CHAI POINT,UPI
U002-T00062,U002,2026-07-18,UBER AUTO PAYMENT,75.0,expense,Transport,UBER AUTO,UPI
U002-T00063,U002,2026-08-14,QUICK UPI TRANSFER PAYMENT,20.0,expense,Other,QUICK UPI TRANSFER,UPI
U002-T00064,U002,2026-07-18,LOCAL BAKERY PAYMENT,15.0,expense,Food,LOCAL BAKERY,UPI
U002-T00065,U002,2026-08-01,NAMMA METRO PAYMENT,25.0,expense,Transport,NAMMA METRO,UPI
U002-T00066,U002,2026-09-27,CHAI POINT PAYMENT,20.0,expense,Food,CHAI POINT,UPI
U002-T00067,U002,2026-07-27,NAMMA METRO PAYMENT,20.0,expense,Transport,NAMMA METRO,UPI
U002-T00068,U002,2026-08-20,STREET TIFFIN PAYMENT,20.0,expense,Food,STREET TIFFIN,UPI
U002-T00069,U002,2026-07-31,SWIGGY QUICK BITE PAYMENT,40.0,expense,Food,SWIGGY QUICK BITE,UPI
U002-T00070,U002,2026-07-31,SWIGGY QUICK BITE PAYMENT,40.0,expense,Food,SWIGGY QUICK BITE,UPI
U002-T00071,U002,2026-09-06,MOBILE TOP-UP PAYMENT,19.0,expense,Bills,MOBILE TOP-UP,UPI
U002-T00072,U002,2026-08-16,PARKING FEE PAYMENT,10.0,expense,Other,PARKING FEE,UPI
U002-T00073,U002,2026-08-19,CAMPUS PHOTOCOPY & NOTES PAYMENT,50.0,expense,Education,CAMPUS PHOTOCOPY & NOTES,UPI
U002-T00074,U002,2026-08-16,NAMMA METRO PAYMENT,20.0,expense,Transport,NAMMA METRO,UPI
U002-T00075,U002,2026-08-30,QUICK UPI TRANSFER PAYMENT,10.0,expense,Other,QUICK UPI TRANSFER,UPI
U002-T00076,U002,2026-07-03,NAMMA METRO PAYMENT,15.0,expense,Transport,NAMMA METRO,UPI
U002-T00077,U002,2026-08-03,LOCAL BAKERY PAYMENT,15.0,expense,Food,LOCAL BAKERY,UPI
U002-T00078,U002,2026-08-20,SWIGGY QUICK BITE PAYMENT,110.0,expense,Food,SWIGGY QUICK BITE,UPI
U002-T00079,U002,2026-08-24,AUTO RICKSHAW PAYMENT,20.0,expense,Transport,AUTO RICKSHAW,UPI
U002-T00080,U002,2026-09-20,NAMMA METRO PAYMENT,20.0,expense,Transport,NAMMA METRO,UPI
U002-T00081,U002,2026-08-05,CHAI POINT PAYMENT,10.0,expense,Food,CHAI POINT,UPI
U002-T00082,U002,2026-09-04,COFFEE & CHAT PAYMENT,30.0,expense,Entertainment,COFFEE & CHAT,UPI
U002-T00083,U002,2026-09-07,STREET TIFFIN PAYMENT,20.0,expense,Food,STREET TIFFIN,UPI
U002-T00084,U002,2026-08-09,AUTO RICKSHAW PAYMENT,30.0,expense,Transport,AUTO RICKSHAW,UPI
U002-T00085,U002,2026-07-08,LOCAL BAKERY PAYMENT,35.0,expense,Food,LOCAL BAKERY,UPI
U002-T00086,U002,2026-07-15,BLINKIT DAILY PAYMENT,30.0,expense,Food,BLINKIT DAILY,UPI
U002-T00087,U002,2026-08-09,RAPIDO BIKE PAYMENT,22.0,expense,Transport,RAPIDO BIKE,UPI
U002-T00088,U002,2026-07-16,CHAI POINT PAYMENT,15.0,expense,Food,CHAI POINT,UPI
U002-T00089,U002,2026-09-28,CHAI POINT PAYMENT,30.0,expense,Food,CHAI POINT,UPI
U002-T00090,U002,2026-08-14,NAMMA METRO PAYMENT,25.0,expense,Transport,NAMMA METRO,UPI
U002-T00091,U002,2026-07-22,ZEPTO QUICK ESSENTIALS PAYMENT,50.0,expense,Food,ZEPTO QUICK ESSENTIALS,UPI
U002-T00092,U002,2026-07-16,KIRANA STORE PAYMENT,15.0,expense,Shopping,KIRANA STORE,UPI
U002-T00093,U002,2026-08-12,STATIONERY SHOP PAYMENT,30.0,expense,Shopping,STATIONERY SHOP,UPI
U002-T00094,U002,2026-09-06,CHAI POINT PAYMENT,10.0,expense,Food,CHAI POINT,UPI
U002-T00095,U002,2026-09-02,BLINKIT DAILY PAYMENT,60.0,expense,Food,BLINKIT DAILY,UPI
U002-T00096,U002,2026-07-08,SWIGGY QUICK BITE PAYMENT,60.0,expense,Food,SWIGGY QUICK BITE,UPI
U002-T00097,U002,2026-08-17,LOCAL TEA & COFFEE PAYMENT,10.0,expense,Food,LOCAL TEA & COFFEE,UPI
U002-T00098,U002,2026-09-12,AUTO RICKSHAW PAYMENT,20.0,expense,Transport,AUTO RICKSHAW,UPI
U002-T00099,U002,2026-07-30,UBER AUTO PAYMENT,28.0,expense,Transport,UBER AUTO,UPI
U002-T00100,U002,2026-07-06,CAMPUS PHOTOCOPY & NOTES PAYMENT,10.0,expense,Education,CAMPUS PHOTOCOPY & NOTES,UPI
U002-T00101,U002,2026-08-01,CHAI POINT PAYMENT,20.0,expense,Food,CHAI POINT,UPI
U002-T00102,U002,2026-08-19,COFFEE & CHAT PAYMENT,30.0,expense,Entertainment,COFFEE & CHAT,UPI
U002-T00103,U002,2026-07-05,NAMMA METRO PAYMENT,35.0,expense,Transport,NAMMA METRO,UPI
U002-T00104,U002,2026-07-29,STREET TIFFIN PAYMENT,50.0,expense,Food,STREET TIFFIN,UPI
U002-T00105,U002,2026-08-10,LOCAL BAKERY PAYMENT,15.0,expense,Food,LOCAL BAKERY,UPI
U002-T00106,U002,2026-09-12,ZEPTO QUICK ESSENTIALS PAYMENT,25.0,expense,Food,ZEPTO QUICK ESSENTIALS,UPI
U002-T00107,U002,2026-07-23,LOCAL BAKERY PAYMENT,15.0,expense,Food,LOCAL BAKERY,UPI
U002-T00108,U002,2026-08-21,CHAI POINT PAYMENT,30.0,expense,Food,CHAI POINT,UPI
U002-T00109,U002,2026-08-06,KIRANA STORE PAYMENT,35.0,expense,Shopping,KIRANA STORE,UPI
U002-T00110,U002,2026-08-11,CHAI POINT PAYMENT,30.0,expense,Food,CHAI POINT,UPI
U002-T00111,U002,2026-07-02,ZEPTO QUICK ESSENTIALS PAYMENT,50.0,expense,Food,ZEPTO QUICK ESSENTIALS,UPI
U002-T00112,U002,2026-09-11,KIRANA STORE PAYMENT,25.0,expense,Shopping,KIRANA STORE,UPI
U002-T00113,U002,2026-08-29,ZEPTO QUICK ESSENTIALS PAYMENT,75.0,expense,Food,ZEPTO QUICK ESSENTIALS,UPI
U002-T00114,U002,2026-07-26,UBER AUTO PAYMENT,42.0,expense,Transport,UBER AUTO,UPI
U002-T00115,U002,2026-07-20,CHAI POINT PAYMENT,30.0,expense,Food,CHAI POINT,UPI
U002-T00116,U002,2026-07-04,LOCAL BAKERY PAYMENT,25.0,expense,Food,LOCAL BAKERY,UPI
U002-T00117,U002,2026-09-20,LOCAL PHARMACY STORE PAYMENT,18.0,expense,Healthcare,LOCAL PHARMACY STORE,UPI
U002-T00118,U002,2026-08-12,CHAI POINT PAYMENT,30.0,expense,Food,CHAI POINT,UPI
U002-T00119,U002,2026-08-09,CHAI POINT PAYMENT,15.0,expense,Food,CHAI POINT,UPI
U002-T00120,U002,2026-08-23,SWIGGY QUICK BITE PAYMENT,40.0,expense,Food,SWIGGY QUICK BITE,UPI
U002-T00121,U002,2026-07-19,AUTO RICKSHAW PAYMENT,20.0,expense,Transport,AUTO RICKSHAW,UPI
U002-T00122,U002,2026-07-06,COFFEE & CHAT PAYMENT,65.0,expense,Entertainment,COFFEE & CHAT,UPI
U002-T00123,U002,2026-09-28,COFFEE & CHAT PAYMENT,65.0,expense,Entertainment,COFFEE & CHAT,UPI
U002-T00124,U002,2026-07-11,NAMMA METRO PAYMENT,20.0,expense,Transport,NAMMA METRO,UPI
U002-T00125,U002,2026-09-20,STATIONERY SHOP PAYMENT,12.0,expense,Shopping,STATIONERY SHOP,UPI
U002-T00126,U002,2026-09-14,NAMMA METRO PAYMENT,35.0,expense,Transport,NAMMA METRO,UPI
U002-T00127,U002,2026-09-23,QUICK UPI TRANSFER PAYMENT,15.0,expense,Other,QUICK UPI TRANSFER,UPI
U002-T00128,U002,2026-08-07,LOCAL BAKERY PAYMENT,25.0,expense,Food,LOCAL BAKERY,UPI
U002-T00129,U002,2026-08-20,AUTO RICKSHAW PAYMENT,40.0,expense,Transport,AUTO RICKSHAW,UPI
U002-T00130,U002,2026-08-10,BLINKIT DAILY PAYMENT,40.0,expense,Food,BLINKIT DAILY,UPI
U002-T00131,U002,2026-07-10,PARKING FEE PAYMENT,10.0,expense,Other,PARKING FEE,UPI
U002-T00132,U002,2026-09-13,CHAI POINT PAYMENT,10.0,expense,Food,CHAI POINT,UPI
U002-T00133,U002,2026-07-22,BLINKIT DAILY PAYMENT,60.0,expense,Food,BLINKIT DAILY,UPI
U002-T00134,U002,2026-08-22,LOCAL TEA & COFFEE PAYMENT,15.0,expense,Food,LOCAL TEA & COFFEE,UPI
U002-T00135,U002,2026-07-27,BLINKIT DAILY PAYMENT,80.0,expense,Food,BLINKIT DAILY,UPI
U002-T00136,U002,2026-08-03,LOCAL PHARMACY STORE PAYMENT,18.0,expense,Healthcare,LOCAL PHARMACY STORE,UPI
U002-T00137,U002,2026-07-21,STATIONERY SHOP PAYMENT,30.0,expense,Shopping,STATIONERY SHOP,UPI
U002-T00138,U002,2026-09-29,AUTO RICKSHAW PAYMENT,20.0,expense,Transport,AUTO RICKSHAW,UPI
U002-T00139,U002,2026-07-28,LOCAL PHARMACY STORE PAYMENT,45.0,expense,Healthcare,LOCAL PHARMACY STORE,UPI
U002-T00140,U002,2026-07-19,CHAI POINT PAYMENT,15.0,expense,Food,CHAI POINT,UPI
U002-T00141,U002,2026-08-15,ZEPTO QUICK ESSENTIALS PAYMENT,25.0,expense,Food,ZEPTO QUICK ESSENTIALS,UPI
U002-T00142,U002,2026-09-25,STREET TIFFIN PAYMENT,25.0,expense,Food,STREET TIFFIN,UPI
U002-T00143,U002,2026-07-04,PARKING FEE PAYMENT,15.0,expense,Other,PARKING FEE,UPI
U002-T00144,U002,2026-09-10,UBER AUTO PAYMENT,42.0,expense,Transport,UBER AUTO,UPI
U002-T00145,U002,2026-07-13,BLINKIT DAILY PAYMENT,40.0,expense,Food,BLINKIT DAILY,UPI
U002-T00146,U002,2026-07-16,CHAI POINT PAYMENT,15.0,expense,Food,CHAI POINT,UPI
U002-T00147,U002,2026-07-17,LOCAL TEA & COFFEE PAYMENT,20.0,expense,Food,LOCAL TEA & COFFEE,UPI
U002-T00148,U002,2026-08-17,AUTO RICKSHAW PAYMENT,20.0,expense,Transport,AUTO RICKSHAW,UPI
U002-T00149,U002,2026-09-13,NAMMA METRO PAYMENT,15.0,expense,Transport,NAMMA METRO,UPI
U002-T00150,U002,2026-07-03,COMMUNITY CHARITY UPI PAYMENT,11.0,expense,Other,COMMUNITY CHARITY UPI,UPI
U002-T00151,U002,2026-09-21,BLINKIT DAILY PAYMENT,40.0,expense,Food,BLINKIT DAILY,UPI
U002-T00152,U002,2026-07-12,COFFEE & CHAT PAYMENT,45.0,expense,Entertainment,COFFEE & CHAT,UPI
U002-T00153,U002,2026-07-16,CHAI POINT PAYMENT,30.0,expense,Food,CHAI POINT,UPI
U002-T00154,U002,2026-07-07,LOCAL TEA & COFFEE PAYMENT,20.0,expense,Food,LOCAL TEA & COFFEE,UPI
U002-T00155,U002,2026-08-20,SWIGGY QUICK BITE PAYMENT,110.0,expense,Food,SWIGGY QUICK BITE,UPI
U002-T00156,U002,2026-09-26,BLINKIT DAILY PAYMENT,60.0,expense,Food,BLINKIT DAILY,UPI
U002-T00157,U002,2026-07-28,COFFEE & CHAT PAYMENT,45.0,expense,Entertainment,COFFEE & CHAT,UPI
U002-T00158,U002,2026-08-05,BLINKIT DAILY PAYMENT,40.0,expense,Food,BLINKIT DAILY,UPI
U002-T00159,U002,2026-07-05,RAPIDO BIKE PAYMENT,22.0,expense,Transport,RAPIDO BIKE,UPI
U002-T00160,U002,2026-09-21,STREET TIFFIN PAYMENT,50.0,expense,Food,STREET TIFFIN,UPI
U002-T00161,U002,2026-09-09,SWIGGY QUICK BITE PAYMENT,40.0,expense,Food,SWIGGY QUICK BITE,UPI
U002-T00162,U002,2026-08-05,ZEPTO QUICK ESSENTIALS PAYMENT,75.0,expense,Food,ZEPTO QUICK ESSENTIALS,UPI
U002-T00163,U002,2026-07-26,RAPIDO BIKE PAYMENT,22.0,expense,Transport,RAPIDO BIKE,UPI
U002-T00164,U002,2026-09-19,COMMUNITY CHARITY UPI PAYMENT,51.0,expense,Other,COMMUNITY CHARITY UPI,UPI
U002-T00165,U002,2026-07-03,COMMUNITY CHARITY UPI PAYMENT,51.0,expense,Other,COMMUNITY CHARITY UPI,UPI
U002-T00166,U002,2026-08-15,SWIGGY QUICK BITE PAYMENT,110.0,expense,Food,SWIGGY QUICK BITE,UPI
U002-T00167,U002,2026-08-14,COFFEE & CHAT PAYMENT,45.0,expense,Entertainment,COFFEE & CHAT,UPI
U002-T00168,U002,2026-08-19,LOCAL BAKERY PAYMENT,15.0,expense,Food,LOCAL BAKERY,UPI
U002-T00169,U002,2026-08-10,RAPIDO BIKE PAYMENT,15.0,expense,Transport,RAPIDO BIKE,UPI
U002-T00170,U002,2026-08-05,CHAI POINT PAYMENT,30.0,expense,Food,CHAI POINT,UPI
U002-T00171,U002,2026-09-06,STREET TIFFIN PAYMENT,25.0,expense,Food,STREET TIFFIN,UPI
U002-T00172,U002,2026-07-21,CHAI POINT PAYMENT,15.0,expense,Food,CHAI POINT,UPI
U002-T00173,U002,2026-08-04,NAMMA METRO PAYMENT,15.0,expense,Transport,NAMMA METRO,UPI
U002-T00174,U002,2026-07-29,NAMMA METRO PAYMENT,35.0,expense,Transport,NAMMA METRO,UPI
U002-T00175,U002,2026-08-15,PARKING FEE PAYMENT,10.0,expense,Other,PARKING FEE,UPI
U002-T00176,U002,2026-07-23,LOCAL BAKERY PAYMENT,25.0,expense,Food,LOCAL BAKERY,UPI
U002-T00177,U002,2026-09-28,STREET TIFFIN PAYMENT,20.0,expense,Food,STREET TIFFIN,UPI
U002-T00178,U002,2026-09-29,AUTO RICKSHAW PAYMENT,30.0,expense,Transport,AUTO RICKSHAW,UPI
U002-T00179,U002,2026-09-11,PARKING FEE PAYMENT,15.0,expense,Other,PARKING FEE,UPI
U002-T00180,U002,2026-09-08,STREET TIFFIN PAYMENT,50.0,expense,Food,STREET TIFFIN,UPI
U002-T00181,U002,2026-07-05,CHAI POINT PAYMENT,15.0,expense,Food,CHAI POINT,UPI
U002-T00182,U002,2026-09-16,LOCAL BAKERY PAYMENT,35.0,expense,Food,LOCAL BAKERY,UPI
U002-T00183,U002,2026-07-01,STREET TIFFIN PAYMENT,25.0,expense,Food,STREET TIFFIN,UPI
U002-T00184,U002,2026-07-17,STREET TIFFIN PAYMENT,25.0,expense,Food,STREET TIFFIN,UPI
U002-T00185,U002,2026-08-11,CHAI POINT PAYMENT,15.0,expense,Food,CHAI POINT,UPI
U002-T00186,U002,2026-09-14,AUTO RICKSHAW PAYMENT,30.0,expense,Transport,AUTO RICKSHAW,UPI
U002-T00187,U002,2026-07-15,LOCAL PHARMACY STORE PAYMENT,45.0,expense,Healthcare,LOCAL PHARMACY STORE,UPI
U002-T00188,U002,2026-07-10,ZEPTO QUICK ESSENTIALS PAYMENT,75.0,expense,Food,ZEPTO QUICK ESSENTIALS,UPI
U002-T00189,U002,2026-09-14,CHAI POINT PAYMENT,20.0,expense,Food,CHAI POINT,UPI
U002-T00190,U002,2026-08-11,LOCAL TEA & COFFEE PAYMENT,12.0,expense,Food,LOCAL TEA & COFFEE,UPI
U002-T00191,U002,2026-08-25,KIRANA STORE PAYMENT,55.0,expense,Shopping,KIRANA STORE,UPI
U002-T00192,U002,2026-09-22,STREET TIFFIN PAYMENT,35.0,expense,Food,STREET TIFFIN,UPI
U002-T00193,U002,2026-07-29,RAPIDO BIKE PAYMENT,22.0,expense,Transport,RAPIDO BIKE,UPI
U002-T00194,U002,2026-08-18,STREET TIFFIN PAYMENT,35.0,expense,Food,STREET TIFFIN,UPI
U002-T00195,U002,2026-07-17,LOCAL TEA & COFFEE PAYMENT,10.0,expense,Food,LOCAL TEA & COFFEE,UPI
U002-T00196,U002,2026-09-28,PARKING FEE PAYMENT,15.0,expense,Other,PARKING FEE,UPI
U002-T00197,U002,2026-09-11,CHAI POINT PAYMENT,20.0,expense,Food,CHAI POINT,UPI
U002-T00198,U002,2026-09-17,LOCAL BAKERY PAYMENT,15.0,expense,Food,LOCAL BAKERY,UPI
U002-T00199,U002,2026-09-02,LOCAL TEA & COFFEE PAYMENT,10.0,expense,Food,LOCAL TEA & COFFEE,UPI
U002-T00200,U002,2026-07-31,STREET TIFFIN PAYMENT,35.0,expense,Food,STREET TIFFIN,UPI
U002-T00201,U002,2026-07-22,RAPIDO BIKE PAYMENT,15.0,expense,Transport,RAPIDO BIKE,UPI
U002-T00202,U002,2026-09-29,AUTO RICKSHAW PAYMENT,40.0,expense,Transport,AUTO RICKSHAW,UPI
U002-T00203,U002,2026-08-27,CHAI POINT PAYMENT,15.0,expense,Food,CHAI POINT,UPI
U002-T00204,U002,2026-08-01,AUTO RICKSHAW PAYMENT,40.0,expense,Transport,AUTO RICKSHAW,UPI
U002-T00205,U002,2026-08-02,KIRANA STORE PAYMENT,15.0,expense,Shopping,KIRANA STORE,UPI
U002-T00206,U002,2026-07-07,ZEPTO QUICK ESSENTIALS PAYMENT,75.0,expense,Food,ZEPTO QUICK ESSENTIALS,UPI
U002-T00207,U002,2026-07-22,MOBILE TOP-UP PAYMENT,29.0,expense,Bills,MOBILE TOP-UP,UPI
U002-T00208,U002,2026-08-18,STREET TIFFIN PAYMENT,50.0,expense,Food,STREET TIFFIN,UPI
U002-T00209,U002,2026-07-13,LOCAL PHARMACY STORE PAYMENT,28.0,expense,Healthcare,LOCAL PHARMACY STORE,UPI
U002-T00210,U002,2026-07-21,BLINKIT DAILY PAYMENT,30.0,expense,Food,BLINKIT DAILY,UPI
U002-T00211,U002,2026-08-07,CHAI POINT PAYMENT,20.0,expense,Food,CHAI POINT,UPI
U002-T00212,U002,2026-07-14,CHAI POINT PAYMENT,15.0,expense,Food,CHAI POINT,UPI
U002-T00213,U002,2026-08-18,LOCAL TEA & COFFEE PAYMENT,10.0,expense,Food,LOCAL TEA & COFFEE,UPI
U002-T00214,U002,2026-09-09,PARKING FEE PAYMENT,10.0,expense,Other,PARKING FEE,UPI
U002-T00215,U002,2026-08-13,RAPIDO BIKE PAYMENT,42.0,expense,Transport,RAPIDO BIKE,UPI
U002-T00216,U002,2026-09-29,CHAI POINT PAYMENT,15.0,expense,Food,CHAI POINT,UPI
U002-T00217,U002,2026-09-16,MOBILE TOP-UP PAYMENT,19.0,expense,Bills,MOBILE TOP-UP,UPI
U002-T00218,U002,2026-07-07,CHAI POINT PAYMENT,15.0,expense,Food,CHAI POINT,UPI
U002-T00219,U002,2026-07-25,ZEPTO QUICK ESSENTIALS PAYMENT,50.0,expense,Food,ZEPTO QUICK ESSENTIALS,UPI
U002-T00220,U002,2026-09-23,LOCAL BAKERY PAYMENT,20.0,expense,Food,LOCAL BAKERY,UPI
U002-T00221,U002,2026-07-13,CHAI POINT PAYMENT,30.0,expense,Food,CHAI POINT,UPI
U002-T00222,U002,2026-07-20,CHAI POINT PAYMENT,10.0,expense,Food,CHAI POINT,UPI
U002-T00223,U002,2026-08-24,CHAI POINT PAYMENT,30.0,expense,Food,CHAI POINT,UPI
U002-T00224,U002,2026-07-26,CHAI POINT PAYMENT,15.0,expense,Food,CHAI POINT,UPI
U002-T00225,U002,2026-07-22,RAPIDO BIKE PAYMENT,15.0,expense,Transport,RAPIDO BIKE,UPI
U002-T00226,U002,2026-08-30,LOCAL PHARMACY STORE PAYMENT,45.0,expense,Healthcare,LOCAL PHARMACY STORE,UPI
U002-T00227,U002,2026-08-20,BLINKIT DAILY PAYMENT,60.0,expense,Food,BLINKIT DAILY,UPI
U002-T00228,U002,2026-07-12,RAPIDO BIKE PAYMENT,42.0,expense,Transport,RAPIDO BIKE,UPI
U002-T00229,U002,2026-07-24,ZEPTO QUICK ESSENTIALS PAYMENT,75.0,expense,Food,ZEPTO QUICK ESSENTIALS,UPI
U002-T00230,U002,2026-08-17,LOCAL TEA & COFFEE PAYMENT,10.0,expense,Food,LOCAL TEA & COFFEE,UPI
U002-T00231,U002,2026-08-03,BLINKIT DAILY PAYMENT,60.0,expense,Food,BLINKIT DAILY,UPI
U002-T00232,U002,2026-07-29,LOCAL PHARMACY STORE PAYMENT,18.0,expense,Healthcare,LOCAL PHARMACY STORE,UPI
U002-T00233,U002,2026-07-20,UBER AUTO PAYMENT,28.0,expense,Transport,UBER AUTO,UPI
U002-T00234,U002,2026-07-11,AUTO RICKSHAW PAYMENT,55.0,expense,Transport,AUTO RICKSHAW,UPI
U002-T00235,U002,2026-09-14,LOCAL BAKERY PAYMENT,15.0,expense,Food,LOCAL BAKERY,UPI
U002-T00236,U002,2026-08-19,STATIONERY SHOP PAYMENT,45.0,expense,Shopping,STATIONERY SHOP,UPI
U002-T00237,U002,2026-09-07,AUTO RICKSHAW PAYMENT,55.0,expense,Transport,AUTO RICKSHAW,UPI
U002-T00238,U002,2026-09-12,MOBILE TOP-UP PAYMENT,29.0,expense,Bills,MOBILE TOP-UP,UPI
U002-T00239,U002,2026-08-08,CHAI POINT PAYMENT,10.0,expense,Food,CHAI POINT,UPI
U002-T00240,U002,2026-09-03,NAMMA METRO PAYMENT,20.0,expense,Transport,NAMMA METRO,UPI
U002-T00241,U002,2026-07-16,PARKING FEE PAYMENT,15.0,expense,Other,PARKING FEE,UPI
U002-T00242,U002,2026-07-23,PARKING FEE PAYMENT,10.0,expense,Other,PARKING FEE,UPI
U002-T00243,U002,2026-07-28,STATIONERY SHOP PAYMENT,20.0,expense,Shopping,STATIONERY SHOP,UPI
U002-T00244,U002,2026-07-06,BLINKIT DAILY PAYMENT,80.0,expense,Food,BLINKIT DAILY,UPI
U002-T00245,U002,2026-07-26,COMMUNITY CHARITY UPI PAYMENT,51.0,expense,Other,COMMUNITY CHARITY UPI,UPI
U002-T00246,U002,2026-07-19,LOCAL PHARMACY STORE PAYMENT,45.0,expense,Healthcare,LOCAL PHARMACY STORE,UPI
U002-T00247,U002,2026-08-10,COFFEE & CHAT PAYMENT,20.0,expense,Entertainment,COFFEE & CHAT,UPI
U002-T00248,U002,2026-07-12,ZEPTO QUICK ESSENTIALS PAYMENT,75.0,expense,Food,ZEPTO QUICK ESSENTIALS,UPI
U002-T00249,U002,2026-09-09,STREET TIFFIN PAYMENT,35.0,expense,Food,STREET TIFFIN,UPI
U002-T00250,U002,2026-09-05,BLINKIT DAILY PAYMENT,30.0,expense,Food,BLINKIT DAILY,UPI
U002-T00251,U002,2026-09-28,RAPIDO BIKE PAYMENT,42.0,expense,Transport,RAPIDO BIKE,UPI
U002-T00252,U002,2026-07-15,ZEPTO QUICK ESSENTIALS PAYMENT,35.0,expense,Food,ZEPTO QUICK ESSENTIALS,UPI
U002-T00253,U002,2026-09-11,NAMMA METRO PAYMENT,15.0,expense,Transport,NAMMA METRO,UPI
U002-T00254,U002,2026-07-14,NAMMA METRO PAYMENT,15.0,expense,Transport,NAMMA METRO,UPI
U002-T00255,U002,2026-08-06,CAMPUS PHOTOCOPY & NOTES PAYMENT,35.0,expense,Education,CAMPUS PHOTOCOPY & NOTES,UPI
U002-T00256,U002,2026-08-22,LOCAL BAKERY PAYMENT,35.0,expense,Food,LOCAL BAKERY,UPI
U002-T00257,U002,2026-09-12,RAPIDO BIKE PAYMENT,15.0,expense,Transport,RAPIDO BIKE,UPI
U002-T00258,U002,2026-07-23,LOCAL BAKERY PAYMENT,20.0,expense,Food,LOCAL BAKERY,UPI
U002-T00259,U002,2026-09-18,RAPIDO BIKE PAYMENT,42.0,expense,Transport,RAPIDO BIKE,UPI
U002-T00260,U002,2026-07-05,ZEPTO QUICK ESSENTIALS PAYMENT,50.0,expense,Food,ZEPTO QUICK ESSENTIALS,UPI
U002-T00261,U002,2026-09-27,LOCAL BAKERY PAYMENT,35.0,expense,Food,LOCAL BAKERY,UPI
U002-T00262,U002,2026-08-04,COFFEE & CHAT PAYMENT,20.0,expense,Entertainment,COFFEE & CHAT,UPI
U002-T00263,U002,2026-08-13,STATIONERY SHOP PAYMENT,30.0,expense,Shopping,STATIONERY SHOP,UPI
U002-T00264,U002,2026-08-09,LOCAL BAKERY PAYMENT,35.0,expense,Food,LOCAL BAKERY,UPI
U002-T00265,U002,2026-09-28,AUTO RICKSHAW PAYMENT,30.0,expense,Transport,AUTO RICKSHAW,UPI
U002-T00266,U002,2026-07-18,STREET TIFFIN PAYMENT,50.0,expense,Food,STREET TIFFIN,UPI
U002-T00267,U002,2026-08-11,LOCAL BAKERY PAYMENT,35.0,expense,Food,LOCAL BAKERY,UPI
U002-T00268,U002,2026-09-16,RAPIDO BIKE PAYMENT,22.0,expense,Transport,RAPIDO BIKE,UPI
U002-T00269,U002,2026-08-26,LOCAL BAKERY PAYMENT,35.0,expense,Food,LOCAL BAKERY,UPI
U002-T00270,U002,2026-09-01,UBER AUTO PAYMENT,60.0,expense,Transport,UBER AUTO,UPI
U002-T00271,U002,2026-07-08,NAMMA METRO PAYMENT,20.0,expense,Transport,NAMMA METRO,UPI
U002-T00272,U002,2026-07-09,STREET TIFFIN PAYMENT,50.0,expense,Food,STREET TIFFIN,UPI
U002-T00273,U002,2026-07-18,KIRANA STORE PAYMENT,15.0,expense,Shopping,KIRANA STORE,UPI
U002-T00274,U002,2026-07-23,LOCAL TEA & COFFEE PAYMENT,12.0,expense,Food,LOCAL TEA & COFFEE,UPI
U002-T00275,U002,2026-07-08,LOCAL BAKERY PAYMENT,35.0,expense,Food,LOCAL BAKERY,UPI
U002-T00276,U002,2026-07-07,COFFEE & CHAT PAYMENT,30.0,expense,Entertainment,COFFEE & CHAT,UPI
U002-T00277,U002,2026-08-05,ZEPTO QUICK ESSENTIALS PAYMENT,75.0,expense,Food,ZEPTO QUICK ESSENTIALS,UPI
U002-T00278,U002,2026-09-03,ZEPTO QUICK ESSENTIALS PAYMENT,25.0,expense,Food,ZEPTO QUICK ESSENTIALS,UPI
U002-T00279,U002,2026-09-26,CHAI POINT PAYMENT,20.0,expense,Food,CHAI POINT,UPI
U002-T00280,U002,2026-09-01,RAPIDO BIKE PAYMENT,22.0,expense,Transport,RAPIDO BIKE,UPI
U002-T00281,U002,2026-08-30,NAMMA METRO PAYMENT,25.0,expense,Transport,NAMMA METRO,UPI
U002-T00282,U002,2026-08-14,LOCAL TEA & COFFEE PAYMENT,15.0,expense,Food,LOCAL TEA & COFFEE,UPI
U002-T00283,U002,2026-09-27,CHAI POINT PAYMENT,10.0,expense,Food,CHAI POINT,UPI
U002-T00284,U002,2026-08-19,CHAI POINT PAYMENT,15.0,expense,Food,CHAI POINT,UPI
U002-T00285,U002,2026-07-29,RAPIDO BIKE PAYMENT,22.0,expense,Transport,RAPIDO BIKE,UPI
U002-T00286,U002,2026-08-04,RAPIDO BIKE PAYMENT,15.0,expense,Transport,RAPIDO BIKE,UPI
U002-T00287,U002,2026-09-26,CHAI POINT PAYMENT,15.0,expense,Food,CHAI POINT,UPI
U002-T00288,U002,2026-09-21,LOCAL TEA & COFFEE PAYMENT,10.0,expense,Food,LOCAL TEA & COFFEE,UPI
U002-T00289,U002,2026-07-29,LOCAL BAKERY PAYMENT,25.0,expense,Food,LOCAL BAKERY,UPI
U002-T00290,U002,2026-09-30,QUICK UPI TRANSFER PAYMENT,20.0,expense,Other,QUICK UPI TRANSFER,UPI
U002-T00291,U002,2026-08-24,COFFEE & CHAT PAYMENT,45.0,expense,Entertainment,COFFEE & CHAT,UPI
U002-T00292,U002,2026-08-28,LOCAL BAKERY PAYMENT,35.0,expense,Food,LOCAL BAKERY,UPI
U002-T00293,U002,2026-08-08,AUTO RICKSHAW PAYMENT,55.0,expense,Transport,AUTO RICKSHAW,UPI
U002-T00294,U002,2026-09-13,CHAI POINT PAYMENT,20.0,expense,Food,CHAI POINT,UPI
U002-T00295,U002,2026-09-10,RAPIDO BIKE PAYMENT,30.0,expense,Transport,RAPIDO BIKE,UPI
U002-T00296,U002,2026-08-08,AUTO RICKSHAW PAYMENT,55.0,expense,Transport,AUTO RICKSHAW,UPI
U002-T00297,U002,2026-07-09,STREET TIFFIN PAYMENT,35.0,expense,Food,STREET TIFFIN,UPI
U002-T00298,U002,2026-09-20,STREET TIFFIN PAYMENT,35.0,expense,Food,STREET TIFFIN,UPI
U002-T00299,U002,2026-08-03,RAPIDO BIKE PAYMENT,30.0,expense,Transport,RAPIDO BIKE,UPI
U002-T00300,U002,2026-07-25,LOCAL TEA & COFFEE PAYMENT,12.0,expense,Food,LOCAL TEA & COFFEE,UPI
U002-T00301,U002,2026-07-08,STATIONERY SHOP PAYMENT,45.0,expense,Shopping,STATIONERY SHOP,UPI
U002-T00302,U002,2026-09-23,STREET TIFFIN PAYMENT,25.0,expense,Food,STREET TIFFIN,UPI
U002-T00303,U002,2026-07-04,RAPIDO BIKE PAYMENT,30.0,expense,Transport,RAPIDO BIKE,UPI
U002-T00304,U002,2026-08-03,COFFEE & CHAT PAYMENT,65.0,expense,Entertainment,COFFEE & CHAT,UPI
U002-T00305,U002,2026-08-19,UBER AUTO PAYMENT,42.0,expense,Transport,UBER AUTO,UPI
U002-T00306,U002,2026-08-13,UBER AUTO PAYMENT,42.0,expense,Transport,UBER AUTO,UPI
U002-T00307,U002,2026-09-26,NAMMA METRO PAYMENT,35.0,expense,Transport,NAMMA METRO,UPI
U002-T00308,U002,2026-09-24,STREET TIFFIN PAYMENT,35.0,expense,Food,STREET TIFFIN,UPI
U002-T00309,U002,2026-07-22,LOCAL PHARMACY STORE PAYMENT,28.0,expense,Healthcare,LOCAL PHARMACY STORE,UPI
U002-T00310,U002,2026-08-07,CHAI POINT PAYMENT,15.0,expense,Food,CHAI POINT,UPI
U002-T00311,U002,2026-08-03,UBER AUTO PAYMENT,42.0,expense,Transport,UBER AUTO,UPI
U002-T00312,U002,2026-09-26,COFFEE & CHAT PAYMENT,20.0,expense,Entertainment,COFFEE & CHAT,UPI
U002-T00313,U002,2026-07-29,STREET TIFFIN PAYMENT,35.0,expense,Food,STREET TIFFIN,UPI
U002-T00314,U002,2026-08-23,KIRANA STORE PAYMENT,35.0,expense,Shopping,KIRANA STORE,UPI
U002-T00315,U002,2026-08-17,LOCAL BAKERY PAYMENT,25.0,expense,Food,LOCAL BAKERY,UPI
U002-T00316,U002,2026-08-29,LOCAL PHARMACY STORE PAYMENT,65.0,expense,Healthcare,LOCAL PHARMACY STORE,UPI
U002-T00317,U002,2026-07-07,CAMPUS PHOTOCOPY & NOTES PAYMENT,10.0,expense,Education,CAMPUS PHOTOCOPY & NOTES,UPI
U002-T00318,U002,2026-08-30,MOBILE TOP-UP PAYMENT,49.0,expense,Bills,MOBILE TOP-UP,UPI
U002-T00319,U002,2026-07-16,CAMPUS PHOTOCOPY & NOTES PAYMENT,50.0,expense,Education,CAMPUS PHOTOCOPY & NOTES,UPI
U002-T00320,U002,2026-09-06,STREET TIFFIN PAYMENT,20.0,expense,Food,STREET TIFFIN,UPI
U002-T00321,U002,2026-07-20,LOCAL TEA & COFFEE PAYMENT,12.0,expense,Food,LOCAL TEA & COFFEE,UPI
U002-T00322,U002,2026-08-13,ZEPTO QUICK ESSENTIALS PAYMENT,75.0,expense,Food,ZEPTO QUICK ESSENTIALS,UPI
U002-T00323,U002,2026-07-19,STREET TIFFIN PAYMENT,25.0,expense,Food,STREET TIFFIN,UPI
U002-T00324,U002,2026-07-11,SWIGGY QUICK BITE PAYMENT,60.0,expense,Food,SWIGGY QUICK BITE,UPI
U002-T00325,U002,2026-08-10,RAPIDO BIKE PAYMENT,15.0,expense,Transport,RAPIDO BIKE,UPI
U002-T00326,U002,2026-08-27,LOCAL BAKERY PAYMENT,20.0,expense,Food,LOCAL BAKERY,UPI
U002-T00327,U002,2026-09-12,KIRANA STORE PAYMENT,55.0,expense,Shopping,KIRANA STORE,UPI
U002-T00328,U002,2026-07-12,LOCAL TEA & COFFEE PAYMENT,20.0,expense,Food,LOCAL TEA & COFFEE,UPI
U002-T00329,U002,2026-09-20,BLINKIT DAILY PAYMENT,80.0,expense,Food,BLINKIT DAILY,UPI
U002-T00330,U002,2026-08-31,ZEPTO QUICK ESSENTIALS PAYMENT,25.0,expense,Food,ZEPTO QUICK ESSENTIALS,UPI
U002-T00331,U002,2026-09-07,LOCAL TEA & COFFEE PAYMENT,15.0,expense,Food,LOCAL TEA & COFFEE,UPI
U002-T00332,U002,2026-07-02,MOBILE TOP-UP PAYMENT,49.0,expense,Bills,MOBILE TOP-UP,UPI
U002-T00333,U002,2026-07-25,CHAI POINT PAYMENT,10.0,expense,Food,CHAI POINT,UPI
U002-T00334,U002,2026-09-19,UBER AUTO PAYMENT,42.0,expense,Transport,UBER AUTO,UPI
U002-T00335,U002,2026-09-27,MOBILE TOP-UP PAYMENT,29.0,expense,Bills,MOBILE TOP-UP,UPI
U002-T00336,U002,2026-07-17,CHAI POINT PAYMENT,20.0,expense,Food,CHAI POINT,UPI
U002-T00337,U002,2026-07-22,CHAI POINT PAYMENT,10.0,expense,Food,CHAI POINT,UPI
U002-T00338,U002,2026-08-08,PARKING FEE PAYMENT,15.0,expense,Other,PARKING FEE,UPI
U002-T00339,U002,2026-09-05,RAPIDO BIKE PAYMENT,30.0,expense,Transport,RAPIDO BIKE,UPI
U002-T00340,U002,2026-08-25,MOBILE TOP-UP PAYMENT,19.0,expense,Bills,MOBILE TOP-UP,UPI
U002-T00341,U002,2026-08-13,COMMUNITY CHARITY UPI PAYMENT,21.0,expense,Other,COMMUNITY CHARITY UPI,UPI
U002-T00342,U002,2026-08-15,UBER AUTO PAYMENT,42.0,expense,Transport,UBER AUTO,UPI
U002-T00343,U002,2026-08-21,CHAI POINT PAYMENT,15.0,expense,Food,CHAI POINT,UPI
U002-T00344,U002,2026-07-17,LOCAL BAKERY PAYMENT,15.0,expense,Food,LOCAL BAKERY,UPI
U002-T00345,U002,2026-09-14,SWIGGY QUICK BITE PAYMENT,40.0,expense,Food,SWIGGY QUICK BITE,UPI
U002-T00346,U002,2026-08-16,AUTO RICKSHAW PAYMENT,20.0,expense,Transport,AUTO RICKSHAW,UPI
U002-T00347,U002,2026-08-18,MOBILE TOP-UP PAYMENT,29.0,expense,Bills,MOBILE TOP-UP,UPI
U002-T00348,U002,2026-09-07,RAPIDO BIKE PAYMENT,15.0,expense,Transport,RAPIDO BIKE,UPI
U002-T00349,U002,2026-09-23,CHAI POINT PAYMENT,10.0,expense,Food,CHAI POINT,UPI
U002-T00350,U002,2026-07-07,AUTO RICKSHAW PAYMENT,55.0,expense,Transport,AUTO RICKSHAW,UPI
U002-T00351,U002,2026-08-26,ZEPTO QUICK ESSENTIALS PAYMENT,50.0,expense,Food,ZEPTO QUICK ESSENTIALS,UPI
U002-T00352,U002,2026-08-30,AUTO RICKSHAW PAYMENT,30.0,expense,Transport,AUTO RICKSHAW,UPI
U002-T00353,U002,2026-09-27,AUTO RICKSHAW PAYMENT,20.0,expense,Transport,AUTO RICKSHAW,UPI
U002-T00354,U002,2026-08-08,BLINKIT DAILY PAYMENT,30.0,expense,Food,BLINKIT DAILY,UPI
U002-T00355,U002,2026-09-23,NAMMA METRO PAYMENT,20.0,expense,Transport,NAMMA METRO,UPI
U002-T00356,U002,2026-08-23,LOCAL PHARMACY STORE PAYMENT,18.0,expense,Healthcare,LOCAL PHARMACY STORE,UPI
U002-T00357,U002,2026-09-04,AUTO RICKSHAW PAYMENT,20.0,expense,Transport,AUTO RICKSHAW,UPI
U002-T00358,U002,2026-08-06,CHAI POINT PAYMENT,10.0,expense,Food,CHAI POINT,UPI
U002-T00359,U002,2026-09-02,LOCAL TEA & COFFEE PAYMENT,12.0,expense,Food,LOCAL TEA & COFFEE,UPI
U002-T00360,U002,2026-08-03,LOCAL PHARMACY STORE PAYMENT,28.0,expense,Healthcare,LOCAL PHARMACY STORE,UPI
U002-T00361,U002,2026-08-15,AUTO RICKSHAW PAYMENT,40.0,expense,Transport,AUTO RICKSHAW,UPI
U002-T00362,U002,2026-07-21,CHAI POINT PAYMENT,30.0,expense,Food,CHAI POINT,UPI
U002-T00363,U002,2026-07-27,AUTO RICKSHAW PAYMENT,55.0,expense,Transport,AUTO RICKSHAW,UPI
U002-T00364,U002,2026-08-12,LOCAL BAKERY PAYMENT,15.0,expense,Food,LOCAL BAKERY,UPI
U002-T00365,U002,2026-09-24,CHAI POINT PAYMENT,10.0,expense,Food,CHAI POINT,UPI
U002-T00366,U002,2026-09-12,AUTO RICKSHAW PAYMENT,30.0,expense,Transport,AUTO RICKSHAW,UPI
U002-T00367,U002,2026-07-12,KIRANA STORE PAYMENT,15.0,expense,Shopping,KIRANA STORE,UPI
U002-T00368,U002,2026-07-13,COFFEE & CHAT PAYMENT,30.0,expense,Entertainment,COFFEE & CHAT,UPI
U002-T00369,U002,2026-08-28,COMMUNITY CHARITY UPI PAYMENT,21.0,expense,Other,COMMUNITY CHARITY UPI,UPI
U002-T00370,U002,2026-08-03,BLINKIT DAILY PAYMENT,30.0,expense,Food,BLINKIT DAILY,UPI
U002-T00371,U002,2026-07-23,CAMPUS PHOTOCOPY & NOTES PAYMENT,35.0,expense,Education,CAMPUS PHOTOCOPY & NOTES,UPI
U002-T00372,U002,2026-08-16,STATIONERY SHOP PAYMENT,30.0,expense,Shopping,STATIONERY SHOP,UPI
U002-T00373,U002,2026-08-24,UBER AUTO PAYMENT,28.0,expense,Transport,UBER AUTO,UPI
U002-T00374,U002,2026-07-06,CHAI POINT PAYMENT,15.0,expense,Food,CHAI POINT,UPI
U002-T00375,U002,2026-09-23,RAPIDO BIKE PAYMENT,30.0,expense,Transport,RAPIDO BIKE,UPI
U002-T00376,U002,2026-08-15,MOBILE TOP-UP PAYMENT,49.0,expense,Bills,MOBILE TOP-UP,UPI
U002-T00377,U002,2026-08-04,MOBILE TOP-UP PAYMENT,19.0,expense,Bills,MOBILE TOP-UP,UPI
U002-T00378,U002,2026-08-17,STATIONERY SHOP PAYMENT,20.0,expense,Shopping,STATIONERY SHOP,UPI
U002-T00379,U002,2026-07-15,ZEPTO QUICK ESSENTIALS PAYMENT,75.0,expense,Food,ZEPTO QUICK ESSENTIALS,UPI
U002-T00380,U002,2026-08-04,LOCAL PHARMACY STORE PAYMENT,65.0,expense,Healthcare,LOCAL PHARMACY STORE,UPI
U002-T00381,U002,2026-08-23,RAPIDO BIKE PAYMENT,22.0,expense,Transport,RAPIDO BIKE,UPI
U002-T00382,U002,2026-07-15,LOCAL TEA & COFFEE PAYMENT,10.0,expense,Food,LOCAL TEA & COFFEE,UPI
U002-T00383,U002,2026-07-21,CHAI POINT PAYMENT,30.0,expense,Food,CHAI POINT,UPI
U002-T00384,U002,2026-09-11,AUTO RICKSHAW PAYMENT,30.0,expense,Transport,AUTO RICKSHAW,UPI
U002-T00385,U002,2026-09-17,ZEPTO QUICK ESSENTIALS PAYMENT,50.0,expense,Food,ZEPTO QUICK ESSENTIALS,UPI
U002-T00386,U002,2026-09-17,CHAI POINT PAYMENT,15.0,expense,Food,CHAI POINT,UPI
U002-T00387,U002,2026-08-31,COFFEE & CHAT PAYMENT,20.0,expense,Entertainment,COFFEE & CHAT,UPI
U002-T00388,U002,2026-08-22,BLINKIT DAILY PAYMENT,30.0,expense,Food,BLINKIT DAILY,UPI
U002-T00389,U002,2026-08-03,RAPIDO BIKE PAYMENT,15.0,expense,Transport,RAPIDO BIKE,UPI
U002-T00390,U002,2026-09-29,CAMPUS PHOTOCOPY & NOTES PAYMENT,20.0,expense,Education,CAMPUS PHOTOCOPY & NOTES,UPI
U002-T00391,U002,2026-09-24,CAMPUS PHOTOCOPY & NOTES PAYMENT,10.0,expense,Education,CAMPUS PHOTOCOPY & NOTES,UPI
U002-T00392,U002,2026-08-25,RAPIDO BIKE PAYMENT,22.0,expense,Transport,RAPIDO BIKE,UPI
U002-T00393,U002,2026-08-31,STREET TIFFIN PAYMENT,50.0,expense,Food,STREET TIFFIN,UPI
U002-T00394,U002,2026-07-20,LOCAL PHARMACY STORE PAYMENT,18.0,expense,Healthcare,LOCAL PHARMACY STORE,UPI
U002-T00395,U002,2026-07-02,RAPIDO BIKE PAYMENT,22.0,expense,Transport,RAPIDO BIKE,UPI
U002-T00396,U002,2026-09-03,LOCAL PHARMACY STORE PAYMENT,65.0,expense,Healthcare,LOCAL PHARMACY STORE,UPI
U002-T00397,U002,2026-07-22,CHAI POINT PAYMENT,30.0,expense,Food,CHAI POINT,UPI
U002-T00398,U002,2026-08-11,LOCAL BAKERY PAYMENT,25.0,expense,Food,LOCAL BAKERY,UPI
U002-T00399,U002,2026-07-07,SWIGGY QUICK BITE PAYMENT,110.0,expense,Food,SWIGGY QUICK BITE,UPI
U002-T00400,U002,2026-08-21,STATIONERY SHOP PAYMENT,12.0,expense,Shopping,STATIONERY SHOP,UPI
U002-T00401,U002,2026-08-28,BLINKIT DAILY PAYMENT,80.0,expense,Food,BLINKIT DAILY,UPI
U002-T00402,U002,2026-07-12,LOCAL PHARMACY STORE PAYMENT,65.0,expense,Healthcare,LOCAL PHARMACY STORE,UPI
U002-T00403,U002,2026-08-10,LOCAL TEA & COFFEE PAYMENT,20.0,expense,Food,LOCAL TEA & COFFEE,UPI
U002-T00404,U002,2026-09-22,CHAI POINT PAYMENT,30.0,expense,Food,CHAI POINT,UPI
U002-T00405,U002,2026-08-22,CHAI POINT PAYMENT,10.0,expense,Food,CHAI POINT,UPI
U002-T00406,U002,2026-07-12,KIRANA STORE PAYMENT,35.0,expense,Shopping,KIRANA STORE,UPI
U002-T00407,U002,2026-09-04,NAMMA METRO PAYMENT,35.0,expense,Transport,NAMMA METRO,UPI
U002-T00408,U002,2026-08-13,ZEPTO QUICK ESSENTIALS PAYMENT,25.0,expense,Food,ZEPTO QUICK ESSENTIALS,UPI
U002-T00409,U002,2026-07-29,LOCAL PHARMACY STORE PAYMENT,45.0,expense,Healthcare,LOCAL PHARMACY STORE,UPI
U002-T00410,U002,2026-09-10,KIRANA STORE PAYMENT,55.0,expense,Shopping,KIRANA STORE,UPI
U002-T00411,U002,2026-09-30,RAPIDO BIKE PAYMENT,42.0,expense,Transport,RAPIDO BIKE,UPI
U002-T00412,U002,2026-07-15,CHAI POINT PAYMENT,15.0,expense,Food,CHAI POINT,UPI
U002-T00413,U002,2026-07-01,STREET TIFFIN PAYMENT,35.0,expense,Food,STREET TIFFIN,UPI
U002-T00414,U002,2026-09-09,NAMMA METRO PAYMENT,15.0,expense,Transport,NAMMA METRO,UPI
U002-T00415,U002,2026-07-06,COFFEE & CHAT PAYMENT,65.0,expense,Entertainment,COFFEE & CHAT,UPI
U002-T00416,U002,2026-07-18,STATIONERY SHOP PAYMENT,45.0,expense,Shopping,STATIONERY SHOP,UPI
U002-T00417,U002,2026-07-14,LOCAL BAKERY PAYMENT,20.0,expense,Food,LOCAL BAKERY,UPI
U002-T00418,U002,2026-07-25,LOCAL TEA & COFFEE PAYMENT,20.0,expense,Food,LOCAL TEA & COFFEE,UPI
U002-T00419,U002,2026-07-28,BLINKIT DAILY PAYMENT,40.0,expense,Food,BLINKIT DAILY,UPI
U002-T00420,U002,2026-09-30,STREET TIFFIN PAYMENT,50.0,expense,Food,STREET TIFFIN,UPI
U002-T00421,U002,2026-07-06,PARKING FEE PAYMENT,20.0,expense,Other,PARKING FEE,UPI
U002-T00422,U002,2026-09-14,LOCAL TEA & COFFEE PAYMENT,20.0,expense,Food,LOCAL TEA & COFFEE,UPI
U002-T00423,U002,2026-08-28,RAPIDO BIKE PAYMENT,22.0,expense,Transport,RAPIDO BIKE,UPI
U002-T00424,U002,2026-09-02,CHAI POINT PAYMENT,10.0,expense,Food,CHAI POINT,UPI
U002-T00425,U002,2026-09-09,PARKING FEE PAYMENT,20.0,expense,Other,PARKING FEE,UPI
U002-T00426,U002,2026-08-31,PARKING FEE PAYMENT,10.0,expense,Other,PARKING FEE,UPI
U002-T00427,U002,2026-09-27,NAMMA METRO PAYMENT,20.0,expense,Transport,NAMMA METRO,UPI
U002-T00428,U002,2026-07-14,ZEPTO QUICK ESSENTIALS PAYMENT,50.0,expense,Food,ZEPTO QUICK ESSENTIALS,UPI
U002-T00429,U002,2026-09-03,MOBILE TOP-UP PAYMENT,29.0,expense,Bills,MOBILE TOP-UP,UPI
U002-T00430,U002,2026-09-16,COFFEE & CHAT PAYMENT,30.0,expense,Entertainment,COFFEE & CHAT,UPI
U002-T00431,U002,2026-08-05,ZEPTO QUICK ESSENTIALS PAYMENT,50.0,expense,Food,ZEPTO QUICK ESSENTIALS,UPI
U002-T00432,U002,2026-08-07,BLINKIT DAILY PAYMENT,40.0,expense,Food,BLINKIT DAILY,UPI
U002-T00433,U002,2026-07-18,ZEPTO QUICK ESSENTIALS PAYMENT,50.0,expense,Food,ZEPTO QUICK ESSENTIALS,UPI
U002-T00434,U002,2026-09-28,NAMMA METRO PAYMENT,25.0,expense,Transport,NAMMA METRO,UPI
U002-T00435,U002,2026-09-30,UBER AUTO PAYMENT,42.0,expense,Transport,UBER AUTO,UPI
U002-T00436,U002,2026-07-26,LOCAL BAKERY PAYMENT,25.0,expense,Food,LOCAL BAKERY,UPI
U002-T00437,U002,2026-09-26,STREET TIFFIN PAYMENT,25.0,expense,Food,STREET TIFFIN,UPI
U002-T00438,U002,2026-09-29,RAPIDO BIKE PAYMENT,22.0,expense,Transport,RAPIDO BIKE,UPI
U002-T00439,U002,2026-09-03,NAMMA METRO PAYMENT,25.0,expense,Transport,NAMMA METRO,UPI
U002-T00440,U002,2026-09-29,LOCAL TEA & COFFEE PAYMENT,15.0,expense,Food,LOCAL TEA & COFFEE,UPI
U002-T00441,U002,2026-09-10,SWIGGY QUICK BITE PAYMENT,110.0,expense,Food,SWIGGY QUICK BITE,UPI
U002-T00442,U002,2026-09-25,UBER AUTO PAYMENT,60.0,expense,Transport,UBER AUTO,UPI
U002-T00443,U002,2026-08-24,STATIONERY SHOP PAYMENT,12.0,expense,Shopping,STATIONERY SHOP,UPI
U002-T00444,U002,2026-07-04,ZEPTO QUICK ESSENTIALS PAYMENT,25.0,expense,Food,ZEPTO QUICK ESSENTIALS,UPI
U002-T00445,U002,2026-09-24,CHAI POINT PAYMENT,20.0,expense,Food,CHAI POINT,UPI
U002-T00446,U002,2026-07-21,COMMUNITY CHARITY UPI PAYMENT,51.0,expense,Other,COMMUNITY CHARITY UPI,UPI
U002-T00447,U002,2026-08-02,LOCAL TEA & COFFEE PAYMENT,10.0,expense,Food,LOCAL TEA & COFFEE,UPI
U002-T00448,U002,2026-09-27,KIRANA STORE PAYMENT,25.0,expense,Shopping,KIRANA STORE,UPI
U002-T00449,U002,2026-09-08,CHAI POINT PAYMENT,30.0,expense,Food,CHAI POINT,UPI
U002-T00450,U002,2026-07-14,RAPIDO BIKE PAYMENT,22.0,expense,Transport,RAPIDO BIKE,UPI
U002-T00451,U002,2026-09-21,NAMMA METRO PAYMENT,20.0,expense,Transport,NAMMA METRO,UPI
U002-T00452,U002,2026-09-04,KIRANA STORE PAYMENT,35.0,expense,Shopping,KIRANA STORE,UPI
U002-T00453,U002,2026-09-27,RAPIDO BIKE PAYMENT,42.0,expense,Transport,RAPIDO BIKE,UPI
U002-T00454,U002,2026-08-19,ZEPTO QUICK ESSENTIALS PAYMENT,50.0,expense,Food,ZEPTO QUICK ESSENTIALS,UPI
U002-T00455,U002,2026-09-09,CHAI POINT PAYMENT,20.0,expense,Food,CHAI POINT,UPI
U002-T00456,U002,2026-07-26,RAPIDO BIKE PAYMENT,42.0,expense,Transport,RAPIDO BIKE,UPI
U002-T00457,U002,2026-07-29,COFFEE & CHAT PAYMENT,45.0,expense,Entertainment,COFFEE & CHAT,UPI
U002-T00458,U002,2026-09-14,NAMMA METRO PAYMENT,20.0,expense,Transport,NAMMA METRO,UPI
U002-T00459,U002,2026-07-25,STREET TIFFIN PAYMENT,25.0,expense,Food,STREET TIFFIN,UPI
U002-T00460,U002,2026-09-26,CHAI POINT PAYMENT,15.0,expense,Food,CHAI POINT,UPI
U002-T00461,U002,2026-09-04,LOCAL TEA & COFFEE PAYMENT,10.0,expense,Food,LOCAL TEA & COFFEE,UPI
U002-T00462,U002,2026-08-24,LOCAL BAKERY PAYMENT,25.0,expense,Food,LOCAL BAKERY,UPI
U002-T00463,U002,2026-07-17,LOCAL TEA & COFFEE PAYMENT,15.0,expense,Food,LOCAL TEA & COFFEE,UPI
U002-T00464,U002,2026-07-01,STREET TIFFIN PAYMENT,25.0,expense,Food,STREET TIFFIN,UPI
U002-T00465,U002,2026-07-06,LOCAL TEA & COFFEE PAYMENT,15.0,expense,Food,LOCAL TEA & COFFEE,UPI
U002-T00466,U002,2026-09-15,CHAI POINT PAYMENT,20.0,expense,Food,CHAI POINT,UPI
U002-T00467,U002,2026-09-01,KIRANA STORE PAYMENT,35.0,expense,Shopping,KIRANA STORE,UPI
U002-T00468,U002,2026-07-10,KIRANA STORE PAYMENT,35.0,expense,Shopping,KIRANA STORE,UPI
U002-T00469,U002,2026-09-06,LOCAL BAKERY PAYMENT,20.0,expense,Food,LOCAL BAKERY,UPI
U002-T00470,U002,2026-09-05,CHAI POINT PAYMENT,15.0,expense,Food,CHAI POINT,UPI
U002-T00471,U002,2026-08-23,NAMMA METRO PAYMENT,35.0,expense,Transport,NAMMA METRO,UPI
U002-T00472,U002,2026-07-12,STREET TIFFIN PAYMENT,25.0,expense,Food,STREET TIFFIN,UPI
U002-T00473,U002,2026-09-23,STREET TIFFIN PAYMENT,35.0,expense,Food,STREET TIFFIN,UPI
U002-T00474,U002,2026-08-07,LOCAL BAKERY PAYMENT,35.0,expense,Food,LOCAL BAKERY,UPI
U002-T00475,U002,2026-09-10,STATIONERY SHOP PAYMENT,12.0,expense,Shopping,STATIONERY SHOP,UPI
U002-T00476,U002,2026-07-15,AUTO RICKSHAW PAYMENT,55.0,expense,Transport,AUTO RICKSHAW,UPI
U002-T00477,U002,2026-07-31,COFFEE & CHAT PAYMENT,30.0,expense,Entertainment,COFFEE & CHAT,UPI
U002-T00478,U002,2026-07-06,AUTO RICKSHAW PAYMENT,40.0,expense,Transport,AUTO RICKSHAW,UPI
U002-T00479,U002,2026-08-18,COFFEE & CHAT PAYMENT,20.0,expense,Entertainment,COFFEE & CHAT,UPI
U002-T00480,U002,2026-08-19,LOCAL BAKERY PAYMENT,25.0,expense,Food,LOCAL BAKERY,UPI
U002-T00481,U002,2026-07-04,COFFEE & CHAT PAYMENT,45.0,expense,Entertainment,COFFEE & CHAT,UPI
U002-T00482,U002,2026-09-04,STATIONERY SHOP PAYMENT,45.0,expense,Shopping,STATIONERY SHOP,UPI
U002-T00483,U002,2026-09-01,CHAI POINT PAYMENT,15.0,expense,Food,CHAI POINT,UPI
U002-T00484,U002,2026-08-11,SWIGGY QUICK BITE PAYMENT,40.0,expense,Food,SWIGGY QUICK BITE,UPI
U002-T00485,U002,2026-07-22,QUICK UPI TRANSFER PAYMENT,10.0,expense,Other,QUICK UPI TRANSFER,UPI
U002-T00486,U002,2026-09-19,CHAI POINT PAYMENT,15.0,expense,Food,CHAI POINT,UPI
U002-T00487,U002,2026-09-26,BLINKIT DAILY PAYMENT,30.0,expense,Food,BLINKIT DAILY,UPI
U002-T00488,U002,2026-07-27,NAMMA METRO PAYMENT,35.0,expense,Transport,NAMMA METRO,UPI
U002-T00489,U002,2026-09-21,STATIONERY SHOP PAYMENT,12.0,expense,Shopping,STATIONERY SHOP,UPI
U002-T00490,U002,2026-09-26,LOCAL TEA & COFFEE PAYMENT,20.0,expense,Food,LOCAL TEA & COFFEE,UPI
U002-T00491,U002,2026-09-30,STREET TIFFIN PAYMENT,20.0,expense,Food,STREET TIFFIN,UPI
U002-T00492,U002,2026-07-10,CHAI POINT PAYMENT,20.0,expense,Food,CHAI POINT,UPI
U002-T00493,U002,2026-09-10,CHAI POINT PAYMENT,15.0,expense,Food,CHAI POINT,UPI
U002-T00494,U002,2026-08-03,ZEPTO QUICK ESSENTIALS PAYMENT,75.0,expense,Food,ZEPTO QUICK ESSENTIALS,UPI
U002-T00495,U002,2026-09-19,ZEPTO QUICK ESSENTIALS PAYMENT,50.0,expense,Food,ZEPTO QUICK ESSENTIALS,UPI
U002-T00496,U002,2026-07-03,ZEPTO QUICK ESSENTIALS PAYMENT,25.0,expense,Food,ZEPTO QUICK ESSENTIALS,UPI
U002-T00497,U002,2026-09-07,CHAI POINT PAYMENT,10.0,expense,Food,CHAI POINT,UPI
U002-T00498,U002,2026-09-13,CHAI POINT PAYMENT,10.0,expense,Food,CHAI POINT,UPI
U002-T00499,U002,2026-08-15,PARKING FEE PAYMENT,10.0,expense,Other,PARKING FEE,UPI
U002-T00500,U002,2026-08-07,KIRANA STORE PAYMENT,35.0,expense,Shopping,KIRANA STORE,UPI
U002-T00501,U002,2026-09-16,CHAI POINT PAYMENT,30.0,expense,Food,CHAI POINT,UPI
U002-T00502,U002,2026-08-18,ZEPTO QUICK ESSENTIALS PAYMENT,25.0,expense,Food,ZEPTO QUICK ESSENTIALS,UPI
U002-T00503,U002,2026-08-30,LOCAL TEA & COFFEE PAYMENT,12.0,expense,Food,LOCAL TEA & COFFEE,UPI
U002-T00504,U002,2026-07-18,UBER AUTO PAYMENT,60.0,expense,Transport,UBER AUTO,UPI
U002-T00505,U002,2026-09-20,LOCAL TEA & COFFEE PAYMENT,15.0,expense,Food,LOCAL TEA & COFFEE,UPI
U002-T00506,U002,2026-07-02,NAMMA METRO PAYMENT,20.0,expense,Transport,NAMMA METRO,UPI
U002-T00507,U002,2026-07-16,CHAI POINT PAYMENT,30.0,expense,Food,CHAI POINT,UPI
U002-T00508,U002,2026-09-07,NAMMA METRO PAYMENT,15.0,expense,Transport,NAMMA METRO,UPI
U002-T00509,U002,2026-08-09,LOCAL BAKERY PAYMENT,25.0,expense,Food,LOCAL BAKERY,UPI
U002-T00510,U002,2026-07-28,ZEPTO QUICK ESSENTIALS PAYMENT,35.0,expense,Food,ZEPTO QUICK ESSENTIALS,UPI
U002-T00511,U002,2026-07-21,LOCAL TEA & COFFEE PAYMENT,15.0,expense,Food,LOCAL TEA & COFFEE,UPI
U002-T00512,U002,2026-07-25,LOCAL TEA & COFFEE PAYMENT,10.0,expense,Food,LOCAL TEA & COFFEE,UPI
U002-T00513,U002,2026-09-09,BLINKIT DAILY PAYMENT,30.0,expense,Food,BLINKIT DAILY,UPI
U002-T00514,U002,2026-08-07,AUTO RICKSHAW PAYMENT,40.0,expense,Transport,AUTO RICKSHAW,UPI
U002-T00515,U002,2026-07-13,LOCAL TEA & COFFEE PAYMENT,20.0,expense,Food,LOCAL TEA & COFFEE,UPI
U002-T00516,U002,2026-08-12,STREET TIFFIN PAYMENT,25.0,expense,Food,STREET TIFFIN,UPI
U002-T00517,U002,2026-07-13,LOCAL BAKERY PAYMENT,15.0,expense,Food,LOCAL BAKERY,UPI
U002-T00518,U002,2026-07-25,STREET TIFFIN PAYMENT,50.0,expense,Food,STREET TIFFIN,UPI
U002-T00519,U002,2026-08-12,RAPIDO BIKE PAYMENT,30.0,expense,Transport,RAPIDO BIKE,UPI
U002-T00520,U002,2026-09-27,NAMMA METRO PAYMENT,25.0,expense,Transport,NAMMA METRO,UPI
U002-T00521,U002,2026-08-10,QUICK UPI TRANSFER PAYMENT,15.0,expense,Other,QUICK UPI TRANSFER,UPI
U002-T00522,U002,2026-07-01,STREET TIFFIN PAYMENT,25.0,expense,Food,STREET TIFFIN,UPI
U002-T00523,U002,2026-09-30,UBER AUTO PAYMENT,75.0,expense,Transport,UBER AUTO,UPI
U002-T00524,U002,2026-08-05,LOCAL PHARMACY STORE PAYMENT,28.0,expense,Healthcare,LOCAL PHARMACY STORE,UPI
U002-T00525,U002,2026-09-25,UBER AUTO PAYMENT,75.0,expense,Transport,UBER AUTO,UPI
U002-T00526,U002,2026-08-29,BLINKIT DAILY PAYMENT,60.0,expense,Food,BLINKIT DAILY,UPI
U002-T00527,U002,2026-09-01,NAMMA METRO PAYMENT,20.0,expense,Transport,NAMMA METRO,UPI
U002-T00528,U002,2026-09-21,RAPIDO BIKE PAYMENT,30.0,expense,Transport,RAPIDO BIKE,UPI
U002-T00529,U002,2026-07-18,MOBILE TOP-UP PAYMENT,19.0,expense,Bills,MOBILE TOP-UP,UPI
U002-T00530,U002,2026-08-03,UBER AUTO PAYMENT,28.0,expense,Transport,UBER AUTO,UPI
U002-T00531,U002,2026-07-10,MOBILE TOP-UP PAYMENT,49.0,expense,Bills,MOBILE TOP-UP,UPI
U002-T00532,U002,2026-09-19,CHAI POINT PAYMENT,30.0,expense,Food,CHAI POINT,UPI
U002-T00533,U002,2026-09-14,LOCAL BAKERY PAYMENT,15.0,expense,Food,LOCAL BAKERY,UPI
U002-T00534,U002,2026-09-09,LOCAL BAKERY PAYMENT,35.0,expense,Food,LOCAL BAKERY,UPI
U002-T00535,U002,2026-09-22,KIRANA STORE PAYMENT,35.0,expense,Shopping,KIRANA STORE,UPI
U002-T00536,U002,2026-08-20,LOCAL BAKERY PAYMENT,25.0,expense,Food,LOCAL BAKERY,UPI
U002-T00537,U002,2026-07-18,BLINKIT DAILY PAYMENT,30.0,expense,Food,BLINKIT DAILY,UPI
U002-T00538,U002,2026-08-20,ZEPTO QUICK ESSENTIALS PAYMENT,25.0,expense,Food,ZEPTO QUICK ESSENTIALS,UPI
U002-T00539,U002,2026-09-23,LOCAL BAKERY PAYMENT,20.0,expense,Food,LOCAL BAKERY,UPI
U002-T00540,U002,2026-09-04,LOCAL TEA & COFFEE PAYMENT,12.0,expense,Food,LOCAL TEA & COFFEE,UPI
U002-T00541,U002,2026-07-23,NAMMA METRO PAYMENT,20.0,expense,Transport,NAMMA METRO,UPI
U002-T00542,U002,2026-08-31,PARKING FEE PAYMENT,10.0,expense,Other,PARKING FEE,UPI
U002-T00543,U002,2026-07-29,UBER AUTO PAYMENT,42.0,expense,Transport,UBER AUTO,UPI
U002-T00544,U002,2026-07-09,LOCAL BAKERY PAYMENT,20.0,expense,Food,LOCAL BAKERY,UPI
U002-T00545,U002,2026-07-06,AUTO RICKSHAW PAYMENT,40.0,expense,Transport,AUTO RICKSHAW,UPI
U002-T00546,U002,2026-08-19,BLINKIT DAILY PAYMENT,80.0,expense,Food,BLINKIT DAILY,UPI
U002-T00547,U002,2026-07-06,CHAI POINT PAYMENT,20.0,expense,Food,CHAI POINT,UPI
U002-T00548,U002,2026-07-14,AUTO RICKSHAW PAYMENT,40.0,expense,Transport,AUTO RICKSHAW,UPI
U002-T00549,U002,2026-08-03,NAMMA METRO PAYMENT,20.0,expense,Transport,NAMMA METRO,UPI
U002-T00550,U002,2026-08-18,RAPIDO BIKE PAYMENT,30.0,expense,Transport,RAPIDO BIKE,UPI
U002-T00551,U002,2026-09-14,RAPIDO BIKE PAYMENT,15.0,expense,Transport,RAPIDO BIKE,UPI
U002-T00552,U002,2026-09-05,LOCAL BAKERY PAYMENT,20.0,expense,Food,LOCAL BAKERY,UPI
U002-T00553,U002,2026-09-05,ZEPTO QUICK ESSENTIALS PAYMENT,50.0,expense,Food,ZEPTO QUICK ESSENTIALS,UPI
U002-T00554,U002,2026-09-01,KIRANA STORE PAYMENT,15.0,expense,Shopping,KIRANA STORE,UPI
U002-T00555,U002,2026-09-03,MOBILE TOP-UP PAYMENT,29.0,expense,Bills,MOBILE TOP-UP,UPI
U002-T00556,U002,2026-07-22,LOCAL BAKERY PAYMENT,25.0,expense,Food,LOCAL BAKERY,UPI
U002-T00557,U002,2026-07-28,LOCAL TEA & COFFEE PAYMENT,12.0,expense,Food,LOCAL TEA & COFFEE,UPI
U002-T00558,U002,2026-08-16,RAPIDO BIKE PAYMENT,15.0,expense,Transport,RAPIDO BIKE,UPI
U002-T00559,U002,2026-09-23,LOCAL BAKERY PAYMENT,25.0,expense,Food,LOCAL BAKERY,UPI
U002-T00560,U002,2026-07-15,SWIGGY QUICK BITE PAYMENT,110.0,expense,Food,SWIGGY QUICK BITE,UPI
U002-T00561,U002,2026-08-31,LOCAL BAKERY PAYMENT,20.0,expense,Food,LOCAL BAKERY,UPI
U002-T00562,U002,2026-09-21,LOCAL PHARMACY STORE PAYMENT,18.0,expense,Healthcare,LOCAL PHARMACY STORE,UPI
U002-T00563,U002,2026-08-01,CHAI POINT PAYMENT,15.0,expense,Food,CHAI POINT,UPI
U002-T00564,U002,2026-07-18,RAPIDO BIKE PAYMENT,15.0,expense,Transport,RAPIDO BIKE,UPI
U002-T00565,U002,2026-09-12,LOCAL TEA & COFFEE PAYMENT,12.0,expense,Food,LOCAL TEA & COFFEE,UPI
U002-T00566,U002,2026-08-03,COFFEE & CHAT PAYMENT,65.0,expense,Entertainment,COFFEE & CHAT,UPI
U002-T00567,U002,2026-09-15,QUICK UPI TRANSFER PAYMENT,10.0,expense,Other,QUICK UPI TRANSFER,UPI
U002-T00568,U002,2026-09-23,STATIONERY SHOP PAYMENT,12.0,expense,Shopping,STATIONERY SHOP,UPI
U002-T00569,U002,2026-07-28,BLINKIT DAILY PAYMENT,80.0,expense,Food,BLINKIT DAILY,UPI
U002-T00570,U002,2026-08-31,LOCAL TEA & COFFEE PAYMENT,20.0,expense,Food,LOCAL TEA & COFFEE,UPI
U002-T00571,U002,2026-09-15,LOCAL TEA & COFFEE PAYMENT,12.0,expense,Food,LOCAL TEA & COFFEE,UPI
U002-T00572,U002,2026-09-18,RAPIDO BIKE PAYMENT,30.0,expense,Transport,RAPIDO BIKE,UPI
U002-T00573,U002,2026-07-22,UBER AUTO PAYMENT,60.0,expense,Transport,UBER AUTO,UPI
U002-T00574,U002,2026-08-28,RAPIDO BIKE PAYMENT,15.0,expense,Transport,RAPIDO BIKE,UPI
U002-T00575,U002,2026-07-30,ZEPTO QUICK ESSENTIALS PAYMENT,35.0,expense,Food,ZEPTO QUICK ESSENTIALS,UPI
U002-T00576,U002,2026-07-14,CHAI POINT PAYMENT,30.0,expense,Food,CHAI POINT,UPI
U002-T00577,U002,2026-07-20,RAPIDO BIKE PAYMENT,22.0,expense,Transport,RAPIDO BIKE,UPI
U002-T00578,U002,2026-08-30,COFFEE & CHAT PAYMENT,20.0,expense,Entertainment,COFFEE & CHAT,UPI
U002-T00579,U002,2026-09-07,SWIGGY QUICK BITE PAYMENT,40.0,expense,Food,SWIGGY QUICK BITE,UPI
U002-T00580,U002,2026-07-12,SWIGGY QUICK BITE PAYMENT,60.0,expense,Food,SWIGGY QUICK BITE,UPI
U002-T00581,U002,2026-09-16,NAMMA METRO PAYMENT,15.0,expense,Transport,NAMMA METRO,UPI
U002-T00582,U002,2026-09-25,RAPIDO BIKE PAYMENT,42.0,expense,Transport,RAPIDO BIKE,UPI
U002-T00583,U002,2026-08-17,CAMPUS PHOTOCOPY & NOTES PAYMENT,50.0,expense,Education,CAMPUS PHOTOCOPY & NOTES,UPI
U002-T00584,U002,2026-07-30,PARKING FEE PAYMENT,15.0,expense,Other,PARKING FEE,UPI
U002-T00585,U002,2026-08-18,STREET TIFFIN PAYMENT,20.0,expense,Food,STREET TIFFIN,UPI
U002-T00586,U002,2026-08-24,LOCAL TEA & COFFEE PAYMENT,20.0,expense,Food,LOCAL TEA & COFFEE,UPI
U002-T00587,U002,2026-07-30,COFFEE & CHAT PAYMENT,20.0,expense,Entertainment,COFFEE & CHAT,UPI
U002-T00588,U002,2026-08-06,RAPIDO BIKE PAYMENT,42.0,expense,Transport,RAPIDO BIKE,UPI
U002-T00589,U002,2026-08-02,LOCAL TEA & COFFEE PAYMENT,10.0,expense,Food,LOCAL TEA & COFFEE,UPI
U002-T00590,U002,2026-09-12,NAMMA METRO PAYMENT,15.0,expense,Transport,NAMMA METRO,UPI
U002-T00591,U002,2026-08-18,RAPIDO BIKE PAYMENT,30.0,expense,Transport,RAPIDO BIKE,UPI
U002-T00592,U002,2026-08-22,ZEPTO QUICK ESSENTIALS PAYMENT,35.0,expense,Food,ZEPTO QUICK ESSENTIALS,UPI
U002-T00593,U002,2026-08-24,RAPIDO BIKE PAYMENT,30.0,expense,Transport,RAPIDO BIKE,UPI
U002-T00594,U002,2026-08-03,LOCAL PHARMACY STORE PAYMENT,65.0,expense,Healthcare,LOCAL PHARMACY STORE,UPI
U002-T00595,U002,2026-09-11,ZEPTO QUICK ESSENTIALS PAYMENT,50.0,expense,Food,ZEPTO QUICK ESSENTIALS,UPI
U002-T00596,U002,2026-09-26,ZEPTO QUICK ESSENTIALS PAYMENT,35.0,expense,Food,ZEPTO QUICK ESSENTIALS,UPI
U002-T00597,U002,2026-08-22,NAMMA METRO PAYMENT,35.0,expense,Transport,NAMMA METRO,UPI
U002-T00598,U002,2026-07-23,ZEPTO QUICK ESSENTIALS PAYMENT,75.0,expense,Food,ZEPTO QUICK ESSENTIALS,UPI
U002-T00599,U002,2026-08-02,COMMUNITY CHARITY UPI PAYMENT,51.0,expense,Other,COMMUNITY CHARITY UPI,UPI
U002-T00600,U002,2026-08-14,KIRANA STORE PAYMENT,55.0,expense,Shopping,KIRANA STORE,UPI
U002-T00601,U002,2026-07-18,LOCAL PHARMACY STORE PAYMENT,18.0,expense,Healthcare,LOCAL PHARMACY STORE,UPI
U002-T00602,U002,2026-07-30,BLINKIT DAILY PAYMENT,40.0,expense,Food,BLINKIT DAILY,UPI
U002-T00603,U002,2026-07-13,LOCAL BAKERY PAYMENT,35.0,expense,Food,LOCAL BAKERY,UPI
U002-T00604,U002,2026-08-13,STATIONERY SHOP PAYMENT,12.0,expense,Shopping,STATIONERY SHOP,UPI
U002-T00605,U002,2026-07-21,ZEPTO QUICK ESSENTIALS PAYMENT,25.0,expense,Food,ZEPTO QUICK ESSENTIALS,UPI
U002-T00606,U002,2026-07-12,STATIONERY SHOP PAYMENT,45.0,expense,Shopping,STATIONERY SHOP,UPI
U002-T00607,U002,2026-09-15,BLINKIT DAILY PAYMENT,30.0,expense,Food,BLINKIT DAILY,UPI
U002-T00608,U002,2026-08-03,LOCAL BAKERY PAYMENT,15.0,expense,Food,LOCAL BAKERY,UPI
U002-T00609,U002,2026-09-16,CHAI POINT PAYMENT,30.0,expense,Food,CHAI POINT,UPI
U002-T00610,U002,2026-08-21,RAPIDO BIKE PAYMENT,30.0,expense,Transport,RAPIDO BIKE,UPI
U002-T00611,U002,2026-09-30,QUICK UPI TRANSFER PAYMENT,10.0,expense,Other,QUICK UPI TRANSFER,UPI
U002-T00612,U002,2026-07-23,RAPIDO BIKE PAYMENT,42.0,expense,Transport,RAPIDO BIKE,UPI
U002-T00613,U002,2026-07-02,LOCAL TEA & COFFEE PAYMENT,15.0,expense,Food,LOCAL TEA & COFFEE,UPI
U002-T00614,U002,2026-07-25,CHAI POINT PAYMENT,15.0,expense,Food,CHAI POINT,UPI
U002-T00615,U002,2026-09-17,LOCAL TEA & COFFEE PAYMENT,10.0,expense,Food,LOCAL TEA & COFFEE,UPI
U002-T00616,U002,2026-08-16,LOCAL BAKERY PAYMENT,15.0,expense,Food,LOCAL BAKERY,UPI
U002-T00617,U002,2026-07-21,CHAI POINT PAYMENT,20.0,expense,Food,CHAI POINT,UPI
U002-T00618,U002,2026-08-21,STREET TIFFIN PAYMENT,50.0,expense,Food,STREET TIFFIN,UPI
U002-T00619,U002,2026-08-21,NAMMA METRO PAYMENT,15.0,expense,Transport,NAMMA METRO,UPI
U002-T00620,U002,2026-09-29,CHAI POINT PAYMENT,10.0,expense,Food,CHAI POINT,UPI
U002-T00621,U002,2026-09-09,LOCAL BAKERY PAYMENT,25.0,expense,Food,LOCAL BAKERY,UPI
U002-T00622,U002,2026-08-14,QUICK UPI TRANSFER PAYMENT,20.0,expense,Other,QUICK UPI TRANSFER,UPI
U002-T00623,U002,2026-07-29,RAPIDO BIKE PAYMENT,22.0,expense,Transport,RAPIDO BIKE,UPI
U002-T00624,U002,2026-08-28,PARKING FEE PAYMENT,20.0,expense,Other,PARKING FEE,UPI
U002-T00625,U002,2026-07-01,LOCAL BAKERY PAYMENT,35.0,expense,Food,LOCAL BAKERY,UPI
U002-T00626,U002,2026-09-03,CHAI POINT PAYMENT,10.0,expense,Food,CHAI POINT,UPI
U002-T00627,U002,2026-09-03,STREET TIFFIN PAYMENT,20.0,expense,Food,STREET TIFFIN,UPI
U002-T00628,U002,2026-09-04,QUICK UPI TRANSFER PAYMENT,20.0,expense,Other,QUICK UPI TRANSFER,UPI
U002-T00629,U002,2026-09-27,BLINKIT DAILY PAYMENT,80.0,expense,Food,BLINKIT DAILY,UPI
U002-T00630,U002,2026-09-11,SWIGGY QUICK BITE PAYMENT,60.0,expense,Food,SWIGGY QUICK BITE,UPI
U002-T00631,U002,2026-08-13,QUICK UPI TRANSFER PAYMENT,30.0,expense,Other,QUICK UPI TRANSFER,UPI
U002-T00632,U002,2026-09-26,BLINKIT DAILY PAYMENT,30.0,expense,Food,BLINKIT DAILY,UPI
U002-T00633,U002,2026-08-31,LOCAL TEA & COFFEE PAYMENT,10.0,expense,Food,LOCAL TEA & COFFEE,UPI
U002-T00634,U002,2026-08-18,RAPIDO BIKE PAYMENT,22.0,expense,Transport,RAPIDO BIKE,UPI
U002-T00635,U002,2026-09-25,AUTO RICKSHAW PAYMENT,40.0,expense,Transport,AUTO RICKSHAW,UPI
U002-T00636,U002,2026-08-22,QUICK UPI TRANSFER PAYMENT,10.0,expense,Other,QUICK UPI TRANSFER,UPI
U002-T00637,U002,2026-09-28,LOCAL PHARMACY STORE PAYMENT,28.0,expense,Healthcare,LOCAL PHARMACY STORE,UPI
U002-T00638,U002,2026-08-06,CHAI POINT PAYMENT,20.0,expense,Food,CHAI POINT,UPI
U002-T00639,U002,2026-07-10,NAMMA METRO PAYMENT,20.0,expense,Transport,NAMMA METRO,UPI
U002-T00640,U002,2026-08-30,STREET TIFFIN PAYMENT,25.0,expense,Food,STREET TIFFIN,UPI
U002-T00641,U002,2026-09-12,LOCAL BAKERY PAYMENT,20.0,expense,Food,LOCAL BAKERY,UPI
U002-T00642,U002,2026-09-02,UBER AUTO PAYMENT,42.0,expense,Transport,UBER AUTO,UPI
U002-T00643,U002,2026-07-31,CAMPUS PHOTOCOPY & NOTES PAYMENT,20.0,expense,Education,CAMPUS PHOTOCOPY & NOTES,UPI
U002-T00644,U002,2026-07-30,LOCAL TEA & COFFEE PAYMENT,12.0,expense,Food,LOCAL TEA & COFFEE,UPI
U002-T00645,U002,2026-09-18,STREET TIFFIN PAYMENT,20.0,expense,Food,STREET TIFFIN,UPI
U002-T00646,U002,2026-07-16,COFFEE & CHAT PAYMENT,65.0,expense,Entertainment,COFFEE & CHAT,UPI
U002-T00647,U002,2026-09-17,CHAI POINT PAYMENT,10.0,expense,Food,CHAI POINT,UPI
U002-T00648,U002,2026-08-31,ZEPTO QUICK ESSENTIALS PAYMENT,50.0,expense,Food,ZEPTO QUICK ESSENTIALS,UPI
U002-T00649,U002,2026-09-02,COFFEE & CHAT PAYMENT,45.0,expense,Entertainment,COFFEE & CHAT,UPI
U002-T00650,U002,2026-09-01,LOCAL TEA & COFFEE PAYMENT,15.0,expense,Food,LOCAL TEA & COFFEE,UPI
U002-T00651,U002,2026-08-20,LOCAL BAKERY PAYMENT,20.0,expense,Food,LOCAL BAKERY,UPI
U002-T00652,U002,2026-07-07,NAMMA METRO PAYMENT,35.0,expense,Transport,NAMMA METRO,UPI
U002-T00653,U002,2026-08-31,PARKING FEE PAYMENT,10.0,expense,Other,PARKING FEE,UPI
U002-T00654,U002,2026-09-03,STREET TIFFIN PAYMENT,25.0,expense,Food,STREET TIFFIN,UPI
U002-T00655,U002,2026-08-28,QUICK UPI TRANSFER PAYMENT,30.0,expense,Other,QUICK UPI TRANSFER,UPI
U002-T00656,U002,2026-08-10,AUTO RICKSHAW PAYMENT,20.0,expense,Transport,AUTO RICKSHAW,UPI
U002-T00657,U002,2026-09-25,LOCAL BAKERY PAYMENT,15.0,expense,Food,LOCAL BAKERY,UPI
U002-T00658,U002,2026-08-11,STREET TIFFIN PAYMENT,35.0,expense,Food,STREET TIFFIN,UPI
U002-T00659,U002,2026-07-24,NAMMA METRO PAYMENT,20.0,expense,Transport,NAMMA METRO,UPI
U002-T00660,U002,2026-08-04,BLINKIT DAILY PAYMENT,60.0,expense,Food,BLINKIT DAILY,UPI
U002-T00661,U002,2026-08-16,LOCAL TEA & COFFEE PAYMENT,20.0,expense,Food,LOCAL TEA & COFFEE,UPI
U002-T00662,U002,2026-07-27,BLINKIT DAILY PAYMENT,60.0,expense,Food,BLINKIT DAILY,UPI
U002-T00663,U002,2026-08-16,LOCAL PHARMACY STORE PAYMENT,45.0,expense,Healthcare,LOCAL PHARMACY STORE,UPI
U002-T00664,U002,2026-08-27,LOCAL TEA & COFFEE PAYMENT,12.0,expense,Food,LOCAL TEA & COFFEE,UPI
U002-T00665,U002,2026-09-12,AUTO RICKSHAW PAYMENT,20.0,expense,Transport,AUTO RICKSHAW,UPI
U002-T00666,U002,2026-08-04,STATIONERY SHOP PAYMENT,45.0,expense,Shopping,STATIONERY SHOP,UPI
U002-T00667,U002,2026-08-18,LOCAL TEA & COFFEE PAYMENT,12.0,expense,Food,LOCAL TEA & COFFEE,UPI
U002-T00668,U002,2026-08-30,STATIONERY SHOP PAYMENT,20.0,expense,Shopping,STATIONERY SHOP,UPI
U002-T00669,U002,2026-08-23,SWIGGY QUICK BITE PAYMENT,85.0,expense,Food,SWIGGY QUICK BITE,UPI
U002-T00670,U002,2026-09-01,STREET TIFFIN PAYMENT,20.0,expense,Food,STREET TIFFIN,UPI
U002-T00671,U002,2026-08-20,CHAI POINT PAYMENT,15.0,expense,Food,CHAI POINT,UPI
U002-T00672,U002,2026-07-08,LOCAL BAKERY PAYMENT,25.0,expense,Food,LOCAL BAKERY,UPI
U002-T00673,U002,2026-08-30,LOCAL PHARMACY STORE PAYMENT,18.0,expense,Healthcare,LOCAL PHARMACY STORE,UPI
U002-T00674,U002,2026-08-27,UBER AUTO PAYMENT,60.0,expense,Transport,UBER AUTO,UPI
U002-T00675,U002,2026-08-16,STREET TIFFIN PAYMENT,35.0,expense,Food,STREET TIFFIN,UPI
U002-T00676,U002,2026-08-14,CHAI POINT PAYMENT,10.0,expense,Food,CHAI POINT,UPI
U002-T00677,U002,2026-08-14,CAMPUS PHOTOCOPY & NOTES PAYMENT,20.0,expense,Education,CAMPUS PHOTOCOPY & NOTES,UPI
U002-T00678,U002,2026-09-12,NAMMA METRO PAYMENT,20.0,expense,Transport,NAMMA METRO,UPI
U002-T00679,U002,2026-08-06,STREET TIFFIN PAYMENT,50.0,expense,Food,STREET TIFFIN,UPI
U002-T00680,U002,2026-08-27,MOBILE TOP-UP PAYMENT,29.0,expense,Bills,MOBILE TOP-UP,UPI
U002-T00681,U002,2026-09-17,STREET TIFFIN PAYMENT,25.0,expense,Food,STREET TIFFIN,UPI
U002-T00682,U002,2026-07-22,RAPIDO BIKE PAYMENT,30.0,expense,Transport,RAPIDO BIKE,UPI
U002-T00683,U002,2026-08-23,RAPIDO BIKE PAYMENT,42.0,expense,Transport,RAPIDO BIKE,UPI
U002-T00684,U002,2026-07-10,CHAI POINT PAYMENT,20.0,expense,Food,CHAI POINT,UPI
U002-T00685,U002,2026-07-30,STREET TIFFIN PAYMENT,35.0,expense,Food,STREET TIFFIN,UPI
U002-T00686,U002,2026-09-29,LOCAL BAKERY PAYMENT,35.0,expense,Food,LOCAL BAKERY,UPI
U002-T00687,U002,2026-08-04,MOBILE TOP-UP PAYMENT,29.0,expense,Bills,MOBILE TOP-UP,UPI
U002-T00688,U002,2026-09-14,NAMMA METRO PAYMENT,35.0,expense,Transport,NAMMA METRO,UPI
U002-T00689,U002,2026-08-22,LOCAL TEA & COFFEE PAYMENT,10.0,expense,Food,LOCAL TEA & COFFEE,UPI
U002-T00690,U002,2026-07-17,UBER AUTO PAYMENT,60.0,expense,Transport,UBER AUTO,UPI
U002-T00691,U002,2026-09-28,UBER AUTO PAYMENT,42.0,expense,Transport,UBER AUTO,UPI
U002-T00692,U002,2026-07-22,ZEPTO QUICK ESSENTIALS PAYMENT,25.0,expense,Food,ZEPTO QUICK ESSENTIALS,UPI
U002-T00693,U002,2026-07-09,PARKING FEE PAYMENT,15.0,expense,Other,PARKING FEE,UPI
U002-T00694,U002,2026-09-09,CHAI POINT PAYMENT,30.0,expense,Food,CHAI POINT,UPI
U002-T00695,U002,2026-09-06,KIRANA STORE PAYMENT,15.0,expense,Shopping,KIRANA STORE,UPI
U002-T00696,U002,2026-07-14,LOCAL BAKERY PAYMENT,20.0,expense,Food,LOCAL BAKERY,UPI
U002-T00697,U002,2026-07-11,RAPIDO BIKE PAYMENT,42.0,expense,Transport,RAPIDO BIKE,UPI
U002-T00698,U002,2026-08-09,LOCAL BAKERY PAYMENT,25.0,expense,Food,LOCAL BAKERY,UPI
U002-T00699,U002,2026-08-26,RAPIDO BIKE PAYMENT,22.0,expense,Transport,RAPIDO BIKE,UPI
U002-T00700,U002,2026-09-06,LOCAL PHARMACY STORE PAYMENT,18.0,expense,Healthcare,LOCAL PHARMACY STORE,UPI
U002-T00701,U002,2026-07-05,RAPIDO BIKE PAYMENT,30.0,expense,Transport,RAPIDO BIKE,UPI
U002-T00702,U002,2026-08-30,BLINKIT DAILY PAYMENT,60.0,expense,Food,BLINKIT DAILY,UPI
U002-T00703,U002,2026-09-09,BLINKIT DAILY PAYMENT,40.0,expense,Food,BLINKIT DAILY,UPI
U002-T00704,U002,2026-09-14,RAPIDO BIKE PAYMENT,42.0,expense,Transport,RAPIDO BIKE,UPI
U002-T00705,U002,2026-09-06,RAPIDO BIKE PAYMENT,30.0,expense,Transport,RAPIDO BIKE,UPI
U002-T00706,U002,2026-08-14,SWIGGY QUICK BITE PAYMENT,60.0,expense,Food,SWIGGY QUICK BITE,UPI
U002-T00707,U002,2026-07-12,BLINKIT DAILY PAYMENT,60.0,expense,Food,BLINKIT DAILY,UPI
U002-T00708,U002,2026-08-22,LOCAL BAKERY PAYMENT,25.0,expense,Food,LOCAL BAKERY,UPI
U002-T00709,U002,2026-07-02,CHAI POINT PAYMENT,15.0,expense,Food,CHAI POINT,UPI
U002-T00710,U002,2026-08-14,STREET TIFFIN PAYMENT,20.0,expense,Food,STREET TIFFIN,UPI
U002-T00711,U002,2026-09-27,COFFEE & CHAT PAYMENT,65.0,expense,Entertainment,COFFEE & CHAT,UPI
U002-T00712,U002,2026-08-08,CHAI POINT PAYMENT,30.0,expense,Food,CHAI POINT,UPI
U002-T00713,U002,2026-08-07,RAPIDO BIKE PAYMENT,15.0,expense,Transport,RAPIDO BIKE,UPI
U002-T00714,U002,2026-09-09,ZEPTO QUICK ESSENTIALS PAYMENT,75.0,expense,Food,ZEPTO QUICK ESSENTIALS,UPI
U002-T00715,U002,2026-09-10,BLINKIT DAILY PAYMENT,40.0,expense,Food,BLINKIT DAILY,UPI
U002-T00716,U002,2026-07-21,AUTO RICKSHAW PAYMENT,55.0,expense,Transport,AUTO RICKSHAW,UPI
U002-T00717,U002,2026-08-18,LOCAL BAKERY PAYMENT,15.0,expense,Food,LOCAL BAKERY,UPI
U002-T00718,U002,2026-08-24,RAPIDO BIKE PAYMENT,30.0,expense,Transport,RAPIDO BIKE,UPI
U002-T00719,U002,2026-08-06,RAPIDO BIKE PAYMENT,30.0,expense,Transport,RAPIDO BIKE,UPI
U002-T00720,U002,2026-08-22,LOCAL TEA & COFFEE PAYMENT,10.0,expense,Food,LOCAL TEA & COFFEE,UPI
U002-T00721,U002,2026-07-24,LOCAL TEA & COFFEE PAYMENT,10.0,expense,Food,LOCAL TEA & COFFEE,UPI
U002-T00722,U002,2026-09-20,BLINKIT DAILY PAYMENT,80.0,expense,Food,BLINKIT DAILY,UPI
U002-T00723,U002,2026-08-04,AUTO RICKSHAW PAYMENT,55.0,expense,Transport,AUTO RICKSHAW,UPI
U002-T00724,U002,2026-07-25,STREET TIFFIN PAYMENT,25.0,expense,Food,STREET TIFFIN,UPI
U002-T00725,U002,2026-07-07,QUICK UPI TRANSFER PAYMENT,10.0,expense,Other,QUICK UPI TRANSFER,UPI
U002-T00726,U002,2026-07-24,QUICK UPI TRANSFER PAYMENT,20.0,expense,Other,QUICK UPI TRANSFER,UPI
U002-T00727,U002,2026-08-04,LOCAL TEA & COFFEE PAYMENT,20.0,expense,Food,LOCAL TEA & COFFEE,UPI
U002-T00728,U002,2026-07-02,LOCAL BAKERY PAYMENT,20.0,expense,Food,LOCAL BAKERY,UPI
U002-T00729,U002,2026-07-02,SWIGGY QUICK BITE PAYMENT,85.0,expense,Food,SWIGGY QUICK BITE,UPI
U002-T00730,U002,2026-08-23,STREET TIFFIN PAYMENT,50.0,expense,Food,STREET TIFFIN,UPI
U002-T00731,U002,2026-08-17,BLINKIT DAILY PAYMENT,30.0,expense,Food,BLINKIT DAILY,UPI
U002-T00732,U002,2026-08-12,CHAI POINT PAYMENT,15.0,expense,Food,CHAI POINT,UPI
U002-T00733,U002,2026-07-08,LOCAL BAKERY PAYMENT,35.0,expense,Food,LOCAL BAKERY,UPI
U002-T00734,U002,2026-07-10,NAMMA METRO PAYMENT,20.0,expense,Transport,NAMMA METRO,UPI
U002-T00735,U002,2026-07-25,COFFEE & CHAT PAYMENT,45.0,expense,Entertainment,COFFEE & CHAT,UPI
U002-T00736,U002,2026-08-18,STATIONERY SHOP PAYMENT,12.0,expense,Shopping,STATIONERY SHOP,UPI
U002-T00737,U002,2026-09-30,LOCAL BAKERY PAYMENT,35.0,expense,Food,LOCAL BAKERY,UPI
U002-T00738,U002,2026-08-01,UBER AUTO PAYMENT,28.0,expense,Transport,UBER AUTO,UPI
U002-T00739,U002,2026-07-26,BLINKIT DAILY PAYMENT,30.0,expense,Food,BLINKIT DAILY,UPI
U002-T00740,U002,2026-09-05,RAPIDO BIKE PAYMENT,22.0,expense,Transport,RAPIDO BIKE,UPI
U002-T00741,U002,2026-08-30,ZEPTO QUICK ESSENTIALS PAYMENT,50.0,expense,Food,ZEPTO QUICK ESSENTIALS,UPI
U002-T00742,U002,2026-08-11,LOCAL TEA & COFFEE PAYMENT,10.0,expense,Food,LOCAL TEA & COFFEE,UPI
U002-T00743,U002,2026-09-09,NAMMA METRO PAYMENT,25.0,expense,Transport,NAMMA METRO,UPI
U002-T00744,U002,2026-08-31,RAPIDO BIKE PAYMENT,22.0,expense,Transport,RAPIDO BIKE,UPI
U002-T00745,U002,2026-08-16,MOBILE TOP-UP PAYMENT,49.0,expense,Bills,MOBILE TOP-UP,UPI
U002-T00746,U002,2026-07-28,QUICK UPI TRANSFER PAYMENT,15.0,expense,Other,QUICK UPI TRANSFER,UPI
U002-T00747,U002,2026-09-20,BLINKIT DAILY PAYMENT,30.0,expense,Food,BLINKIT DAILY,UPI
U002-T00748,U002,2026-07-22,KIRANA STORE PAYMENT,15.0,expense,Shopping,KIRANA STORE,UPI
U002-T00749,U002,2026-08-20,KIRANA STORE PAYMENT,15.0,expense,Shopping,KIRANA STORE,UPI
U002-T00750,U002,2026-07-06,NAMMA METRO PAYMENT,35.0,expense,Transport,NAMMA METRO,UPI
U002-T00751,U002,2026-09-27,RAPIDO BIKE PAYMENT,30.0,expense,Transport,RAPIDO BIKE,UPI
U002-T00752,U002,2026-07-12,LOCAL BAKERY PAYMENT,35.0,expense,Food,LOCAL BAKERY,UPI
U002-T00753,U002,2026-07-12,AUTO RICKSHAW PAYMENT,40.0,expense,Transport,AUTO RICKSHAW,UPI
U002-T00754,U002,2026-09-19,CHAI POINT PAYMENT,20.0,expense,Food,CHAI POINT,UPI
U002-T00755,U002,2026-09-21,LOCAL TEA & COFFEE PAYMENT,10.0,expense,Food,LOCAL TEA & COFFEE,UPI
U002-T00756,U002,2026-07-17,SWIGGY QUICK BITE PAYMENT,85.0,expense,Food,SWIGGY QUICK BITE,UPI
U002-T00757,U002,2026-09-10,KIRANA STORE PAYMENT,35.0,expense,Shopping,KIRANA STORE,UPI
U002-T00758,U002,2026-08-26,UBER AUTO PAYMENT,28.0,expense,Transport,UBER AUTO,UPI
U002-T00759,U002,2026-09-27,ZEPTO QUICK ESSENTIALS PAYMENT,35.0,expense,Food,ZEPTO QUICK ESSENTIALS,UPI
U002-T00760,U002,2026-08-02,COFFEE & CHAT PAYMENT,65.0,expense,Entertainment,COFFEE & CHAT,UPI
U002-T00761,U002,2026-09-29,BLINKIT DAILY PAYMENT,60.0,expense,Food,BLINKIT DAILY,UPI
U002-T00762,U002,2026-09-08,AUTO RICKSHAW PAYMENT,30.0,expense,Transport,AUTO RICKSHAW,UPI
U002-T00763,U002,2026-09-11,LOCAL TEA & COFFEE PAYMENT,15.0,expense,Food,LOCAL TEA & COFFEE,UPI
U002-T00764,U002,2026-08-11,UBER AUTO PAYMENT,60.0,expense,Transport,UBER AUTO,UPI
U002-T00765,U002,2026-09-15,COFFEE & CHAT PAYMENT,30.0,expense,Entertainment,COFFEE & CHAT,UPI
U002-T00766,U002,2026-07-09,NAMMA METRO PAYMENT,35.0,expense,Transport,NAMMA METRO,UPI
U002-T00767,U002,2026-08-07,STATIONERY SHOP PAYMENT,30.0,expense,Shopping,STATIONERY SHOP,UPI
U002-T00768,U002,2026-08-28,CHAI POINT PAYMENT,30.0,expense,Food,CHAI POINT,UPI
U002-T00769,U002,2026-07-24,MOBILE TOP-UP PAYMENT,49.0,expense,Bills,MOBILE TOP-UP,UPI
U002-T00770,U002,2026-08-16,KIRANA STORE PAYMENT,25.0,expense,Shopping,KIRANA STORE,UPI
U002-T00771,U002,2026-08-11,AUTO RICKSHAW PAYMENT,55.0,expense,Transport,AUTO RICKSHAW,UPI
U002-T00772,U002,2026-07-25,NAMMA METRO PAYMENT,35.0,expense,Transport,NAMMA METRO,UPI
U002-T00773,U002,2026-09-09,LOCAL TEA & COFFEE PAYMENT,15.0,expense,Food,LOCAL TEA & COFFEE,UPI
U002-T00774,U002,2026-08-11,ZEPTO QUICK ESSENTIALS PAYMENT,50.0,expense,Food,ZEPTO QUICK ESSENTIALS,UPI
U002-T00775,U002,2026-07-15,CHAI POINT PAYMENT,10.0,expense,Food,CHAI POINT,UPI
U002-T00776,U002,2026-07-06,LOCAL PHARMACY STORE PAYMENT,28.0,expense,Healthcare,LOCAL PHARMACY STORE,UPI
U002-T00777,U002,2026-07-23,CAMPUS PHOTOCOPY & NOTES PAYMENT,20.0,expense,Education,CAMPUS PHOTOCOPY & NOTES,UPI
U002-T00778,U002,2026-07-14,SWIGGY QUICK BITE PAYMENT,40.0,expense,Food,SWIGGY QUICK BITE,UPI
U002-T00779,U002,2026-07-05,NAMMA METRO PAYMENT,35.0,expense,Transport,NAMMA METRO,UPI
U002-T00780,U002,2026-09-23,SWIGGY QUICK BITE PAYMENT,85.0,expense,Food,SWIGGY QUICK BITE,UPI
U002-T00781,U002,2026-07-07,ZEPTO QUICK ESSENTIALS PAYMENT,25.0,expense,Food,ZEPTO QUICK ESSENTIALS,UPI
U002-T00782,U002,2026-07-02,PARKING FEE PAYMENT,10.0,expense,Other,PARKING FEE,UPI
U002-T00783,U002,2026-09-22,SWIGGY QUICK BITE PAYMENT,40.0,expense,Food,SWIGGY QUICK BITE,UPI
U002-T00784,U002,2026-08-29,STATIONERY SHOP PAYMENT,12.0,expense,Shopping,STATIONERY SHOP,UPI
U002-T00785,U002,2026-08-16,NAMMA METRO PAYMENT,35.0,expense,Transport,NAMMA METRO,UPI
U002-T00786,U002,2026-08-17,KIRANA STORE PAYMENT,15.0,expense,Shopping,KIRANA STORE,UPI
U002-T00787,U002,2026-09-17,LOCAL BAKERY PAYMENT,15.0,expense,Food,LOCAL BAKERY,UPI
U002-T00788,U002,2026-07-10,LOCAL PHARMACY STORE PAYMENT,18.0,expense,Healthcare,LOCAL PHARMACY STORE,UPI
U002-T00789,U002,2026-07-28,QUICK UPI TRANSFER PAYMENT,10.0,expense,Other,QUICK UPI TRANSFER,UPI
U002-T00790,U002,2026-07-13,UBER AUTO PAYMENT,75.0,expense,Transport,UBER AUTO,UPI
U002-T00791,U002,2026-07-25,LOCAL TEA & COFFEE PAYMENT,12.0,expense,Food,LOCAL TEA & COFFEE,UPI
U002-T00792,U002,2026-09-11,RAPIDO BIKE PAYMENT,22.0,expense,Transport,RAPIDO BIKE,UPI
U002-T00793,U002,2026-09-10,UBER AUTO PAYMENT,75.0,expense,Transport,UBER AUTO,UPI
U002-T00794,U002,2026-07-14,KIRANA STORE PAYMENT,35.0,expense,Shopping,KIRANA STORE,UPI
U002-T00795,U002,2026-09-25,BLINKIT DAILY PAYMENT,80.0,expense,Food,BLINKIT DAILY,UPI
U002-T00796,U002,2026-07-14,LOCAL TEA & COFFEE PAYMENT,12.0,expense,Food,LOCAL TEA & COFFEE,UPI
U002-T00797,U002,2026-09-09,ZEPTO QUICK ESSENTIALS PAYMENT,50.0,expense,Food,ZEPTO QUICK ESSENTIALS,UPI
U002-T00798,U002,2026-09-23,LOCAL TEA & COFFEE PAYMENT,20.0,expense,Food,LOCAL TEA & COFFEE,UPI
U002-T00799,U002,2026-08-15,COFFEE & CHAT PAYMENT,45.0,expense,Entertainment,COFFEE & CHAT,UPI
U002-T00800,U002,2026-08-17,ZEPTO QUICK ESSENTIALS PAYMENT,75.0,expense,Food,ZEPTO QUICK ESSENTIALS,UPI
U002-T00801,U002,2026-08-11,RAPIDO BIKE PAYMENT,22.0,expense,Transport,RAPIDO BIKE,UPI
U002-T00802,U002,2026-08-18,KIRANA STORE PAYMENT,35.0,expense,Shopping,KIRANA STORE,UPI
U002-T00803,U002,2026-08-16,QUICK UPI TRANSFER PAYMENT,30.0,expense,Other,QUICK UPI TRANSFER,UPI
U002-T00804,U002,2026-08-20,CHAI POINT PAYMENT,10.0,expense,Food,CHAI POINT,UPI
U002-T00805,U002,2026-08-06,RAPIDO BIKE PAYMENT,22.0,expense,Transport,RAPIDO BIKE,UPI
U002-T00806,U002,2026-08-08,CHAI POINT PAYMENT,15.0,expense,Food,CHAI POINT,UPI
U002-T00807,U002,2026-07-28,LOCAL PHARMACY STORE PAYMENT,18.0,expense,Healthcare,LOCAL PHARMACY STORE,UPI
U002-T00808,U002,2026-09-27,STATIONERY SHOP PAYMENT,20.0,expense,Shopping,STATIONERY SHOP,UPI
U002-T00809,U002,2026-07-13,CHAI POINT PAYMENT,20.0,expense,Food,CHAI POINT,UPI
U002-T00810,U002,2026-07-20,LOCAL TEA & COFFEE PAYMENT,15.0,expense,Food,LOCAL TEA & COFFEE,UPI
U002-T00811,U002,2026-09-13,LOCAL BAKERY PAYMENT,25.0,expense,Food,LOCAL BAKERY,UPI
U002-T00812,U002,2026-08-08,CHAI POINT PAYMENT,30.0,expense,Food,CHAI POINT,UPI
U002-T00813,U002,2026-09-11,COFFEE & CHAT PAYMENT,20.0,expense,Entertainment,COFFEE & CHAT,UPI
U002-T00814,U002,2026-08-11,KIRANA STORE PAYMENT,25.0,expense,Shopping,KIRANA STORE,UPI
U002-T00815,U002,2026-09-01,STATIONERY SHOP PAYMENT,12.0,expense,Shopping,STATIONERY SHOP,UPI
U002-T00816,U002,2026-09-15,RAPIDO BIKE PAYMENT,15.0,expense,Transport,RAPIDO BIKE,UPI
U002-T00817,U002,2026-09-12,ZEPTO QUICK ESSENTIALS PAYMENT,25.0,expense,Food,ZEPTO QUICK ESSENTIALS,UPI
U002-T00818,U002,2026-08-12,STREET TIFFIN PAYMENT,50.0,expense,Food,STREET TIFFIN,UPI
U002-T00819,U002,2026-08-23,PARKING FEE PAYMENT,10.0,expense,Other,PARKING FEE,UPI
U002-T00820,U002,2026-07-30,UBER AUTO PAYMENT,28.0,expense,Transport,UBER AUTO,UPI
U002-T00821,U002,2026-09-20,KIRANA STORE PAYMENT,55.0,expense,Shopping,KIRANA STORE,UPI
U002-T00822,U002,2026-07-07,STREET TIFFIN PAYMENT,20.0,expense,Food,STREET TIFFIN,UPI
U002-T00823,U002,2026-08-10,NAMMA METRO PAYMENT,20.0,expense,Transport,NAMMA METRO,UPI
U002-T00824,U002,2026-08-11,SWIGGY QUICK BITE PAYMENT,60.0,expense,Food,SWIGGY QUICK BITE,UPI
U002-T00825,U002,2026-07-20,CHAI POINT PAYMENT,30.0,expense,Food,CHAI POINT,UPI
U002-T00826,U002,2026-08-27,UBER AUTO PAYMENT,28.0,expense,Transport,UBER AUTO,UPI
U002-T00827,U002,2026-07-29,BLINKIT DAILY PAYMENT,80.0,expense,Food,BLINKIT DAILY,UPI
U002-T00828,U002,2026-07-19,LOCAL TEA & COFFEE PAYMENT,10.0,expense,Food,LOCAL TEA & COFFEE,UPI
U002-T00829,U002,2026-08-30,NAMMA METRO PAYMENT,15.0,expense,Transport,NAMMA METRO,UPI
U002-T00830,U002,2026-09-09,ZEPTO QUICK ESSENTIALS PAYMENT,25.0,expense,Food,ZEPTO QUICK ESSENTIALS,UPI
U002-T00831,U002,2026-08-21,SWIGGY QUICK BITE PAYMENT,60.0,expense,Food,SWIGGY QUICK BITE,UPI
U002-T00832,U002,2026-07-18,SWIGGY QUICK BITE PAYMENT,60.0,expense,Food,SWIGGY QUICK BITE,UPI
U002-T00833,U002,2026-09-01,ZEPTO QUICK ESSENTIALS PAYMENT,35.0,expense,Food,ZEPTO QUICK ESSENTIALS,UPI
U002-T00834,U002,2026-09-10,RAPIDO BIKE PAYMENT,22.0,expense,Transport,RAPIDO BIKE,UPI
U002-T00835,U002,2026-08-01,CHAI POINT PAYMENT,30.0,expense,Food,CHAI POINT,UPI
U002-T00836,U002,2026-08-11,AUTO RICKSHAW PAYMENT,20.0,expense,Transport,AUTO RICKSHAW,UPI
U002-T00837,U002,2026-07-15,AUTO RICKSHAW PAYMENT,55.0,expense,Transport,AUTO RICKSHAW,UPI
U002-T00838,U002,2026-08-16,STREET TIFFIN PAYMENT,35.0,expense,Food,STREET TIFFIN,UPI
U002-T00839,U002,2026-08-14,RAPIDO BIKE PAYMENT,15.0,expense,Transport,RAPIDO BIKE,UPI
U002-T00840,U002,2026-08-09,LOCAL TEA & COFFEE PAYMENT,15.0,expense,Food,LOCAL TEA & COFFEE,UPI
U002-T00841,U002,2026-09-17,STATIONERY SHOP PAYMENT,45.0,expense,Shopping,STATIONERY SHOP,UPI
U002-T00842,U002,2026-09-18,LOCAL TEA & COFFEE PAYMENT,10.0,expense,Food,LOCAL TEA & COFFEE,UPI
U002-T00843,U002,2026-07-30,LOCAL TEA & COFFEE PAYMENT,15.0,expense,Food,LOCAL TEA & COFFEE,UPI
U002-T00844,U002,2026-07-20,UBER AUTO PAYMENT,28.0,expense,Transport,UBER AUTO,UPI
U002-T00845,U002,2026-07-15,UBER AUTO PAYMENT,42.0,expense,Transport,UBER AUTO,UPI
U002-T00846,U002,2026-09-18,PARKING FEE PAYMENT,15.0,expense,Other,PARKING FEE,UPI
U002-T00847,U002,2026-07-02,STREET TIFFIN PAYMENT,20.0,expense,Food,STREET TIFFIN,UPI
U002-T00848,U002,2026-08-09,BLINKIT DAILY PAYMENT,30.0,expense,Food,BLINKIT DAILY,UPI
U002-T00849,U002,2026-08-12,LOCAL TEA & COFFEE PAYMENT,12.0,expense,Food,LOCAL TEA & COFFEE,UPI
U002-T00850,U002,2026-07-27,NAMMA METRO PAYMENT,25.0,expense,Transport,NAMMA METRO,UPI
U002-T00851,U002,2026-09-09,SWIGGY QUICK BITE PAYMENT,60.0,expense,Food,SWIGGY QUICK BITE,UPI
U002-T00852,U002,2026-09-27,AUTO RICKSHAW PAYMENT,20.0,expense,Transport,AUTO RICKSHAW,UPI
U002-T00853,U002,2026-08-18,NAMMA METRO PAYMENT,15.0,expense,Transport,NAMMA METRO,UPI
U002-T00854,U002,2026-08-02,LOCAL TEA & COFFEE PAYMENT,15.0,expense,Food,LOCAL TEA & COFFEE,UPI
U002-T00855,U002,2026-07-26,KIRANA STORE PAYMENT,35.0,expense,Shopping,KIRANA STORE,UPI
U002-T00856,U002,2026-07-07,BLINKIT DAILY PAYMENT,30.0,expense,Food,BLINKIT DAILY,UPI
U002-T00857,U002,2026-07-09,ZEPTO QUICK ESSENTIALS PAYMENT,50.0,expense,Food,ZEPTO QUICK ESSENTIALS,UPI
U002-T00858,U002,2026-09-23,LOCAL PHARMACY STORE PAYMENT,45.0,expense,Healthcare,LOCAL PHARMACY STORE,UPI
U002-T00859,U002,2026-07-14,CHAI POINT PAYMENT,30.0,expense,Food,CHAI POINT,UPI
U002-T00860,U002,2026-07-30,QUICK UPI TRANSFER PAYMENT,10.0,expense,Other,QUICK UPI TRANSFER,UPI
U002-T00861,U002,2026-08-10,SWIGGY QUICK BITE PAYMENT,40.0,expense,Food,SWIGGY QUICK BITE,UPI
U002-T00862,U002,2026-07-24,LOCAL TEA & COFFEE PAYMENT,20.0,expense,Food,LOCAL TEA & COFFEE,UPI
U002-T00863,U002,2026-09-10,PARKING FEE PAYMENT,10.0,expense,Other,PARKING FEE,UPI
U002-T00864,U002,2026-07-06,LOCAL BAKERY PAYMENT,25.0,expense,Food,LOCAL BAKERY,UPI
U002-T00865,U002,2026-08-12,SWIGGY QUICK BITE PAYMENT,60.0,expense,Food,SWIGGY QUICK BITE,UPI
U002-T00866,U002,2026-07-03,STREET TIFFIN PAYMENT,35.0,expense,Food,STREET TIFFIN,UPI
U002-T00867,U002,2026-08-15,RAPIDO BIKE PAYMENT,22.0,expense,Transport,RAPIDO BIKE,UPI
U002-T00868,U002,2026-09-03,LOCAL BAKERY PAYMENT,15.0,expense,Food,LOCAL BAKERY,UPI
U002-T00869,U002,2026-09-19,LOCAL BAKERY PAYMENT,35.0,expense,Food,LOCAL BAKERY,UPI
U002-T00870,U002,2026-07-04,PARKING FEE PAYMENT,15.0,expense,Other,PARKING FEE,UPI
U002-T00871,U002,2026-07-29,LOCAL TEA & COFFEE PAYMENT,20.0,expense,Food,LOCAL TEA & COFFEE,UPI
U002-T00872,U002,2026-09-23,LOCAL TEA & COFFEE PAYMENT,20.0,expense,Food,LOCAL TEA & COFFEE,UPI
U002-T00873,U002,2026-09-05,QUICK UPI TRANSFER PAYMENT,15.0,expense,Other,QUICK UPI TRANSFER,UPI
U002-T00874,U002,2026-08-23,LOCAL BAKERY PAYMENT,20.0,expense,Food,LOCAL BAKERY,UPI
U002-T00875,U002,2026-08-24,QUICK UPI TRANSFER PAYMENT,20.0,expense,Other,QUICK UPI TRANSFER,UPI
U002-T00876,U002,2026-08-27,NAMMA METRO PAYMENT,20.0,expense,Transport,NAMMA METRO,UPI
U002-T00877,U002,2026-09-22,LOCAL TEA & COFFEE PAYMENT,12.0,expense,Food,LOCAL TEA & COFFEE,UPI
U002-T00878,U002,2026-07-18,STREET TIFFIN PAYMENT,25.0,expense,Food,STREET TIFFIN,UPI
U002-T00879,U002,2026-08-25,COMMUNITY CHARITY UPI PAYMENT,11.0,expense,Other,COMMUNITY CHARITY UPI,UPI
U002-T00880,U002,2026-09-22,PARKING FEE PAYMENT,10.0,expense,Other,PARKING FEE,UPI
U002-T00881,U002,2026-08-10,CHAI POINT PAYMENT,10.0,expense,Food,CHAI POINT,UPI
U002-T00882,U002,2026-07-24,STREET TIFFIN PAYMENT,25.0,expense,Food,STREET TIFFIN,UPI
U002-T00883,U002,2026-07-04,KIRANA STORE PAYMENT,55.0,expense,Shopping,KIRANA STORE,UPI
U002-T00884,U002,2026-08-22,STREET TIFFIN PAYMENT,35.0,expense,Food,STREET TIFFIN,UPI
U002-T00885,U002,2026-07-20,KIRANA STORE PAYMENT,15.0,expense,Shopping,KIRANA STORE,UPI
U002-T00886,U002,2026-07-17,LOCAL TEA & COFFEE PAYMENT,15.0,expense,Food,LOCAL TEA & COFFEE,UPI
U002-T00887,U002,2026-09-16,NAMMA METRO PAYMENT,20.0,expense,Transport,NAMMA METRO,UPI
U002-T00888,U002,2026-09-15,LOCAL BAKERY PAYMENT,15.0,expense,Food,LOCAL BAKERY,UPI
U002-T00889,U002,2026-08-15,CHAI POINT PAYMENT,30.0,expense,Food,CHAI POINT,UPI
U002-T00890,U002,2026-07-18,SWIGGY QUICK BITE PAYMENT,110.0,expense,Food,SWIGGY QUICK BITE,UPI
U002-T00891,U002,2026-09-30,RAPIDO BIKE PAYMENT,22.0,expense,Transport,RAPIDO BIKE,UPI
U002-T00892,U002,2026-08-19,SWIGGY QUICK BITE PAYMENT,60.0,expense,Food,SWIGGY QUICK BITE,UPI
U002-T00893,U002,2026-07-21,LOCAL TEA & COFFEE PAYMENT,10.0,expense,Food,LOCAL TEA & COFFEE,UPI
U002-T00894,U002,2026-08-22,KIRANA STORE PAYMENT,15.0,expense,Shopping,KIRANA STORE,UPI
U002-T00895,U002,2026-08-04,PARKING FEE PAYMENT,10.0,expense,Other,PARKING FEE,UPI
U002-T00896,U002,2026-09-24,COMMUNITY CHARITY UPI PAYMENT,11.0,expense,Other,COMMUNITY CHARITY UPI,UPI
U002-T00897,U002,2026-07-09,LOCAL TEA & COFFEE PAYMENT,20.0,expense,Food,LOCAL TEA & COFFEE,UPI
U002-T00898,U002,2026-09-17,SWIGGY QUICK BITE PAYMENT,85.0,expense,Food,SWIGGY QUICK BITE,UPI
U002-T00899,U002,2026-08-28,MOBILE TOP-UP PAYMENT,29.0,expense,Bills,MOBILE TOP-UP,UPI
U002-T00900,U002,2026-08-21,KIRANA STORE PAYMENT,55.0,expense,Shopping,KIRANA STORE,UPI
U002-T00901,U002,2026-08-10,ZEPTO QUICK ESSENTIALS PAYMENT,25.0,expense,Food,ZEPTO QUICK ESSENTIALS,UPI
U002-T00902,U002,2026-09-05,CHAI POINT PAYMENT,30.0,expense,Food,CHAI POINT,UPI
U002-T00903,U002,2026-07-06,MOBILE TOP-UP PAYMENT,19.0,expense,Bills,MOBILE TOP-UP,UPI
U002-T00904,U002,2026-09-05,NAMMA METRO PAYMENT,15.0,expense,Transport,NAMMA METRO,UPI
U002-T00905,U002,2026-09-10,ZEPTO QUICK ESSENTIALS PAYMENT,25.0,expense,Food,ZEPTO QUICK ESSENTIALS,UPI
U002-T00906,U002,2026-07-25,STREET TIFFIN PAYMENT,50.0,expense,Food,STREET TIFFIN,UPI
U002-T00907,U002,2026-08-08,KIRANA STORE PAYMENT,35.0,expense,Shopping,KIRANA STORE,UPI
U002-T00908,U002,2026-08-29,LOCAL TEA & COFFEE PAYMENT,15.0,expense,Food,LOCAL TEA & COFFEE,UPI
U002-T00909,U002,2026-09-17,COFFEE & CHAT PAYMENT,30.0,expense,Entertainment,COFFEE & CHAT,UPI
U002-T00910,U002,2026-08-29,LOCAL PHARMACY STORE PAYMENT,65.0,expense,Healthcare,LOCAL PHARMACY STORE,UPI
U002-T00911,U002,2026-07-12,AUTO RICKSHAW PAYMENT,20.0,expense,Transport,AUTO RICKSHAW,UPI
U002-T00912,U002,2026-07-24,KIRANA STORE PAYMENT,25.0,expense,Shopping,KIRANA STORE,UPI
U002-T00913,U002,2026-08-20,ZEPTO QUICK ESSENTIALS PAYMENT,75.0,expense,Food,ZEPTO QUICK ESSENTIALS,UPI
U002-T00914,U002,2026-07-04,LOCAL TEA & COFFEE PAYMENT,12.0,expense,Food,LOCAL TEA & COFFEE,UPI
U002-T00915,U002,2026-08-28,CHAI POINT PAYMENT,20.0,expense,Food,CHAI POINT,UPI
U002-T00916,U002,2026-09-27,RAPIDO BIKE PAYMENT,22.0,expense,Transport,RAPIDO BIKE,UPI
U002-T00917,U002,2026-09-30,UBER AUTO PAYMENT,28.0,expense,Transport,UBER AUTO,UPI
U002-T00918,U002,2026-07-15,AUTO RICKSHAW PAYMENT,40.0,expense,Transport,AUTO RICKSHAW,UPI
U002-T00919,U002,2026-07-11,NAMMA METRO PAYMENT,35.0,expense,Transport,NAMMA METRO,UPI
U002-T00920,U002,2026-09-04,RAPIDO BIKE PAYMENT,22.0,expense,Transport,RAPIDO BIKE,UPI
U002-T00921,U002,2026-08-18,NAMMA METRO PAYMENT,15.0,expense,Transport,NAMMA METRO,UPI
U002-T00922,U002,2026-07-22,COFFEE & CHAT PAYMENT,30.0,expense,Entertainment,COFFEE & CHAT,UPI
U002-T00923,U002,2026-07-21,CAMPUS PHOTOCOPY & NOTES PAYMENT,20.0,expense,Education,CAMPUS PHOTOCOPY & NOTES,UPI
U002-T00924,U002,2026-09-30,CHAI POINT PAYMENT,20.0,expense,Food,CHAI POINT,UPI
U002-T00925,U002,2026-08-09,UBER AUTO PAYMENT,75.0,expense,Transport,UBER AUTO,UPI
U002-T00926,U002,2026-08-06,RAPIDO BIKE PAYMENT,15.0,expense,Transport,RAPIDO BIKE,UPI
U002-T00927,U002,2026-07-17,QUICK UPI TRANSFER PAYMENT,10.0,expense,Other,QUICK UPI TRANSFER,UPI
U002-T00928,U002,2026-09-18,KIRANA STORE PAYMENT,15.0,expense,Shopping,KIRANA STORE,UPI
U002-T00929,U002,2026-08-28,SWIGGY QUICK BITE PAYMENT,110.0,expense,Food,SWIGGY QUICK BITE,UPI
U002-T00930,U002,2026-09-08,STATIONERY SHOP PAYMENT,45.0,expense,Shopping,STATIONERY SHOP,UPI
U002-T00931,U002,2026-07-31,LOCAL BAKERY PAYMENT,35.0,expense,Food,LOCAL BAKERY,UPI
U002-T00932,U002,2026-08-28,ZEPTO QUICK ESSENTIALS PAYMENT,25.0,expense,Food,ZEPTO QUICK ESSENTIALS,UPI
U002-T00933,U002,2026-09-15,RAPIDO BIKE PAYMENT,22.0,expense,Transport,RAPIDO BIKE,UPI
U002-T00934,U002,2026-09-09,LOCAL BAKERY PAYMENT,20.0,expense,Food,LOCAL BAKERY,UPI
U002-T00935,U002,2026-07-07,LOCAL TEA & COFFEE PAYMENT,10.0,expense,Food,LOCAL TEA & COFFEE,UPI
U002-T00936,U002,2026-09-22,STREET TIFFIN PAYMENT,25.0,expense,Food,STREET TIFFIN,UPI
U002-T00937,U002,2026-07-05,AUTO RICKSHAW PAYMENT,40.0,expense,Transport,AUTO RICKSHAW,UPI
U002-T00938,U002,2026-08-12,COFFEE & CHAT PAYMENT,20.0,expense,Entertainment,COFFEE & CHAT,UPI
U002-T00939,U002,2026-07-14,ZEPTO QUICK ESSENTIALS PAYMENT,35.0,expense,Food,ZEPTO QUICK ESSENTIALS,UPI
U002-T00940,U002,2026-07-21,AUTO RICKSHAW PAYMENT,30.0,expense,Transport,AUTO RICKSHAW,UPI
U002-T00941,U002,2026-08-28,UBER AUTO PAYMENT,60.0,expense,Transport,UBER AUTO,UPI
U002-T00942,U002,2026-07-05,CHAI POINT PAYMENT,20.0,expense,Food,CHAI POINT,UPI
U002-T00943,U002,2026-08-11,ZEPTO QUICK ESSENTIALS PAYMENT,75.0,expense,Food,ZEPTO QUICK ESSENTIALS,UPI
U002-T00944,U002,2026-07-09,UBER AUTO PAYMENT,28.0,expense,Transport,UBER AUTO,UPI
U002-T00945,U002,2026-08-07,BLINKIT DAILY PAYMENT,30.0,expense,Food,BLINKIT DAILY,UPI
U002-T00946,U002,2026-09-27,CAMPUS PHOTOCOPY & NOTES PAYMENT,35.0,expense,Education,CAMPUS PHOTOCOPY & NOTES,UPI
U002-T00947,U002,2026-09-06,ZEPTO QUICK ESSENTIALS PAYMENT,35.0,expense,Food,ZEPTO QUICK ESSENTIALS,UPI
U002-T00948,U002,2026-09-28,LOCAL TEA & COFFEE PAYMENT,10.0,expense,Food,LOCAL TEA & COFFEE,UPI
U002-T00949,U002,2026-07-14,NAMMA METRO PAYMENT,15.0,expense,Transport,NAMMA METRO,UPI
U002-T00950,U002,2026-08-31,UBER AUTO PAYMENT,60.0,expense,Transport,UBER AUTO,UPI
U002-T00951,U002,2026-08-24,RAPIDO BIKE PAYMENT,30.0,expense,Transport,RAPIDO BIKE,UPI
U002-T00952,U002,2026-08-03,NAMMA METRO PAYMENT,25.0,expense,Transport,NAMMA METRO,UPI
U002-T00953,U002,2026-07-17,RAPIDO BIKE PAYMENT,42.0,expense,Transport,RAPIDO BIKE,UPI
U002-T00954,U002,2026-09-05,UBER AUTO PAYMENT,75.0,expense,Transport,UBER AUTO,UPI
U002-T00955,U002,2026-09-02,STATIONERY SHOP PAYMENT,20.0,expense,Shopping,STATIONERY SHOP,UPI
U002-T00956,U002,2026-09-29,STREET TIFFIN PAYMENT,25.0,expense,Food,STREET TIFFIN,UPI
U002-T00957,U002,2026-07-01,LOCAL TEA & COFFEE PAYMENT,20.0,expense,Food,LOCAL TEA & COFFEE,UPI
U002-T00958,U002,2026-09-19,KIRANA STORE PAYMENT,25.0,expense,Shopping,KIRANA STORE,UPI
U002-T00959,U002,2026-09-17,COMMUNITY CHARITY UPI PAYMENT,21.0,expense,Other,COMMUNITY CHARITY UPI,UPI
U002-T00960,U002,2026-07-06,STREET TIFFIN PAYMENT,25.0,expense,Food,STREET TIFFIN,UPI
U002-T00961,U002,2026-07-02,RAPIDO BIKE PAYMENT,30.0,expense,Transport,RAPIDO BIKE,UPI
U002-T00962,U002,2026-08-02,KIRANA STORE PAYMENT,35.0,expense,Shopping,KIRANA STORE,UPI
U002-T00963,U002,2026-08-08,SWIGGY QUICK BITE PAYMENT,85.0,expense,Food,SWIGGY QUICK BITE,UPI
U002-T00964,U002,2026-07-01,CHAI POINT PAYMENT,20.0,expense,Food,CHAI POINT,UPI
U002-T00965,U002,2026-08-13,ZEPTO QUICK ESSENTIALS PAYMENT,25.0,expense,Food,ZEPTO QUICK ESSENTIALS,UPI
U002-T00966,U002,2026-07-23,LOCAL TEA & COFFEE PAYMENT,15.0,expense,Food,LOCAL TEA & COFFEE,UPI
U002-T00967,U002,2026-09-25,SWIGGY QUICK BITE PAYMENT,110.0,expense,Food,SWIGGY QUICK BITE,UPI
U002-T00968,U002,2026-07-05,RAPIDO BIKE PAYMENT,42.0,expense,Transport,RAPIDO BIKE,UPI
U002-T00969,U002,2026-07-20,RAPIDO BIKE PAYMENT,30.0,expense,Transport,RAPIDO BIKE,UPI
U002-T00970,U002,2026-08-29,KIRANA STORE PAYMENT,55.0,expense,Shopping,KIRANA STORE,UPI
U002-T00971,U002,2026-07-08,LOCAL PHARMACY STORE PAYMENT,45.0,expense,Healthcare,LOCAL PHARMACY STORE,UPI
U002-T00972,U002,2026-09-11,UBER AUTO PAYMENT,60.0,expense,Transport,UBER AUTO,UPI
U002-T00973,U002,2026-09-10,NAMMA METRO PAYMENT,20.0,expense,Transport,NAMMA METRO,UPI
U002-T00974,U002,2026-09-12,AUTO RICKSHAW PAYMENT,40.0,expense,Transport,AUTO RICKSHAW,UPI
U002-T00975,U002,2026-07-09,QUICK UPI TRANSFER PAYMENT,20.0,expense,Other,QUICK UPI TRANSFER,UPI
U002-T00976,U002,2026-07-04,STREET TIFFIN PAYMENT,50.0,expense,Food,STREET TIFFIN,UPI
U002-T00977,U002,2026-09-19,NAMMA METRO PAYMENT,20.0,expense,Transport,NAMMA METRO,UPI
U002-T00978,U002,2026-09-12,RAPIDO BIKE PAYMENT,22.0,expense,Transport,RAPIDO BIKE,UPI
U002-T00979,U002,2026-09-15,LOCAL TEA & COFFEE PAYMENT,15.0,expense,Food,LOCAL TEA & COFFEE,UPI
U002-T00980,U002,2026-09-29,CAMPUS PHOTOCOPY & NOTES PAYMENT,10.0,expense,Education,CAMPUS PHOTOCOPY & NOTES,UPI
U002-T00981,U002,2026-08-04,ZEPTO QUICK ESSENTIALS PAYMENT,75.0,expense,Food,ZEPTO QUICK ESSENTIALS,UPI
U002-T00982,U002,2026-07-31,ZEPTO QUICK ESSENTIALS PAYMENT,50.0,expense,Food,ZEPTO QUICK ESSENTIALS,UPI
U002-T00983,U002,2026-07-28,NAMMA METRO PAYMENT,20.0,expense,Transport,NAMMA METRO,UPI
U002-T00984,U002,2026-07-15,ZEPTO QUICK ESSENTIALS PAYMENT,25.0,expense,Food,ZEPTO QUICK ESSENTIALS,UPI
U002-T00985,U002,2026-07-26,COFFEE & CHAT PAYMENT,65.0,expense,Entertainment,COFFEE & CHAT,UPI
U002-T00986,U002,2026-09-03,CHAI POINT PAYMENT,30.0,expense,Food,CHAI POINT,UPI
U002-T00987,U002,2026-09-03,LOCAL TEA & COFFEE PAYMENT,15.0,expense,Food,LOCAL TEA & COFFEE,UPI
U002-T00988,U002,2026-08-31,UBER AUTO PAYMENT,60.0,expense,Transport,UBER AUTO,UPI
U002-T00989,U002,2026-08-11,LOCAL TEA & COFFEE PAYMENT,10.0,expense,Food,LOCAL TEA & COFFEE,UPI
U002-T00990,U002,2026-09-05,AUTO RICKSHAW PAYMENT,30.0,expense,Transport,AUTO RICKSHAW,UPI
U002-T00991,U002,2026-07-27,UBER AUTO PAYMENT,75.0,expense,Transport,UBER AUTO,UPI
U002-T00992,U002,2026-08-19,AUTO RICKSHAW PAYMENT,20.0,expense,Transport,AUTO RICKSHAW,UPI
U002-T00993,U002,2026-07-01,STREET TIFFIN PAYMENT,20.0,expense,Food,STREET TIFFIN,UPI
U002-T00994,U002,2026-09-26,LOCAL PHARMACY STORE PAYMENT,18.0,expense,Healthcare,LOCAL PHARMACY STORE,UPI
U002-T00995,U002,2026-08-12,BLINKIT DAILY PAYMENT,30.0,expense,Food,BLINKIT DAILY,UPI
U002-T00996,U002,2026-07-14,NAMMA METRO PAYMENT,25.0,expense,Transport,NAMMA METRO,UPI
U002-T00997,U002,2026-07-03,NAMMA METRO PAYMENT,25.0,expense,Transport,NAMMA METRO,UPI
U002-T00998,U002,2026-09-20,MOBILE TOP-UP PAYMENT,29.0,expense,Bills,MOBILE TOP-UP,UPI
U002-T00999,U002,2026-07-26,LOCAL TEA & COFFEE PAYMENT,15.0,expense,Food,LOCAL TEA & COFFEE,UPI
U002-T01000,U002,2026-09-07,STREET TIFFIN PAYMENT,50.0,expense,Food,STREET TIFFIN,UPI
U003-T00001,U003,2026-07-26,SALARY CREDIT - TECH CORP,50000.0,income,Salary,TechCorp Solutions,NEFT
U003-T00002,U003,2026-08-26,SALARY CREDIT - TECH CORP,50000.0,income,Salary,TechCorp Solutions,NEFT
U003-T00003,U003,2026-09-26,SALARY CREDIT - TECH CORP,50000.0,income,Salary,TechCorp Solutions,NEFT
U003-T00004,U003,2026-07-01,HOUSE RENT,10000.0,expense,Rent,Landlord Transfer,UPI
U003-T00005,U003,2026-08-01,HOUSE RENT,10000.0,expense,Rent,Landlord Transfer,UPI
U003-T00006,U003,2026-09-01,HOUSE RENT,10000.0,expense,Rent,Landlord Transfer,UPI
U003-T00007,U003,2026-07-21,NETFLIX PREMIUM,649.0,expense,Subscriptions,Netflix,Credit Card
U003-T00008,U003,2026-08-21,NETFLIX PREMIUM,649.0,expense,Subscriptions,Netflix,Credit Card
U003-T00009,U003,2026-09-21,NETFLIX PREMIUM,649.0,expense,Subscriptions,Netflix,Credit Card
U003-T00010,U003,2026-07-06,CULT.FIT GYM MEMBERSHIP,1600.0,expense,Healthcare,Cult.Fit,Auto Debit
U003-T00011,U003,2026-08-06,CULT.FIT GYM MEMBERSHIP,1600.0,expense,Healthcare,Cult.Fit,Auto Debit
U003-T00012,U003,2026-09-06,CULT.FIT GYM MEMBERSHIP,1600.0,expense,Healthcare,Cult.Fit,Auto Debit
U003-T00013,U003,2026-07-12,AIRTEL FIBER BROADBAND,1200.0,expense,Bills,Airtel,UPI AutoPay
U003-T00014,U003,2026-08-12,AIRTEL FIBER BROADBAND,1200.0,expense,Bills,Airtel,UPI AutoPay
U003-T00015,U003,2026-09-12,AIRTEL FIBER BROADBAND,1200.0,expense,Bills,Airtel,UPI AutoPay
U003-T00016,U003,2026-09-27,AMAZON ELECTRONICS,4500.0,expense,Shopping,Amazon India,Credit Card
U003-T00017,U003,2026-09-23,MYNTRA FASHION,2400.0,expense,Shopping,Myntra,UPI
U003-T00018,U003,2026-09-20,BESCOM ELECTRICITY,1600.0,expense,Bills,BESCOM,NetBanking
U003-T00019,U003,2026-09-17,PVR INOX CINEMAS,1100.0,expense,Entertainment,PVR,Credit Card
U003-T00020,U003,2026-09-16,UDEMY AI COURSE,1299.0,expense,Education,Udemy,Debit Card
U003-T00021,U003,2026-09-18,APOLLO PHARMACY,950.0,expense,Healthcare,Apollo,UPI
U003-T00022,U003,2026-09-28,SWIGGY GOURMET,450.0,expense,Food,Swiggy,UPI
U003-T00023,U003,2026-09-24,ZOMATO DINING,1280.0,expense,Food,Zomato,Credit Card
U003-T00024,U003,2026-09-25,UBER PREMIER,620.0,expense,Transport,Uber,UPI
U003-T00025,U003,2026-09-11,SPOTIFY FAMILY,119.0,expense,Subscriptions,Spotify,UPI
U003-T00026,U003,2026-08-24,AMAZON HOME ESSENTIALS,2200.0,expense,Shopping,Amazon India,Credit Card
U003-T00027,U003,2026-08-14,MYNTRA ACCESSORIES,1500.0,expense,Shopping,Myntra,UPI
U003-T00028,U003,2026-08-20,BESCOM ELECTRICITY,1450.0,expense,Bills,BESCOM,NetBanking
U003-T00029,U003,2026-08-15,BOOKMYSHOW MOVIE,800.0,expense,Entertainment,BookMyShow,Debit Card
U003-T00030,U003,2026-08-10,COURSERA PYTHON COURSE,799.0,expense,Education,Coursera,Debit Card
U003-T00031,U003,2026-08-18,MEDPLUS PHARMACY,850.0,expense,Healthcare,MedPlus,UPI
U003-T00032,U003,2026-08-25,UBER INTERCITY,520.0,expense,Transport,Uber,UPI
U003-T00033,U003,2026-08-28,BARBEQUE NATION,850.0,expense,Food,Barbeque Nation,Credit Card
U003-T00034,U003,2026-08-11,SPOTIFY FAMILY,119.0,expense,Subscriptions,Spotify,UPI
U003-T00035,U003,2026-07-20,AMAZON MONSOON GEAR,1800.0,expense,Shopping,Amazon India,Credit Card
U003-T00036,U003,2026-07-12,FABINDIA CLOTHING,1200.0,expense,Shopping,FabIndia,UPI
U003-T00037,U003,2026-07-18,BESCOM ELECTRICITY,1400.0,expense,Bills,BESCOM,NetBanking
U003-T00038,U003,2026-07-14,PVR CINEMAS,600.0,expense,Entertainment,PVR,Credit Card
U003-T00039,U003,2026-07-16,APOLLO HEALTH CHECK,700.0,expense,Healthcare,Apollo,UPI
U003-T00040,U003,2026-07-10,SAPNA BOOK HOUSE,450.0,expense,Education,Sapna Book House,UPI
U003-T00041,U003,2026-07-22,INDIAN OIL PETROL,480.0,expense,Transport,Indian Oil,Credit Card
U003-T00042,U003,2026-07-25,MAINLAND CHINA DINING,750.0,expense,Food,Mainland China,Credit Card
U003-T00043,U003,2026-07-11,SPOTIFY FAMILY,119.0,expense,Subscriptions,Spotify,UPI
U003-T00044,U003,2026-09-24,LOCAL TEA & COFFEE PAYMENT,12.0,expense,Food,LOCAL TEA & COFFEE,UPI
U003-T00045,U003,2026-07-21,LOCAL BAKERY PAYMENT,15.0,expense,Food,LOCAL BAKERY,UPI
U003-T00046,U003,2026-09-18,NAMMA METRO PAYMENT,15.0,expense,Transport,NAMMA METRO,UPI
U003-T00047,U003,2026-07-27,NAMMA METRO PAYMENT,25.0,expense,Transport,NAMMA METRO,UPI
U003-T00048,U003,2026-08-04,LOCAL TEA & COFFEE PAYMENT,15.0,expense,Food,LOCAL TEA & COFFEE,UPI
U003-T00049,U003,2026-09-12,LOCAL BAKERY PAYMENT,15.0,expense,Food,LOCAL BAKERY,UPI
U003-T00050,U003,2026-08-09,RAPIDO BIKE PAYMENT,30.0,expense,Transport,RAPIDO BIKE,UPI
U003-T00051,U003,2026-09-08,BLINKIT DAILY PAYMENT,40.0,expense,Food,BLINKIT DAILY,UPI
U003-T00052,U003,2026-07-04,BLINKIT DAILY PAYMENT,30.0,expense,Food,BLINKIT DAILY,UPI
U003-T00053,U003,2026-07-14,ZEPTO QUICK ESSENTIALS PAYMENT,25.0,expense,Food,ZEPTO QUICK ESSENTIALS,UPI
U003-T00054,U003,2026-08-24,ZEPTO QUICK ESSENTIALS PAYMENT,75.0,expense,Food,ZEPTO QUICK ESSENTIALS,UPI
U003-T00055,U003,2026-09-17,STREET TIFFIN PAYMENT,35.0,expense,Food,STREET TIFFIN,UPI
U003-T00056,U003,2026-07-26,AUTO RICKSHAW PAYMENT,20.0,expense,Transport,AUTO RICKSHAW,UPI
U003-T00057,U003,2026-08-29,NAMMA METRO PAYMENT,15.0,expense,Transport,NAMMA METRO,UPI
U003-T00058,U003,2026-09-28,BLINKIT DAILY PAYMENT,80.0,expense,Food,BLINKIT DAILY,UPI
U003-T00059,U003,2026-08-09,AUTO RICKSHAW PAYMENT,55.0,expense,Transport,AUTO RICKSHAW,UPI
U003-T00060,U003,2026-08-30,LOCAL BAKERY PAYMENT,20.0,expense,Food,LOCAL BAKERY,UPI
U003-T00061,U003,2026-07-19,CAMPUS PHOTOCOPY & NOTES PAYMENT,35.0,expense,Education,CAMPUS PHOTOCOPY & NOTES,UPI
U003-T00062,U003,2026-08-16,ZEPTO QUICK ESSENTIALS PAYMENT,50.0,expense,Food,ZEPTO QUICK ESSENTIALS,UPI
U003-T00063,U003,2026-08-11,BLINKIT DAILY PAYMENT,30.0,expense,Food,BLINKIT DAILY,UPI
U003-T00064,U003,2026-07-09,BLINKIT DAILY PAYMENT,60.0,expense,Food,BLINKIT DAILY,UPI
U003-T00065,U003,2026-08-31,BLINKIT DAILY PAYMENT,40.0,expense,Food,BLINKIT DAILY,UPI
U003-T00066,U003,2026-08-06,KIRANA STORE PAYMENT,25.0,expense,Shopping,KIRANA STORE,UPI
U003-T00067,U003,2026-09-04,CHAI POINT PAYMENT,10.0,expense,Food,CHAI POINT,UPI
U003-T00068,U003,2026-08-11,NAMMA METRO PAYMENT,15.0,expense,Transport,NAMMA METRO,UPI
U003-T00069,U003,2026-08-08,NAMMA METRO PAYMENT,35.0,expense,Transport,NAMMA METRO,UPI
U003-T00070,U003,2026-09-14,ZEPTO QUICK ESSENTIALS PAYMENT,35.0,expense,Food,ZEPTO QUICK ESSENTIALS,UPI
U003-T00071,U003,2026-09-09,LOCAL TEA & COFFEE PAYMENT,20.0,expense,Food,LOCAL TEA & COFFEE,UPI
U003-T00072,U003,2026-08-19,CHAI POINT PAYMENT,15.0,expense,Food,CHAI POINT,UPI
U003-T00073,U003,2026-09-27,RAPIDO BIKE PAYMENT,42.0,expense,Transport,RAPIDO BIKE,UPI
U003-T00074,U003,2026-09-11,KIRANA STORE PAYMENT,25.0,expense,Shopping,KIRANA STORE,UPI
U003-T00075,U003,2026-07-23,RAPIDO BIKE PAYMENT,15.0,expense,Transport,RAPIDO BIKE,UPI
U003-T00076,U003,2026-09-30,NAMMA METRO PAYMENT,35.0,expense,Transport,NAMMA METRO,UPI
U003-T00077,U003,2026-07-15,RAPIDO BIKE PAYMENT,42.0,expense,Transport,RAPIDO BIKE,UPI
U003-T00078,U003,2026-08-11,NAMMA METRO PAYMENT,35.0,expense,Transport,NAMMA METRO,UPI
U003-T00079,U003,2026-07-23,STREET TIFFIN PAYMENT,50.0,expense,Food,STREET TIFFIN,UPI
U003-T00080,U003,2026-07-09,RAPIDO BIKE PAYMENT,42.0,expense,Transport,RAPIDO BIKE,UPI
U003-T00081,U003,2026-08-11,SWIGGY QUICK BITE PAYMENT,40.0,expense,Food,SWIGGY QUICK BITE,UPI
U003-T00082,U003,2026-07-12,LOCAL BAKERY PAYMENT,20.0,expense,Food,LOCAL BAKERY,UPI
U003-T00083,U003,2026-09-13,COFFEE & CHAT PAYMENT,20.0,expense,Entertainment,COFFEE & CHAT,UPI
U003-T00084,U003,2026-07-19,RAPIDO BIKE PAYMENT,42.0,expense,Transport,RAPIDO BIKE,UPI
U003-T00085,U003,2026-09-07,STREET TIFFIN PAYMENT,50.0,expense,Food,STREET TIFFIN,UPI
U003-T00086,U003,2026-07-26,LOCAL TEA & COFFEE PAYMENT,15.0,expense,Food,LOCAL TEA & COFFEE,UPI
U003-T00087,U003,2026-08-08,NAMMA METRO PAYMENT,25.0,expense,Transport,NAMMA METRO,UPI
U003-T00088,U003,2026-08-25,AUTO RICKSHAW PAYMENT,40.0,expense,Transport,AUTO RICKSHAW,UPI
U003-T00089,U003,2026-07-12,NAMMA METRO PAYMENT,35.0,expense,Transport,NAMMA METRO,UPI
U003-T00090,U003,2026-07-17,LOCAL PHARMACY STORE PAYMENT,18.0,expense,Healthcare,LOCAL PHARMACY STORE,UPI
U003-T00091,U003,2026-08-17,COFFEE & CHAT PAYMENT,20.0,expense,Entertainment,COFFEE & CHAT,UPI
U003-T00092,U003,2026-07-01,AUTO RICKSHAW PAYMENT,40.0,expense,Transport,AUTO RICKSHAW,UPI
U003-T00093,U003,2026-07-15,CAMPUS PHOTOCOPY & NOTES PAYMENT,10.0,expense,Education,CAMPUS PHOTOCOPY & NOTES,UPI
U003-T00094,U003,2026-07-31,BLINKIT DAILY PAYMENT,80.0,expense,Food,BLINKIT DAILY,UPI
U003-T00095,U003,2026-09-19,STREET TIFFIN PAYMENT,50.0,expense,Food,STREET TIFFIN,UPI
U003-T00096,U003,2026-08-21,ZEPTO QUICK ESSENTIALS PAYMENT,35.0,expense,Food,ZEPTO QUICK ESSENTIALS,UPI
U003-T00097,U003,2026-09-23,LOCAL TEA & COFFEE PAYMENT,12.0,expense,Food,LOCAL TEA & COFFEE,UPI
U003-T00098,U003,2026-07-25,NAMMA METRO PAYMENT,25.0,expense,Transport,NAMMA METRO,UPI
U003-T00099,U003,2026-08-23,LOCAL TEA & COFFEE PAYMENT,12.0,expense,Food,LOCAL TEA & COFFEE,UPI
U003-T00100,U003,2026-07-18,CHAI POINT PAYMENT,10.0,expense,Food,CHAI POINT,UPI
U003-T00101,U003,2026-07-19,AUTO RICKSHAW PAYMENT,55.0,expense,Transport,AUTO RICKSHAW,UPI
U003-T00102,U003,2026-09-23,BLINKIT DAILY PAYMENT,40.0,expense,Food,BLINKIT DAILY,UPI
U003-T00103,U003,2026-07-11,LOCAL TEA & COFFEE PAYMENT,20.0,expense,Food,LOCAL TEA & COFFEE,UPI
U003-T00104,U003,2026-08-28,MOBILE TOP-UP PAYMENT,49.0,expense,Bills,MOBILE TOP-UP,UPI
U003-T00105,U003,2026-09-16,PARKING FEE PAYMENT,20.0,expense,Other,PARKING FEE,UPI
U003-T00106,U003,2026-07-24,BLINKIT DAILY PAYMENT,80.0,expense,Food,BLINKIT DAILY,UPI
U003-T00107,U003,2026-09-09,STATIONERY SHOP PAYMENT,45.0,expense,Shopping,STATIONERY SHOP,UPI
U003-T00108,U003,2026-08-15,LOCAL BAKERY PAYMENT,35.0,expense,Food,LOCAL BAKERY,UPI
U003-T00109,U003,2026-09-16,CHAI POINT PAYMENT,30.0,expense,Food,CHAI POINT,UPI
U003-T00110,U003,2026-07-31,AUTO RICKSHAW PAYMENT,40.0,expense,Transport,AUTO RICKSHAW,UPI
U003-T00111,U003,2026-08-22,PARKING FEE PAYMENT,20.0,expense,Other,PARKING FEE,UPI
U003-T00112,U003,2026-08-16,CHAI POINT PAYMENT,10.0,expense,Food,CHAI POINT,UPI
U003-T00113,U003,2026-09-11,SWIGGY QUICK BITE PAYMENT,85.0,expense,Food,SWIGGY QUICK BITE,UPI
U003-T00114,U003,2026-07-15,NAMMA METRO PAYMENT,15.0,expense,Transport,NAMMA METRO,UPI
U003-T00115,U003,2026-07-19,UBER AUTO PAYMENT,60.0,expense,Transport,UBER AUTO,UPI
U003-T00116,U003,2026-08-29,NAMMA METRO PAYMENT,15.0,expense,Transport,NAMMA METRO,UPI
U003-T00117,U003,2026-08-01,BLINKIT DAILY PAYMENT,30.0,expense,Food,BLINKIT DAILY,UPI
U003-T00118,U003,2026-09-26,RAPIDO BIKE PAYMENT,30.0,expense,Transport,RAPIDO BIKE,UPI
U003-T00119,U003,2026-09-17,CHAI POINT PAYMENT,20.0,expense,Food,CHAI POINT,UPI
U003-T00120,U003,2026-09-07,KIRANA STORE PAYMENT,55.0,expense,Shopping,KIRANA STORE,UPI
U003-T00121,U003,2026-08-28,SWIGGY QUICK BITE PAYMENT,110.0,expense,Food,SWIGGY QUICK BITE,UPI
U003-T00122,U003,2026-09-12,UBER AUTO PAYMENT,75.0,expense,Transport,UBER AUTO,UPI
U003-T00123,U003,2026-08-15,QUICK UPI TRANSFER PAYMENT,20.0,expense,Other,QUICK UPI TRANSFER,UPI
U003-T00124,U003,2026-08-07,LOCAL TEA & COFFEE PAYMENT,15.0,expense,Food,LOCAL TEA & COFFEE,UPI
U003-T00125,U003,2026-09-11,LOCAL BAKERY PAYMENT,35.0,expense,Food,LOCAL BAKERY,UPI
U003-T00126,U003,2026-09-13,LOCAL TEA & COFFEE PAYMENT,10.0,expense,Food,LOCAL TEA & COFFEE,UPI
U003-T00127,U003,2026-09-23,COMMUNITY CHARITY UPI PAYMENT,51.0,expense,Other,COMMUNITY CHARITY UPI,UPI
U003-T00128,U003,2026-09-18,CHAI POINT PAYMENT,30.0,expense,Food,CHAI POINT,UPI
U003-T00129,U003,2026-07-11,LOCAL TEA & COFFEE PAYMENT,10.0,expense,Food,LOCAL TEA & COFFEE,UPI
U003-T00130,U003,2026-08-05,LOCAL BAKERY PAYMENT,25.0,expense,Food,LOCAL BAKERY,UPI
U003-T00131,U003,2026-08-05,CAMPUS PHOTOCOPY & NOTES PAYMENT,10.0,expense,Education,CAMPUS PHOTOCOPY & NOTES,UPI
U003-T00132,U003,2026-07-15,RAPIDO BIKE PAYMENT,22.0,expense,Transport,RAPIDO BIKE,UPI
U003-T00133,U003,2026-09-23,BLINKIT DAILY PAYMENT,40.0,expense,Food,BLINKIT DAILY,UPI
U003-T00134,U003,2026-08-03,KIRANA STORE PAYMENT,25.0,expense,Shopping,KIRANA STORE,UPI
U003-T00135,U003,2026-09-01,LOCAL TEA & COFFEE PAYMENT,10.0,expense,Food,LOCAL TEA & COFFEE,UPI
U003-T00136,U003,2026-08-13,COMMUNITY CHARITY UPI PAYMENT,11.0,expense,Other,COMMUNITY CHARITY UPI,UPI
U003-T00137,U003,2026-09-15,PARKING FEE PAYMENT,10.0,expense,Other,PARKING FEE,UPI
U003-T00138,U003,2026-09-02,UBER AUTO PAYMENT,75.0,expense,Transport,UBER AUTO,UPI
U003-T00139,U003,2026-08-19,LOCAL BAKERY PAYMENT,35.0,expense,Food,LOCAL BAKERY,UPI
U003-T00140,U003,2026-09-20,LOCAL TEA & COFFEE PAYMENT,15.0,expense,Food,LOCAL TEA & COFFEE,UPI
U003-T00141,U003,2026-07-07,RAPIDO BIKE PAYMENT,15.0,expense,Transport,RAPIDO BIKE,UPI
U003-T00142,U003,2026-07-07,LOCAL TEA & COFFEE PAYMENT,20.0,expense,Food,LOCAL TEA & COFFEE,UPI
U003-T00143,U003,2026-08-30,STREET TIFFIN PAYMENT,25.0,expense,Food,STREET TIFFIN,UPI
U003-T00144,U003,2026-08-18,AUTO RICKSHAW PAYMENT,55.0,expense,Transport,AUTO RICKSHAW,UPI
U003-T00145,U003,2026-08-30,LOCAL BAKERY PAYMENT,35.0,expense,Food,LOCAL BAKERY,UPI
U003-T00146,U003,2026-07-02,STREET TIFFIN PAYMENT,50.0,expense,Food,STREET TIFFIN,UPI
U003-T00147,U003,2026-08-18,AUTO RICKSHAW PAYMENT,20.0,expense,Transport,AUTO RICKSHAW,UPI
U003-T00148,U003,2026-07-13,COFFEE & CHAT PAYMENT,45.0,expense,Entertainment,COFFEE & CHAT,UPI
U003-T00149,U003,2026-08-25,RAPIDO BIKE PAYMENT,30.0,expense,Transport,RAPIDO BIKE,UPI
U003-T00150,U003,2026-08-12,LOCAL BAKERY PAYMENT,15.0,expense,Food,LOCAL BAKERY,UPI
U003-T00151,U003,2026-08-02,RAPIDO BIKE PAYMENT,42.0,expense,Transport,RAPIDO BIKE,UPI
U003-T00152,U003,2026-08-29,KIRANA STORE PAYMENT,25.0,expense,Shopping,KIRANA STORE,UPI
U003-T00153,U003,2026-09-25,NAMMA METRO PAYMENT,20.0,expense,Transport,NAMMA METRO,UPI
U003-T00154,U003,2026-09-05,STREET TIFFIN PAYMENT,25.0,expense,Food,STREET TIFFIN,UPI
U003-T00155,U003,2026-08-10,NAMMA METRO PAYMENT,15.0,expense,Transport,NAMMA METRO,UPI
U003-T00156,U003,2026-07-09,CHAI POINT PAYMENT,10.0,expense,Food,CHAI POINT,UPI
U003-T00157,U003,2026-09-06,CHAI POINT PAYMENT,30.0,expense,Food,CHAI POINT,UPI
U003-T00158,U003,2026-08-14,LOCAL BAKERY PAYMENT,25.0,expense,Food,LOCAL BAKERY,UPI
U003-T00159,U003,2026-08-02,LOCAL TEA & COFFEE PAYMENT,10.0,expense,Food,LOCAL TEA & COFFEE,UPI
U003-T00160,U003,2026-09-18,CHAI POINT PAYMENT,15.0,expense,Food,CHAI POINT,UPI
U003-T00161,U003,2026-09-15,RAPIDO BIKE PAYMENT,15.0,expense,Transport,RAPIDO BIKE,UPI
U003-T00162,U003,2026-07-12,LOCAL PHARMACY STORE PAYMENT,28.0,expense,Healthcare,LOCAL PHARMACY STORE,UPI
U003-T00163,U003,2026-08-18,RAPIDO BIKE PAYMENT,22.0,expense,Transport,RAPIDO BIKE,UPI
U003-T00164,U003,2026-07-15,AUTO RICKSHAW PAYMENT,40.0,expense,Transport,AUTO RICKSHAW,UPI
U003-T00165,U003,2026-08-07,BLINKIT DAILY PAYMENT,30.0,expense,Food,BLINKIT DAILY,UPI
U003-T00166,U003,2026-09-20,BLINKIT DAILY PAYMENT,60.0,expense,Food,BLINKIT DAILY,UPI
U003-T00167,U003,2026-08-24,AUTO RICKSHAW PAYMENT,40.0,expense,Transport,AUTO RICKSHAW,UPI
U003-T00168,U003,2026-08-02,LOCAL TEA & COFFEE PAYMENT,10.0,expense,Food,LOCAL TEA & COFFEE,UPI
U003-T00169,U003,2026-08-05,KIRANA STORE PAYMENT,55.0,expense,Shopping,KIRANA STORE,UPI
U003-T00170,U003,2026-08-19,STREET TIFFIN PAYMENT,20.0,expense,Food,STREET TIFFIN,UPI
U003-T00171,U003,2026-08-03,QUICK UPI TRANSFER PAYMENT,20.0,expense,Other,QUICK UPI TRANSFER,UPI
U003-T00172,U003,2026-07-23,BLINKIT DAILY PAYMENT,80.0,expense,Food,BLINKIT DAILY,UPI
U003-T00173,U003,2026-07-26,RAPIDO BIKE PAYMENT,22.0,expense,Transport,RAPIDO BIKE,UPI
U003-T00174,U003,2026-09-21,SWIGGY QUICK BITE PAYMENT,60.0,expense,Food,SWIGGY QUICK BITE,UPI
U003-T00175,U003,2026-09-08,KIRANA STORE PAYMENT,25.0,expense,Shopping,KIRANA STORE,UPI
U003-T00176,U003,2026-09-17,RAPIDO BIKE PAYMENT,42.0,expense,Transport,RAPIDO BIKE,UPI
U003-T00177,U003,2026-09-30,LOCAL BAKERY PAYMENT,15.0,expense,Food,LOCAL BAKERY,UPI
U003-T00178,U003,2026-07-10,CHAI POINT PAYMENT,20.0,expense,Food,CHAI POINT,UPI
U003-T00179,U003,2026-08-27,CHAI POINT PAYMENT,30.0,expense,Food,CHAI POINT,UPI
U003-T00180,U003,2026-07-20,RAPIDO BIKE PAYMENT,15.0,expense,Transport,RAPIDO BIKE,UPI
U003-T00181,U003,2026-07-05,RAPIDO BIKE PAYMENT,30.0,expense,Transport,RAPIDO BIKE,UPI
U003-T00182,U003,2026-07-20,AUTO RICKSHAW PAYMENT,55.0,expense,Transport,AUTO RICKSHAW,UPI
U003-T00183,U003,2026-09-12,CHAI POINT PAYMENT,30.0,expense,Food,CHAI POINT,UPI
U003-T00184,U003,2026-08-31,BLINKIT DAILY PAYMENT,30.0,expense,Food,BLINKIT DAILY,UPI
U003-T00185,U003,2026-09-08,LOCAL BAKERY PAYMENT,35.0,expense,Food,LOCAL BAKERY,UPI
U003-T00186,U003,2026-09-27,STATIONERY SHOP PAYMENT,45.0,expense,Shopping,STATIONERY SHOP,UPI
U003-T00187,U003,2026-07-16,NAMMA METRO PAYMENT,25.0,expense,Transport,NAMMA METRO,UPI
U003-T00188,U003,2026-08-12,AUTO RICKSHAW PAYMENT,55.0,expense,Transport,AUTO RICKSHAW,UPI
U003-T00189,U003,2026-07-08,RAPIDO BIKE PAYMENT,15.0,expense,Transport,RAPIDO BIKE,UPI
U003-T00190,U003,2026-08-16,NAMMA METRO PAYMENT,25.0,expense,Transport,NAMMA METRO,UPI
U003-T00191,U003,2026-07-11,LOCAL PHARMACY STORE PAYMENT,45.0,expense,Healthcare,LOCAL PHARMACY STORE,UPI
U003-T00192,U003,2026-09-21,LOCAL TEA & COFFEE PAYMENT,10.0,expense,Food,LOCAL TEA & COFFEE,UPI
U003-T00193,U003,2026-08-19,RAPIDO BIKE PAYMENT,30.0,expense,Transport,RAPIDO BIKE,UPI
U003-T00194,U003,2026-09-28,ZEPTO QUICK ESSENTIALS PAYMENT,25.0,expense,Food,ZEPTO QUICK ESSENTIALS,UPI
U003-T00195,U003,2026-09-19,AUTO RICKSHAW PAYMENT,55.0,expense,Transport,AUTO RICKSHAW,UPI
U003-T00196,U003,2026-07-11,MOBILE TOP-UP PAYMENT,29.0,expense,Bills,MOBILE TOP-UP,UPI
U003-T00197,U003,2026-07-25,LOCAL TEA & COFFEE PAYMENT,12.0,expense,Food,LOCAL TEA & COFFEE,UPI
U003-T00198,U003,2026-07-04,AUTO RICKSHAW PAYMENT,30.0,expense,Transport,AUTO RICKSHAW,UPI
U003-T00199,U003,2026-09-01,ZEPTO QUICK ESSENTIALS PAYMENT,50.0,expense,Food,ZEPTO QUICK ESSENTIALS,UPI
U003-T00200,U003,2026-09-02,NAMMA METRO PAYMENT,35.0,expense,Transport,NAMMA METRO,UPI
U003-T00201,U003,2026-07-03,CHAI POINT PAYMENT,10.0,expense,Food,CHAI POINT,UPI
U003-T00202,U003,2026-08-13,KIRANA STORE PAYMENT,15.0,expense,Shopping,KIRANA STORE,UPI
U003-T00203,U003,2026-08-21,LOCAL TEA & COFFEE PAYMENT,20.0,expense,Food,LOCAL TEA & COFFEE,UPI
U003-T00204,U003,2026-09-25,CAMPUS PHOTOCOPY & NOTES PAYMENT,20.0,expense,Education,CAMPUS PHOTOCOPY & NOTES,UPI
U003-T00205,U003,2026-09-13,LOCAL BAKERY PAYMENT,15.0,expense,Food,LOCAL BAKERY,UPI
U003-T00206,U003,2026-07-05,UBER AUTO PAYMENT,75.0,expense,Transport,UBER AUTO,UPI
U003-T00207,U003,2026-09-22,CHAI POINT PAYMENT,10.0,expense,Food,CHAI POINT,UPI
U003-T00208,U003,2026-08-01,AUTO RICKSHAW PAYMENT,30.0,expense,Transport,AUTO RICKSHAW,UPI
U003-T00209,U003,2026-07-02,LOCAL TEA & COFFEE PAYMENT,10.0,expense,Food,LOCAL TEA & COFFEE,UPI
U003-T00210,U003,2026-08-09,STATIONERY SHOP PAYMENT,12.0,expense,Shopping,STATIONERY SHOP,UPI
U003-T00211,U003,2026-08-28,RAPIDO BIKE PAYMENT,15.0,expense,Transport,RAPIDO BIKE,UPI
U003-T00212,U003,2026-07-14,CHAI POINT PAYMENT,15.0,expense,Food,CHAI POINT,UPI
U003-T00213,U003,2026-07-09,STATIONERY SHOP PAYMENT,45.0,expense,Shopping,STATIONERY SHOP,UPI
U003-T00214,U003,2026-08-13,STATIONERY SHOP PAYMENT,45.0,expense,Shopping,STATIONERY SHOP,UPI
U003-T00215,U003,2026-08-11,LOCAL TEA & COFFEE PAYMENT,12.0,expense,Food,LOCAL TEA & COFFEE,UPI
U003-T00216,U003,2026-08-11,LOCAL PHARMACY STORE PAYMENT,28.0,expense,Healthcare,LOCAL PHARMACY STORE,UPI
U003-T00217,U003,2026-07-06,RAPIDO BIKE PAYMENT,30.0,expense,Transport,RAPIDO BIKE,UPI
U003-T00218,U003,2026-07-09,LOCAL TEA & COFFEE PAYMENT,12.0,expense,Food,LOCAL TEA & COFFEE,UPI
U003-T00219,U003,2026-08-23,LOCAL TEA & COFFEE PAYMENT,15.0,expense,Food,LOCAL TEA & COFFEE,UPI
U003-T00220,U003,2026-09-09,LOCAL TEA & COFFEE PAYMENT,12.0,expense,Food,LOCAL TEA & COFFEE,UPI
U003-T00221,U003,2026-09-13,CHAI POINT PAYMENT,10.0,expense,Food,CHAI POINT,UPI
U003-T00222,U003,2026-09-19,RAPIDO BIKE PAYMENT,22.0,expense,Transport,RAPIDO BIKE,UPI
U003-T00223,U003,2026-07-03,MOBILE TOP-UP PAYMENT,19.0,expense,Bills,MOBILE TOP-UP,UPI
U003-T00224,U003,2026-07-01,CHAI POINT PAYMENT,10.0,expense,Food,CHAI POINT,UPI
U003-T00225,U003,2026-09-29,RAPIDO BIKE PAYMENT,30.0,expense,Transport,RAPIDO BIKE,UPI
U003-T00226,U003,2026-08-23,AUTO RICKSHAW PAYMENT,55.0,expense,Transport,AUTO RICKSHAW,UPI
U003-T00227,U003,2026-09-27,LOCAL TEA & COFFEE PAYMENT,12.0,expense,Food,LOCAL TEA & COFFEE,UPI
U003-T00228,U003,2026-09-20,LOCAL BAKERY PAYMENT,35.0,expense,Food,LOCAL BAKERY,UPI
U003-T00229,U003,2026-08-22,LOCAL BAKERY PAYMENT,20.0,expense,Food,LOCAL BAKERY,UPI
U003-T00230,U003,2026-09-17,AUTO RICKSHAW PAYMENT,30.0,expense,Transport,AUTO RICKSHAW,UPI
U003-T00231,U003,2026-09-30,SWIGGY QUICK BITE PAYMENT,40.0,expense,Food,SWIGGY QUICK BITE,UPI
U003-T00232,U003,2026-09-19,STATIONERY SHOP PAYMENT,30.0,expense,Shopping,STATIONERY SHOP,UPI
U003-T00233,U003,2026-08-14,ZEPTO QUICK ESSENTIALS PAYMENT,35.0,expense,Food,ZEPTO QUICK ESSENTIALS,UPI
U003-T00234,U003,2026-07-25,LOCAL TEA & COFFEE PAYMENT,10.0,expense,Food,LOCAL TEA & COFFEE,UPI
U003-T00235,U003,2026-09-18,STREET TIFFIN PAYMENT,25.0,expense,Food,STREET TIFFIN,UPI
U003-T00236,U003,2026-08-29,KIRANA STORE PAYMENT,25.0,expense,Shopping,KIRANA STORE,UPI
U003-T00237,U003,2026-08-05,CHAI POINT PAYMENT,10.0,expense,Food,CHAI POINT,UPI
U003-T00238,U003,2026-07-20,AUTO RICKSHAW PAYMENT,55.0,expense,Transport,AUTO RICKSHAW,UPI
U003-T00239,U003,2026-09-02,LOCAL TEA & COFFEE PAYMENT,10.0,expense,Food,LOCAL TEA & COFFEE,UPI
U003-T00240,U003,2026-07-07,RAPIDO BIKE PAYMENT,30.0,expense,Transport,RAPIDO BIKE,UPI
U003-T00241,U003,2026-07-27,BLINKIT DAILY PAYMENT,60.0,expense,Food,BLINKIT DAILY,UPI
U003-T00242,U003,2026-09-17,STATIONERY SHOP PAYMENT,45.0,expense,Shopping,STATIONERY SHOP,UPI
U003-T00243,U003,2026-07-06,CHAI POINT PAYMENT,10.0,expense,Food,CHAI POINT,UPI
U003-T00244,U003,2026-09-07,LOCAL TEA & COFFEE PAYMENT,10.0,expense,Food,LOCAL TEA & COFFEE,UPI
U003-T00245,U003,2026-09-01,NAMMA METRO PAYMENT,15.0,expense,Transport,NAMMA METRO,UPI
U003-T00246,U003,2026-07-31,AUTO RICKSHAW PAYMENT,40.0,expense,Transport,AUTO RICKSHAW,UPI
U003-T00247,U003,2026-08-23,LOCAL TEA & COFFEE PAYMENT,15.0,expense,Food,LOCAL TEA & COFFEE,UPI
U003-T00248,U003,2026-07-30,KIRANA STORE PAYMENT,35.0,expense,Shopping,KIRANA STORE,UPI
U003-T00249,U003,2026-07-30,CHAI POINT PAYMENT,30.0,expense,Food,CHAI POINT,UPI
U003-T00250,U003,2026-07-26,ZEPTO QUICK ESSENTIALS PAYMENT,35.0,expense,Food,ZEPTO QUICK ESSENTIALS,UPI
U003-T00251,U003,2026-07-10,BLINKIT DAILY PAYMENT,80.0,expense,Food,BLINKIT DAILY,UPI
U003-T00252,U003,2026-07-07,MOBILE TOP-UP PAYMENT,19.0,expense,Bills,MOBILE TOP-UP,UPI
U003-T00253,U003,2026-07-28,PARKING FEE PAYMENT,15.0,expense,Other,PARKING FEE,UPI
U003-T00254,U003,2026-07-23,ZEPTO QUICK ESSENTIALS PAYMENT,35.0,expense,Food,ZEPTO QUICK ESSENTIALS,UPI
U003-T00255,U003,2026-08-28,AUTO RICKSHAW PAYMENT,40.0,expense,Transport,AUTO RICKSHAW,UPI
U003-T00256,U003,2026-08-04,LOCAL TEA & COFFEE PAYMENT,12.0,expense,Food,LOCAL TEA & COFFEE,UPI
U003-T00257,U003,2026-07-05,AUTO RICKSHAW PAYMENT,20.0,expense,Transport,AUTO RICKSHAW,UPI
U003-T00258,U003,2026-08-05,LOCAL TEA & COFFEE PAYMENT,20.0,expense,Food,LOCAL TEA & COFFEE,UPI
U003-T00259,U003,2026-08-28,ZEPTO QUICK ESSENTIALS PAYMENT,50.0,expense,Food,ZEPTO QUICK ESSENTIALS,UPI
U003-T00260,U003,2026-07-29,MOBILE TOP-UP PAYMENT,49.0,expense,Bills,MOBILE TOP-UP,UPI
U003-T00261,U003,2026-07-21,KIRANA STORE PAYMENT,25.0,expense,Shopping,KIRANA STORE,UPI
U003-T00262,U003,2026-09-12,QUICK UPI TRANSFER PAYMENT,15.0,expense,Other,QUICK UPI TRANSFER,UPI
U003-T00263,U003,2026-07-12,ZEPTO QUICK ESSENTIALS PAYMENT,75.0,expense,Food,ZEPTO QUICK ESSENTIALS,UPI
U003-T00264,U003,2026-07-28,RAPIDO BIKE PAYMENT,42.0,expense,Transport,RAPIDO BIKE,UPI
U003-T00265,U003,2026-08-05,CHAI POINT PAYMENT,30.0,expense,Food,CHAI POINT,UPI
U003-T00266,U003,2026-08-01,LOCAL BAKERY PAYMENT,35.0,expense,Food,LOCAL BAKERY,UPI
U003-T00267,U003,2026-09-13,LOCAL BAKERY PAYMENT,20.0,expense,Food,LOCAL BAKERY,UPI
U003-T00268,U003,2026-09-12,COFFEE & CHAT PAYMENT,65.0,expense,Entertainment,COFFEE & CHAT,UPI
U003-T00269,U003,2026-07-06,CHAI POINT PAYMENT,30.0,expense,Food,CHAI POINT,UPI
U003-T00270,U003,2026-09-03,CHAI POINT PAYMENT,30.0,expense,Food,CHAI POINT,UPI
U003-T00271,U003,2026-08-31,STATIONERY SHOP PAYMENT,12.0,expense,Shopping,STATIONERY SHOP,UPI
U003-T00272,U003,2026-08-27,SWIGGY QUICK BITE PAYMENT,40.0,expense,Food,SWIGGY QUICK BITE,UPI
U003-T00273,U003,2026-09-10,UBER AUTO PAYMENT,75.0,expense,Transport,UBER AUTO,UPI
U003-T00274,U003,2026-07-28,LOCAL TEA & COFFEE PAYMENT,15.0,expense,Food,LOCAL TEA & COFFEE,UPI
U003-T00275,U003,2026-07-31,RAPIDO BIKE PAYMENT,15.0,expense,Transport,RAPIDO BIKE,UPI
U003-T00276,U003,2026-07-03,SWIGGY QUICK BITE PAYMENT,85.0,expense,Food,SWIGGY QUICK BITE,UPI
U003-T00277,U003,2026-07-21,AUTO RICKSHAW PAYMENT,20.0,expense,Transport,AUTO RICKSHAW,UPI
U003-T00278,U003,2026-08-28,BLINKIT DAILY PAYMENT,40.0,expense,Food,BLINKIT DAILY,UPI
U003-T00279,U003,2026-09-29,ZEPTO QUICK ESSENTIALS PAYMENT,50.0,expense,Food,ZEPTO QUICK ESSENTIALS,UPI
U003-T00280,U003,2026-09-19,BLINKIT DAILY PAYMENT,30.0,expense,Food,BLINKIT DAILY,UPI
U003-T00281,U003,2026-09-19,CHAI POINT PAYMENT,20.0,expense,Food,CHAI POINT,UPI
U003-T00282,U003,2026-09-06,CHAI POINT PAYMENT,30.0,expense,Food,CHAI POINT,UPI
U003-T00283,U003,2026-08-04,AUTO RICKSHAW PAYMENT,30.0,expense,Transport,AUTO RICKSHAW,UPI
U003-T00284,U003,2026-09-26,CHAI POINT PAYMENT,20.0,expense,Food,CHAI POINT,UPI
U003-T00285,U003,2026-07-08,NAMMA METRO PAYMENT,25.0,expense,Transport,NAMMA METRO,UPI
U003-T00286,U003,2026-07-07,CHAI POINT PAYMENT,20.0,expense,Food,CHAI POINT,UPI
U003-T00287,U003,2026-08-29,RAPIDO BIKE PAYMENT,30.0,expense,Transport,RAPIDO BIKE,UPI
U003-T00288,U003,2026-08-16,LOCAL TEA & COFFEE PAYMENT,10.0,expense,Food,LOCAL TEA & COFFEE,UPI
U003-T00289,U003,2026-09-10,AUTO RICKSHAW PAYMENT,30.0,expense,Transport,AUTO RICKSHAW,UPI
U003-T00290,U003,2026-07-18,COMMUNITY CHARITY UPI PAYMENT,11.0,expense,Other,COMMUNITY CHARITY UPI,UPI
U003-T00291,U003,2026-09-08,CHAI POINT PAYMENT,30.0,expense,Food,CHAI POINT,UPI
U003-T00292,U003,2026-09-13,CAMPUS PHOTOCOPY & NOTES PAYMENT,20.0,expense,Education,CAMPUS PHOTOCOPY & NOTES,UPI
U003-T00293,U003,2026-07-29,STREET TIFFIN PAYMENT,35.0,expense,Food,STREET TIFFIN,UPI
U003-T00294,U003,2026-09-03,AUTO RICKSHAW PAYMENT,40.0,expense,Transport,AUTO RICKSHAW,UPI
U003-T00295,U003,2026-07-07,CHAI POINT PAYMENT,20.0,expense,Food,CHAI POINT,UPI
U003-T00296,U003,2026-08-27,SWIGGY QUICK BITE PAYMENT,40.0,expense,Food,SWIGGY QUICK BITE,UPI
U003-T00297,U003,2026-08-30,AUTO RICKSHAW PAYMENT,40.0,expense,Transport,AUTO RICKSHAW,UPI
U003-T00298,U003,2026-08-27,RAPIDO BIKE PAYMENT,15.0,expense,Transport,RAPIDO BIKE,UPI
U003-T00299,U003,2026-07-25,MOBILE TOP-UP PAYMENT,29.0,expense,Bills,MOBILE TOP-UP,UPI
U003-T00300,U003,2026-07-12,CHAI POINT PAYMENT,15.0,expense,Food,CHAI POINT,UPI
U003-T00301,U003,2026-08-06,QUICK UPI TRANSFER PAYMENT,10.0,expense,Other,QUICK UPI TRANSFER,UPI
U003-T00302,U003,2026-07-14,LOCAL TEA & COFFEE PAYMENT,10.0,expense,Food,LOCAL TEA & COFFEE,UPI
U003-T00303,U003,2026-09-28,LOCAL TEA & COFFEE PAYMENT,12.0,expense,Food,LOCAL TEA & COFFEE,UPI
U003-T00304,U003,2026-07-27,NAMMA METRO PAYMENT,15.0,expense,Transport,NAMMA METRO,UPI
U003-T00305,U003,2026-08-07,ZEPTO QUICK ESSENTIALS PAYMENT,35.0,expense,Food,ZEPTO QUICK ESSENTIALS,UPI
U003-T00306,U003,2026-08-30,STREET TIFFIN PAYMENT,50.0,expense,Food,STREET TIFFIN,UPI
U003-T00307,U003,2026-09-21,CHAI POINT PAYMENT,15.0,expense,Food,CHAI POINT,UPI
U003-T00308,U003,2026-07-09,CHAI POINT PAYMENT,15.0,expense,Food,CHAI POINT,UPI
U003-T00309,U003,2026-09-05,RAPIDO BIKE PAYMENT,42.0,expense,Transport,RAPIDO BIKE,UPI
U003-T00310,U003,2026-09-13,STREET TIFFIN PAYMENT,35.0,expense,Food,STREET TIFFIN,UPI
U003-T00311,U003,2026-09-01,RAPIDO BIKE PAYMENT,42.0,expense,Transport,RAPIDO BIKE,UPI
U003-T00312,U003,2026-08-28,STREET TIFFIN PAYMENT,25.0,expense,Food,STREET TIFFIN,UPI
U003-T00313,U003,2026-08-09,LOCAL TEA & COFFEE PAYMENT,15.0,expense,Food,LOCAL TEA & COFFEE,UPI
U003-T00314,U003,2026-07-30,SWIGGY QUICK BITE PAYMENT,85.0,expense,Food,SWIGGY QUICK BITE,UPI
U003-T00315,U003,2026-07-07,LOCAL TEA & COFFEE PAYMENT,15.0,expense,Food,LOCAL TEA & COFFEE,UPI
U003-T00316,U003,2026-08-28,QUICK UPI TRANSFER PAYMENT,15.0,expense,Other,QUICK UPI TRANSFER,UPI
U003-T00317,U003,2026-09-30,NAMMA METRO PAYMENT,20.0,expense,Transport,NAMMA METRO,UPI
U003-T00318,U003,2026-07-23,LOCAL PHARMACY STORE PAYMENT,28.0,expense,Healthcare,LOCAL PHARMACY STORE,UPI
U003-T00319,U003,2026-07-21,LOCAL BAKERY PAYMENT,15.0,expense,Food,LOCAL BAKERY,UPI
U003-T00320,U003,2026-08-10,NAMMA METRO PAYMENT,35.0,expense,Transport,NAMMA METRO,UPI
U003-T00321,U003,2026-08-03,ZEPTO QUICK ESSENTIALS PAYMENT,35.0,expense,Food,ZEPTO QUICK ESSENTIALS,UPI
U003-T00322,U003,2026-09-10,AUTO RICKSHAW PAYMENT,40.0,expense,Transport,AUTO RICKSHAW,UPI
U003-T00323,U003,2026-08-14,LOCAL TEA & COFFEE PAYMENT,20.0,expense,Food,LOCAL TEA & COFFEE,UPI
U003-T00324,U003,2026-09-08,QUICK UPI TRANSFER PAYMENT,20.0,expense,Other,QUICK UPI TRANSFER,UPI
U003-T00325,U003,2026-07-16,COFFEE & CHAT PAYMENT,65.0,expense,Entertainment,COFFEE & CHAT,UPI
U003-T00326,U003,2026-09-02,KIRANA STORE PAYMENT,55.0,expense,Shopping,KIRANA STORE,UPI
U003-T00327,U003,2026-08-10,LOCAL TEA & COFFEE PAYMENT,15.0,expense,Food,LOCAL TEA & COFFEE,UPI
U003-T00328,U003,2026-09-21,AUTO RICKSHAW PAYMENT,55.0,expense,Transport,AUTO RICKSHAW,UPI
U003-T00329,U003,2026-08-07,QUICK UPI TRANSFER PAYMENT,15.0,expense,Other,QUICK UPI TRANSFER,UPI
U003-T00330,U003,2026-09-11,UBER AUTO PAYMENT,75.0,expense,Transport,UBER AUTO,UPI
U003-T00331,U003,2026-08-13,AUTO RICKSHAW PAYMENT,55.0,expense,Transport,AUTO RICKSHAW,UPI
U003-T00332,U003,2026-07-06,LOCAL TEA & COFFEE PAYMENT,10.0,expense,Food,LOCAL TEA & COFFEE,UPI
U003-T00333,U003,2026-08-09,CHAI POINT PAYMENT,15.0,expense,Food,CHAI POINT,UPI
U003-T00334,U003,2026-08-27,STREET TIFFIN PAYMENT,35.0,expense,Food,STREET TIFFIN,UPI
U003-T00335,U003,2026-07-08,RAPIDO BIKE PAYMENT,22.0,expense,Transport,RAPIDO BIKE,UPI
U003-T00336,U003,2026-09-13,NAMMA METRO PAYMENT,25.0,expense,Transport,NAMMA METRO,UPI
U003-T00337,U003,2026-07-26,CHAI POINT PAYMENT,30.0,expense,Food,CHAI POINT,UPI
U003-T00338,U003,2026-09-25,AUTO RICKSHAW PAYMENT,20.0,expense,Transport,AUTO RICKSHAW,UPI
U003-T00339,U003,2026-09-04,ZEPTO QUICK ESSENTIALS PAYMENT,75.0,expense,Food,ZEPTO QUICK ESSENTIALS,UPI
U003-T00340,U003,2026-08-10,RAPIDO BIKE PAYMENT,15.0,expense,Transport,RAPIDO BIKE,UPI
U003-T00341,U003,2026-09-24,STREET TIFFIN PAYMENT,25.0,expense,Food,STREET TIFFIN,UPI
U003-T00342,U003,2026-09-30,LOCAL PHARMACY STORE PAYMENT,45.0,expense,Healthcare,LOCAL PHARMACY STORE,UPI
U003-T00343,U003,2026-08-19,ZEPTO QUICK ESSENTIALS PAYMENT,50.0,expense,Food,ZEPTO QUICK ESSENTIALS,UPI
U003-T00344,U003,2026-08-14,STREET TIFFIN PAYMENT,50.0,expense,Food,STREET TIFFIN,UPI
U003-T00345,U003,2026-09-10,CHAI POINT PAYMENT,30.0,expense,Food,CHAI POINT,UPI
U003-T00346,U003,2026-08-23,STATIONERY SHOP PAYMENT,30.0,expense,Shopping,STATIONERY SHOP,UPI
U003-T00347,U003,2026-07-21,STATIONERY SHOP PAYMENT,45.0,expense,Shopping,STATIONERY SHOP,UPI
U003-T00348,U003,2026-08-23,LOCAL TEA & COFFEE PAYMENT,10.0,expense,Food,LOCAL TEA & COFFEE,UPI
U003-T00349,U003,2026-07-19,LOCAL TEA & COFFEE PAYMENT,20.0,expense,Food,LOCAL TEA & COFFEE,UPI
U003-T00350,U003,2026-09-06,COMMUNITY CHARITY UPI PAYMENT,11.0,expense,Other,COMMUNITY CHARITY UPI,UPI
U003-T00351,U003,2026-09-14,UBER AUTO PAYMENT,28.0,expense,Transport,UBER AUTO,UPI
U003-T00352,U003,2026-07-01,ZEPTO QUICK ESSENTIALS PAYMENT,50.0,expense,Food,ZEPTO QUICK ESSENTIALS,UPI
U003-T00353,U003,2026-08-23,LOCAL TEA & COFFEE PAYMENT,20.0,expense,Food,LOCAL TEA & COFFEE,UPI
U003-T00354,U003,2026-09-29,NAMMA METRO PAYMENT,20.0,expense,Transport,NAMMA METRO,UPI
U003-T00355,U003,2026-07-26,LOCAL TEA & COFFEE PAYMENT,20.0,expense,Food,LOCAL TEA & COFFEE,UPI
U003-T00356,U003,2026-08-07,NAMMA METRO PAYMENT,15.0,expense,Transport,NAMMA METRO,UPI
U003-T00357,U003,2026-08-08,LOCAL PHARMACY STORE PAYMENT,45.0,expense,Healthcare,LOCAL PHARMACY STORE,UPI
U003-T00358,U003,2026-09-02,NAMMA METRO PAYMENT,35.0,expense,Transport,NAMMA METRO,UPI
U003-T00359,U003,2026-07-29,CHAI POINT PAYMENT,10.0,expense,Food,CHAI POINT,UPI
U003-T00360,U003,2026-07-20,LOCAL BAKERY PAYMENT,35.0,expense,Food,LOCAL BAKERY,UPI
U003-T00361,U003,2026-07-16,RAPIDO BIKE PAYMENT,30.0,expense,Transport,RAPIDO BIKE,UPI
U003-T00362,U003,2026-08-23,LOCAL TEA & COFFEE PAYMENT,12.0,expense,Food,LOCAL TEA & COFFEE,UPI
U003-T00363,U003,2026-07-04,LOCAL TEA & COFFEE PAYMENT,15.0,expense,Food,LOCAL TEA & COFFEE,UPI
U003-T00364,U003,2026-09-02,COMMUNITY CHARITY UPI PAYMENT,11.0,expense,Other,COMMUNITY CHARITY UPI,UPI
U003-T00365,U003,2026-09-15,UBER AUTO PAYMENT,75.0,expense,Transport,UBER AUTO,UPI
U003-T00366,U003,2026-09-11,BLINKIT DAILY PAYMENT,60.0,expense,Food,BLINKIT DAILY,UPI
U003-T00367,U003,2026-09-19,AUTO RICKSHAW PAYMENT,20.0,expense,Transport,AUTO RICKSHAW,UPI
U003-T00368,U003,2026-08-17,SWIGGY QUICK BITE PAYMENT,40.0,expense,Food,SWIGGY QUICK BITE,UPI
U003-T00369,U003,2026-08-03,LOCAL TEA & COFFEE PAYMENT,10.0,expense,Food,LOCAL TEA & COFFEE,UPI
U003-T00370,U003,2026-07-19,STREET TIFFIN PAYMENT,25.0,expense,Food,STREET TIFFIN,UPI
U003-T00371,U003,2026-08-15,LOCAL TEA & COFFEE PAYMENT,15.0,expense,Food,LOCAL TEA & COFFEE,UPI
U003-T00372,U003,2026-08-16,BLINKIT DAILY PAYMENT,60.0,expense,Food,BLINKIT DAILY,UPI
U003-T00373,U003,2026-07-07,STREET TIFFIN PAYMENT,20.0,expense,Food,STREET TIFFIN,UPI
U003-T00374,U003,2026-09-04,LOCAL TEA & COFFEE PAYMENT,12.0,expense,Food,LOCAL TEA & COFFEE,UPI
U003-T00375,U003,2026-07-13,RAPIDO BIKE PAYMENT,22.0,expense,Transport,RAPIDO BIKE,UPI
U003-T00376,U003,2026-09-08,STREET TIFFIN PAYMENT,35.0,expense,Food,STREET TIFFIN,UPI
U003-T00377,U003,2026-09-26,KIRANA STORE PAYMENT,35.0,expense,Shopping,KIRANA STORE,UPI
U003-T00378,U003,2026-09-26,AUTO RICKSHAW PAYMENT,40.0,expense,Transport,AUTO RICKSHAW,UPI
U003-T00379,U003,2026-07-13,NAMMA METRO PAYMENT,25.0,expense,Transport,NAMMA METRO,UPI
U003-T00380,U003,2026-07-19,CHAI POINT PAYMENT,20.0,expense,Food,CHAI POINT,UPI
U003-T00381,U003,2026-08-17,KIRANA STORE PAYMENT,55.0,expense,Shopping,KIRANA STORE,UPI
U003-T00382,U003,2026-08-13,COFFEE & CHAT PAYMENT,30.0,expense,Entertainment,COFFEE & CHAT,UPI
U003-T00383,U003,2026-07-14,LOCAL BAKERY PAYMENT,20.0,expense,Food,LOCAL BAKERY,UPI
U003-T00384,U003,2026-07-25,KIRANA STORE PAYMENT,15.0,expense,Shopping,KIRANA STORE,UPI
U003-T00385,U003,2026-08-23,BLINKIT DAILY PAYMENT,30.0,expense,Food,BLINKIT DAILY,UPI
U003-T00386,U003,2026-07-15,STATIONERY SHOP PAYMENT,12.0,expense,Shopping,STATIONERY SHOP,UPI
U003-T00387,U003,2026-08-31,STREET TIFFIN PAYMENT,35.0,expense,Food,STREET TIFFIN,UPI
U003-T00388,U003,2026-07-18,STATIONERY SHOP PAYMENT,30.0,expense,Shopping,STATIONERY SHOP,UPI
U003-T00389,U003,2026-07-23,AUTO RICKSHAW PAYMENT,20.0,expense,Transport,AUTO RICKSHAW,UPI
U003-T00390,U003,2026-07-16,LOCAL BAKERY PAYMENT,20.0,expense,Food,LOCAL BAKERY,UPI
U003-T00391,U003,2026-09-27,LOCAL BAKERY PAYMENT,20.0,expense,Food,LOCAL BAKERY,UPI
U003-T00392,U003,2026-07-27,LOCAL TEA & COFFEE PAYMENT,10.0,expense,Food,LOCAL TEA & COFFEE,UPI
U003-T00393,U003,2026-08-24,AUTO RICKSHAW PAYMENT,20.0,expense,Transport,AUTO RICKSHAW,UPI
U003-T00394,U003,2026-07-10,CHAI POINT PAYMENT,30.0,expense,Food,CHAI POINT,UPI
U003-T00395,U003,2026-08-25,CHAI POINT PAYMENT,10.0,expense,Food,CHAI POINT,UPI
U003-T00396,U003,2026-07-05,KIRANA STORE PAYMENT,15.0,expense,Shopping,KIRANA STORE,UPI
U003-T00397,U003,2026-08-30,LOCAL TEA & COFFEE PAYMENT,15.0,expense,Food,LOCAL TEA & COFFEE,UPI
U003-T00398,U003,2026-07-06,CHAI POINT PAYMENT,10.0,expense,Food,CHAI POINT,UPI
U003-T00399,U003,2026-07-13,KIRANA STORE PAYMENT,25.0,expense,Shopping,KIRANA STORE,UPI
U003-T00400,U003,2026-09-14,COFFEE & CHAT PAYMENT,30.0,expense,Entertainment,COFFEE & CHAT,UPI
U003-T00401,U003,2026-09-24,STREET TIFFIN PAYMENT,20.0,expense,Food,STREET TIFFIN,UPI
U003-T00402,U003,2026-07-19,LOCAL PHARMACY STORE PAYMENT,45.0,expense,Healthcare,LOCAL PHARMACY STORE,UPI
U003-T00403,U003,2026-09-13,STREET TIFFIN PAYMENT,25.0,expense,Food,STREET TIFFIN,UPI
U003-T00404,U003,2026-09-03,KIRANA STORE PAYMENT,25.0,expense,Shopping,KIRANA STORE,UPI
U003-T00405,U003,2026-09-03,NAMMA METRO PAYMENT,15.0,expense,Transport,NAMMA METRO,UPI
U003-T00406,U003,2026-09-13,KIRANA STORE PAYMENT,25.0,expense,Shopping,KIRANA STORE,UPI
U003-T00407,U003,2026-09-30,LOCAL TEA & COFFEE PAYMENT,15.0,expense,Food,LOCAL TEA & COFFEE,UPI
U003-T00408,U003,2026-07-22,COFFEE & CHAT PAYMENT,20.0,expense,Entertainment,COFFEE & CHAT,UPI
U003-T00409,U003,2026-07-13,PARKING FEE PAYMENT,20.0,expense,Other,PARKING FEE,UPI
U003-T00410,U003,2026-09-29,BLINKIT DAILY PAYMENT,40.0,expense,Food,BLINKIT DAILY,UPI
U003-T00411,U003,2026-08-26,AUTO RICKSHAW PAYMENT,20.0,expense,Transport,AUTO RICKSHAW,UPI
U003-T00412,U003,2026-07-24,LOCAL PHARMACY STORE PAYMENT,65.0,expense,Healthcare,LOCAL PHARMACY STORE,UPI
U003-T00413,U003,2026-08-24,LOCAL BAKERY PAYMENT,20.0,expense,Food,LOCAL BAKERY,UPI
U003-T00414,U003,2026-08-22,CHAI POINT PAYMENT,20.0,expense,Food,CHAI POINT,UPI
U003-T00415,U003,2026-07-16,BLINKIT DAILY PAYMENT,40.0,expense,Food,BLINKIT DAILY,UPI
U003-T00416,U003,2026-09-02,KIRANA STORE PAYMENT,35.0,expense,Shopping,KIRANA STORE,UPI
U003-T00417,U003,2026-09-10,AUTO RICKSHAW PAYMENT,20.0,expense,Transport,AUTO RICKSHAW,UPI
U003-T00418,U003,2026-08-11,SWIGGY QUICK BITE PAYMENT,110.0,expense,Food,SWIGGY QUICK BITE,UPI
U003-T00419,U003,2026-08-06,BLINKIT DAILY PAYMENT,60.0,expense,Food,BLINKIT DAILY,UPI
U003-T00420,U003,2026-09-26,QUICK UPI TRANSFER PAYMENT,30.0,expense,Other,QUICK UPI TRANSFER,UPI
U003-T00421,U003,2026-07-29,NAMMA METRO PAYMENT,25.0,expense,Transport,NAMMA METRO,UPI
U003-T00422,U003,2026-08-24,LOCAL TEA & COFFEE PAYMENT,10.0,expense,Food,LOCAL TEA & COFFEE,UPI
U003-T00423,U003,2026-08-30,PARKING FEE PAYMENT,15.0,expense,Other,PARKING FEE,UPI
U003-T00424,U003,2026-07-23,CHAI POINT PAYMENT,30.0,expense,Food,CHAI POINT,UPI
U003-T00425,U003,2026-09-25,CHAI POINT PAYMENT,30.0,expense,Food,CHAI POINT,UPI
U003-T00426,U003,2026-09-05,RAPIDO BIKE PAYMENT,15.0,expense,Transport,RAPIDO BIKE,UPI
U003-T00427,U003,2026-07-16,LOCAL TEA & COFFEE PAYMENT,20.0,expense,Food,LOCAL TEA & COFFEE,UPI
U003-T00428,U003,2026-09-27,RAPIDO BIKE PAYMENT,15.0,expense,Transport,RAPIDO BIKE,UPI
U003-T00429,U003,2026-07-22,CHAI POINT PAYMENT,15.0,expense,Food,CHAI POINT,UPI
U003-T00430,U003,2026-08-13,LOCAL TEA & COFFEE PAYMENT,20.0,expense,Food,LOCAL TEA & COFFEE,UPI
U003-T00431,U003,2026-07-16,LOCAL BAKERY PAYMENT,35.0,expense,Food,LOCAL BAKERY,UPI
U003-T00432,U003,2026-09-02,LOCAL BAKERY PAYMENT,25.0,expense,Food,LOCAL BAKERY,UPI
U003-T00433,U003,2026-09-21,PARKING FEE PAYMENT,15.0,expense,Other,PARKING FEE,UPI
U003-T00434,U003,2026-08-30,AUTO RICKSHAW PAYMENT,55.0,expense,Transport,AUTO RICKSHAW,UPI
U003-T00435,U003,2026-09-01,SWIGGY QUICK BITE PAYMENT,60.0,expense,Food,SWIGGY QUICK BITE,UPI
U003-T00436,U003,2026-08-28,CHAI POINT PAYMENT,20.0,expense,Food,CHAI POINT,UPI
U003-T00437,U003,2026-09-01,SWIGGY QUICK BITE PAYMENT,60.0,expense,Food,SWIGGY QUICK BITE,UPI
U003-T00438,U003,2026-07-04,CHAI POINT PAYMENT,10.0,expense,Food,CHAI POINT,UPI
U003-T00439,U003,2026-07-09,SWIGGY QUICK BITE PAYMENT,40.0,expense,Food,SWIGGY QUICK BITE,UPI
U003-T00440,U003,2026-07-23,ZEPTO QUICK ESSENTIALS PAYMENT,50.0,expense,Food,ZEPTO QUICK ESSENTIALS,UPI
U003-T00441,U003,2026-07-20,STREET TIFFIN PAYMENT,20.0,expense,Food,STREET TIFFIN,UPI
U003-T00442,U003,2026-07-10,RAPIDO BIKE PAYMENT,42.0,expense,Transport,RAPIDO BIKE,UPI
U003-T00443,U003,2026-08-29,LOCAL TEA & COFFEE PAYMENT,20.0,expense,Food,LOCAL TEA & COFFEE,UPI
U003-T00444,U003,2026-09-01,SWIGGY QUICK BITE PAYMENT,85.0,expense,Food,SWIGGY QUICK BITE,UPI
U003-T00445,U003,2026-09-08,NAMMA METRO PAYMENT,15.0,expense,Transport,NAMMA METRO,UPI
U003-T00446,U003,2026-08-25,MOBILE TOP-UP PAYMENT,19.0,expense,Bills,MOBILE TOP-UP,UPI
U003-T00447,U003,2026-08-19,BLINKIT DAILY PAYMENT,80.0,expense,Food,BLINKIT DAILY,UPI
U003-T00448,U003,2026-08-26,BLINKIT DAILY PAYMENT,30.0,expense,Food,BLINKIT DAILY,UPI
U003-T00449,U003,2026-07-23,NAMMA METRO PAYMENT,25.0,expense,Transport,NAMMA METRO,UPI
U003-T00450,U003,2026-09-29,LOCAL TEA & COFFEE PAYMENT,20.0,expense,Food,LOCAL TEA & COFFEE,UPI
U003-T00451,U003,2026-07-18,STREET TIFFIN PAYMENT,50.0,expense,Food,STREET TIFFIN,UPI
U003-T00452,U003,2026-09-01,KIRANA STORE PAYMENT,55.0,expense,Shopping,KIRANA STORE,UPI
U003-T00453,U003,2026-09-23,NAMMA METRO PAYMENT,35.0,expense,Transport,NAMMA METRO,UPI
U003-T00454,U003,2026-08-30,NAMMA METRO PAYMENT,20.0,expense,Transport,NAMMA METRO,UPI
U003-T00455,U003,2026-09-03,CHAI POINT PAYMENT,20.0,expense,Food,CHAI POINT,UPI
U003-T00456,U003,2026-09-02,RAPIDO BIKE PAYMENT,42.0,expense,Transport,RAPIDO BIKE,UPI
U003-T00457,U003,2026-09-17,AUTO RICKSHAW PAYMENT,40.0,expense,Transport,AUTO RICKSHAW,UPI
U003-T00458,U003,2026-08-11,CHAI POINT PAYMENT,10.0,expense,Food,CHAI POINT,UPI
U003-T00459,U003,2026-07-17,LOCAL PHARMACY STORE PAYMENT,45.0,expense,Healthcare,LOCAL PHARMACY STORE,UPI
U003-T00460,U003,2026-09-13,CHAI POINT PAYMENT,20.0,expense,Food,CHAI POINT,UPI
U003-T00461,U003,2026-08-18,CHAI POINT PAYMENT,20.0,expense,Food,CHAI POINT,UPI
U003-T00462,U003,2026-08-15,ZEPTO QUICK ESSENTIALS PAYMENT,25.0,expense,Food,ZEPTO QUICK ESSENTIALS,UPI
U003-T00463,U003,2026-09-23,LOCAL BAKERY PAYMENT,20.0,expense,Food,LOCAL BAKERY,UPI
U003-T00464,U003,2026-09-21,STREET TIFFIN PAYMENT,20.0,expense,Food,STREET TIFFIN,UPI
U003-T00465,U003,2026-09-27,CHAI POINT PAYMENT,20.0,expense,Food,CHAI POINT,UPI
U003-T00466,U003,2026-07-15,STREET TIFFIN PAYMENT,20.0,expense,Food,STREET TIFFIN,UPI
U003-T00467,U003,2026-09-07,STREET TIFFIN PAYMENT,50.0,expense,Food,STREET TIFFIN,UPI
U003-T00468,U003,2026-09-23,CAMPUS PHOTOCOPY & NOTES PAYMENT,50.0,expense,Education,CAMPUS PHOTOCOPY & NOTES,UPI
U003-T00469,U003,2026-08-04,CHAI POINT PAYMENT,30.0,expense,Food,CHAI POINT,UPI
U003-T00470,U003,2026-09-14,CHAI POINT PAYMENT,20.0,expense,Food,CHAI POINT,UPI
U003-T00471,U003,2026-08-18,NAMMA METRO PAYMENT,25.0,expense,Transport,NAMMA METRO,UPI
U003-T00472,U003,2026-09-12,CHAI POINT PAYMENT,30.0,expense,Food,CHAI POINT,UPI
U003-T00473,U003,2026-07-13,AUTO RICKSHAW PAYMENT,30.0,expense,Transport,AUTO RICKSHAW,UPI
U003-T00474,U003,2026-08-13,SWIGGY QUICK BITE PAYMENT,85.0,expense,Food,SWIGGY QUICK BITE,UPI
U003-T00475,U003,2026-07-22,RAPIDO BIKE PAYMENT,30.0,expense,Transport,RAPIDO BIKE,UPI
U003-T00476,U003,2026-08-25,LOCAL TEA & COFFEE PAYMENT,10.0,expense,Food,LOCAL TEA & COFFEE,UPI
U003-T00477,U003,2026-09-07,LOCAL BAKERY PAYMENT,25.0,expense,Food,LOCAL BAKERY,UPI
U003-T00478,U003,2026-07-07,STREET TIFFIN PAYMENT,50.0,expense,Food,STREET TIFFIN,UPI
U003-T00479,U003,2026-07-29,RAPIDO BIKE PAYMENT,15.0,expense,Transport,RAPIDO BIKE,UPI
U003-T00480,U003,2026-09-30,LOCAL PHARMACY STORE PAYMENT,18.0,expense,Healthcare,LOCAL PHARMACY STORE,UPI
U003-T00481,U003,2026-09-14,STREET TIFFIN PAYMENT,20.0,expense,Food,STREET TIFFIN,UPI
U003-T00482,U003,2026-09-11,STATIONERY SHOP PAYMENT,45.0,expense,Shopping,STATIONERY SHOP,UPI
U003-T00483,U003,2026-08-24,LOCAL BAKERY PAYMENT,15.0,expense,Food,LOCAL BAKERY,UPI
U003-T00484,U003,2026-09-22,STATIONERY SHOP PAYMENT,30.0,expense,Shopping,STATIONERY SHOP,UPI
U003-T00485,U003,2026-08-25,RAPIDO BIKE PAYMENT,30.0,expense,Transport,RAPIDO BIKE,UPI
U003-T00486,U003,2026-07-26,ZEPTO QUICK ESSENTIALS PAYMENT,50.0,expense,Food,ZEPTO QUICK ESSENTIALS,UPI
U003-T00487,U003,2026-09-18,NAMMA METRO PAYMENT,20.0,expense,Transport,NAMMA METRO,UPI
U003-T00488,U003,2026-07-03,RAPIDO BIKE PAYMENT,22.0,expense,Transport,RAPIDO BIKE,UPI
U003-T00489,U003,2026-09-12,SWIGGY QUICK BITE PAYMENT,110.0,expense,Food,SWIGGY QUICK BITE,UPI
U003-T00490,U003,2026-08-04,PARKING FEE PAYMENT,20.0,expense,Other,PARKING FEE,UPI
U003-T00491,U003,2026-09-17,LOCAL PHARMACY STORE PAYMENT,65.0,expense,Healthcare,LOCAL PHARMACY STORE,UPI
U003-T00492,U003,2026-09-11,UBER AUTO PAYMENT,28.0,expense,Transport,UBER AUTO,UPI
U003-T00493,U003,2026-09-05,LOCAL TEA & COFFEE PAYMENT,20.0,expense,Food,LOCAL TEA & COFFEE,UPI
U003-T00494,U003,2026-07-19,LOCAL BAKERY PAYMENT,25.0,expense,Food,LOCAL BAKERY,UPI
U003-T00495,U003,2026-08-25,ZEPTO QUICK ESSENTIALS PAYMENT,25.0,expense,Food,ZEPTO QUICK ESSENTIALS,UPI
U003-T00496,U003,2026-09-20,LOCAL TEA & COFFEE PAYMENT,20.0,expense,Food,LOCAL TEA & COFFEE,UPI
U003-T00497,U003,2026-08-04,STATIONERY SHOP PAYMENT,20.0,expense,Shopping,STATIONERY SHOP,UPI
U003-T00498,U003,2026-08-02,AUTO RICKSHAW PAYMENT,30.0,expense,Transport,AUTO RICKSHAW,UPI
U003-T00499,U003,2026-08-21,LOCAL BAKERY PAYMENT,20.0,expense,Food,LOCAL BAKERY,UPI
U003-T00500,U003,2026-07-25,CHAI POINT PAYMENT,20.0,expense,Food,CHAI POINT,UPI
U003-T00501,U003,2026-08-29,SWIGGY QUICK BITE PAYMENT,110.0,expense,Food,SWIGGY QUICK BITE,UPI
U003-T00502,U003,2026-08-24,RAPIDO BIKE PAYMENT,15.0,expense,Transport,RAPIDO BIKE,UPI
U003-T00503,U003,2026-07-26,LOCAL TEA & COFFEE PAYMENT,12.0,expense,Food,LOCAL TEA & COFFEE,UPI
U003-T00504,U003,2026-07-04,LOCAL BAKERY PAYMENT,25.0,expense,Food,LOCAL BAKERY,UPI
U003-T00505,U003,2026-09-23,NAMMA METRO PAYMENT,15.0,expense,Transport,NAMMA METRO,UPI
U003-T00506,U003,2026-09-01,KIRANA STORE PAYMENT,15.0,expense,Shopping,KIRANA STORE,UPI
U003-T00507,U003,2026-07-11,STREET TIFFIN PAYMENT,35.0,expense,Food,STREET TIFFIN,UPI
U003-T00508,U003,2026-07-09,COFFEE & CHAT PAYMENT,65.0,expense,Entertainment,COFFEE & CHAT,UPI
U003-T00509,U003,2026-08-16,AUTO RICKSHAW PAYMENT,20.0,expense,Transport,AUTO RICKSHAW,UPI
U003-T00510,U003,2026-08-20,PARKING FEE PAYMENT,20.0,expense,Other,PARKING FEE,UPI
U003-T00511,U003,2026-07-18,LOCAL BAKERY PAYMENT,15.0,expense,Food,LOCAL BAKERY,UPI
U003-T00512,U003,2026-09-05,RAPIDO BIKE PAYMENT,30.0,expense,Transport,RAPIDO BIKE,UPI
U003-T00513,U003,2026-09-02,MOBILE TOP-UP PAYMENT,19.0,expense,Bills,MOBILE TOP-UP,UPI
U003-T00514,U003,2026-09-15,LOCAL TEA & COFFEE PAYMENT,15.0,expense,Food,LOCAL TEA & COFFEE,UPI
U003-T00515,U003,2026-08-12,LOCAL PHARMACY STORE PAYMENT,65.0,expense,Healthcare,LOCAL PHARMACY STORE,UPI
U003-T00516,U003,2026-07-31,PARKING FEE PAYMENT,10.0,expense,Other,PARKING FEE,UPI
U003-T00517,U003,2026-07-19,CHAI POINT PAYMENT,15.0,expense,Food,CHAI POINT,UPI
U003-T00518,U003,2026-08-05,BLINKIT DAILY PAYMENT,60.0,expense,Food,BLINKIT DAILY,UPI
U003-T00519,U003,2026-09-14,CHAI POINT PAYMENT,20.0,expense,Food,CHAI POINT,UPI
U003-T00520,U003,2026-09-28,PARKING FEE PAYMENT,15.0,expense,Other,PARKING FEE,UPI
U003-T00521,U003,2026-09-08,BLINKIT DAILY PAYMENT,40.0,expense,Food,BLINKIT DAILY,UPI
U003-T00522,U003,2026-08-05,MOBILE TOP-UP PAYMENT,19.0,expense,Bills,MOBILE TOP-UP,UPI
U003-T00523,U003,2026-08-16,BLINKIT DAILY PAYMENT,60.0,expense,Food,BLINKIT DAILY,UPI
U003-T00524,U003,2026-08-09,CHAI POINT PAYMENT,10.0,expense,Food,CHAI POINT,UPI
U003-T00525,U003,2026-09-23,KIRANA STORE PAYMENT,15.0,expense,Shopping,KIRANA STORE,UPI
U003-T00526,U003,2026-09-27,COFFEE & CHAT PAYMENT,30.0,expense,Entertainment,COFFEE & CHAT,UPI
U003-T00527,U003,2026-08-02,NAMMA METRO PAYMENT,25.0,expense,Transport,NAMMA METRO,UPI
U003-T00528,U003,2026-09-20,QUICK UPI TRANSFER PAYMENT,20.0,expense,Other,QUICK UPI TRANSFER,UPI
U003-T00529,U003,2026-09-26,LOCAL TEA & COFFEE PAYMENT,12.0,expense,Food,LOCAL TEA & COFFEE,UPI
U003-T00530,U003,2026-08-26,ZEPTO QUICK ESSENTIALS PAYMENT,75.0,expense,Food,ZEPTO QUICK ESSENTIALS,UPI
U003-T00531,U003,2026-08-02,STREET TIFFIN PAYMENT,25.0,expense,Food,STREET TIFFIN,UPI
U003-T00532,U003,2026-08-08,LOCAL BAKERY PAYMENT,20.0,expense,Food,LOCAL BAKERY,UPI
U003-T00533,U003,2026-08-26,RAPIDO BIKE PAYMENT,42.0,expense,Transport,RAPIDO BIKE,UPI
U003-T00534,U003,2026-07-05,LOCAL BAKERY PAYMENT,15.0,expense,Food,LOCAL BAKERY,UPI
U003-T00535,U003,2026-09-01,BLINKIT DAILY PAYMENT,80.0,expense,Food,BLINKIT DAILY,UPI
U003-T00536,U003,2026-08-12,AUTO RICKSHAW PAYMENT,20.0,expense,Transport,AUTO RICKSHAW,UPI
U003-T00537,U003,2026-07-21,AUTO RICKSHAW PAYMENT,20.0,expense,Transport,AUTO RICKSHAW,UPI
U003-T00538,U003,2026-08-15,BLINKIT DAILY PAYMENT,60.0,expense,Food,BLINKIT DAILY,UPI
U003-T00539,U003,2026-08-28,AUTO RICKSHAW PAYMENT,20.0,expense,Transport,AUTO RICKSHAW,UPI
U003-T00540,U003,2026-09-21,RAPIDO BIKE PAYMENT,42.0,expense,Transport,RAPIDO BIKE,UPI
U003-T00541,U003,2026-09-21,LOCAL TEA & COFFEE PAYMENT,20.0,expense,Food,LOCAL TEA & COFFEE,UPI
U003-T00542,U003,2026-07-26,RAPIDO BIKE PAYMENT,30.0,expense,Transport,RAPIDO BIKE,UPI
U003-T00543,U003,2026-09-12,CHAI POINT PAYMENT,15.0,expense,Food,CHAI POINT,UPI
U003-T00544,U003,2026-08-01,NAMMA METRO PAYMENT,20.0,expense,Transport,NAMMA METRO,UPI
U003-T00545,U003,2026-09-15,AUTO RICKSHAW PAYMENT,40.0,expense,Transport,AUTO RICKSHAW,UPI
U003-T00546,U003,2026-08-27,SWIGGY QUICK BITE PAYMENT,60.0,expense,Food,SWIGGY QUICK BITE,UPI
U003-T00547,U003,2026-08-03,LOCAL TEA & COFFEE PAYMENT,15.0,expense,Food,LOCAL TEA & COFFEE,UPI
U003-T00548,U003,2026-08-06,LOCAL TEA & COFFEE PAYMENT,20.0,expense,Food,LOCAL TEA & COFFEE,UPI
U003-T00549,U003,2026-08-17,LOCAL TEA & COFFEE PAYMENT,20.0,expense,Food,LOCAL TEA & COFFEE,UPI
U003-T00550,U003,2026-09-12,LOCAL BAKERY PAYMENT,15.0,expense,Food,LOCAL BAKERY,UPI
U003-T00551,U003,2026-09-10,RAPIDO BIKE PAYMENT,22.0,expense,Transport,RAPIDO BIKE,UPI
U003-T00552,U003,2026-07-12,QUICK UPI TRANSFER PAYMENT,15.0,expense,Other,QUICK UPI TRANSFER,UPI
U003-T00553,U003,2026-08-03,AUTO RICKSHAW PAYMENT,30.0,expense,Transport,AUTO RICKSHAW,UPI
U003-T00554,U003,2026-07-07,ZEPTO QUICK ESSENTIALS PAYMENT,75.0,expense,Food,ZEPTO QUICK ESSENTIALS,UPI
U003-T00555,U003,2026-09-15,LOCAL BAKERY PAYMENT,15.0,expense,Food,LOCAL BAKERY,UPI
U003-T00556,U003,2026-08-17,LOCAL TEA & COFFEE PAYMENT,10.0,expense,Food,LOCAL TEA & COFFEE,UPI
U003-T00557,U003,2026-07-02,AUTO RICKSHAW PAYMENT,55.0,expense,Transport,AUTO RICKSHAW,UPI
U003-T00558,U003,2026-08-28,STATIONERY SHOP PAYMENT,45.0,expense,Shopping,STATIONERY SHOP,UPI
U003-T00559,U003,2026-07-16,LOCAL BAKERY PAYMENT,20.0,expense,Food,LOCAL BAKERY,UPI
U003-T00560,U003,2026-07-25,PARKING FEE PAYMENT,15.0,expense,Other,PARKING FEE,UPI
U003-T00561,U003,2026-08-06,UBER AUTO PAYMENT,75.0,expense,Transport,UBER AUTO,UPI
U003-T00562,U003,2026-07-17,BLINKIT DAILY PAYMENT,40.0,expense,Food,BLINKIT DAILY,UPI
U003-T00563,U003,2026-09-15,LOCAL BAKERY PAYMENT,25.0,expense,Food,LOCAL BAKERY,UPI
U003-T00564,U003,2026-09-25,LOCAL TEA & COFFEE PAYMENT,12.0,expense,Food,LOCAL TEA & COFFEE,UPI
U003-T00565,U003,2026-08-22,KIRANA STORE PAYMENT,15.0,expense,Shopping,KIRANA STORE,UPI
U003-T00566,U003,2026-08-07,QUICK UPI TRANSFER PAYMENT,15.0,expense,Other,QUICK UPI TRANSFER,UPI
U003-T00567,U003,2026-09-18,BLINKIT DAILY PAYMENT,40.0,expense,Food,BLINKIT DAILY,UPI
U003-T00568,U003,2026-08-17,NAMMA METRO PAYMENT,35.0,expense,Transport,NAMMA METRO,UPI
U003-T00569,U003,2026-07-11,CHAI POINT PAYMENT,15.0,expense,Food,CHAI POINT,UPI
U003-T00570,U003,2026-08-11,QUICK UPI TRANSFER PAYMENT,30.0,expense,Other,QUICK UPI TRANSFER,UPI
U003-T00571,U003,2026-09-26,LOCAL BAKERY PAYMENT,35.0,expense,Food,LOCAL BAKERY,UPI
U003-T00572,U003,2026-09-29,BLINKIT DAILY PAYMENT,60.0,expense,Food,BLINKIT DAILY,UPI
U003-T00573,U003,2026-07-10,CHAI POINT PAYMENT,10.0,expense,Food,CHAI POINT,UPI
U003-T00574,U003,2026-07-07,STREET TIFFIN PAYMENT,25.0,expense,Food,STREET TIFFIN,UPI
U003-T00575,U003,2026-08-30,COFFEE & CHAT PAYMENT,20.0,expense,Entertainment,COFFEE & CHAT,UPI
U003-T00576,U003,2026-07-01,LOCAL BAKERY PAYMENT,35.0,expense,Food,LOCAL BAKERY,UPI
U003-T00577,U003,2026-08-08,QUICK UPI TRANSFER PAYMENT,20.0,expense,Other,QUICK UPI TRANSFER,UPI
U003-T00578,U003,2026-07-17,QUICK UPI TRANSFER PAYMENT,10.0,expense,Other,QUICK UPI TRANSFER,UPI
U003-T00579,U003,2026-09-13,LOCAL TEA & COFFEE PAYMENT,12.0,expense,Food,LOCAL TEA & COFFEE,UPI
U003-T00580,U003,2026-09-03,SWIGGY QUICK BITE PAYMENT,85.0,expense,Food,SWIGGY QUICK BITE,UPI
U003-T00581,U003,2026-08-29,LOCAL TEA & COFFEE PAYMENT,15.0,expense,Food,LOCAL TEA & COFFEE,UPI
U003-T00582,U003,2026-09-29,NAMMA METRO PAYMENT,20.0,expense,Transport,NAMMA METRO,UPI
U003-T00583,U003,2026-08-03,LOCAL TEA & COFFEE PAYMENT,10.0,expense,Food,LOCAL TEA & COFFEE,UPI
U003-T00584,U003,2026-07-17,SWIGGY QUICK BITE PAYMENT,85.0,expense,Food,SWIGGY QUICK BITE,UPI
U003-T00585,U003,2026-08-16,PARKING FEE PAYMENT,15.0,expense,Other,PARKING FEE,UPI
U003-T00586,U003,2026-08-03,RAPIDO BIKE PAYMENT,30.0,expense,Transport,RAPIDO BIKE,UPI
U003-T00587,U003,2026-09-05,STREET TIFFIN PAYMENT,25.0,expense,Food,STREET TIFFIN,UPI
U003-T00588,U003,2026-08-10,UBER AUTO PAYMENT,75.0,expense,Transport,UBER AUTO,UPI
U003-T00589,U003,2026-07-20,NAMMA METRO PAYMENT,35.0,expense,Transport,NAMMA METRO,UPI
U003-T00590,U003,2026-07-07,LOCAL TEA & COFFEE PAYMENT,10.0,expense,Food,LOCAL TEA & COFFEE,UPI
U003-T00591,U003,2026-07-30,LOCAL TEA & COFFEE PAYMENT,20.0,expense,Food,LOCAL TEA & COFFEE,UPI
U003-T00592,U003,2026-08-03,LOCAL TEA & COFFEE PAYMENT,20.0,expense,Food,LOCAL TEA & COFFEE,UPI
U003-T00593,U003,2026-08-25,LOCAL TEA & COFFEE PAYMENT,20.0,expense,Food,LOCAL TEA & COFFEE,UPI
U003-T00594,U003,2026-07-06,BLINKIT DAILY PAYMENT,80.0,expense,Food,BLINKIT DAILY,UPI
U003-T00595,U003,2026-08-28,SWIGGY QUICK BITE PAYMENT,60.0,expense,Food,SWIGGY QUICK BITE,UPI
U003-T00596,U003,2026-07-16,STREET TIFFIN PAYMENT,25.0,expense,Food,STREET TIFFIN,UPI
U003-T00597,U003,2026-08-06,LOCAL TEA & COFFEE PAYMENT,12.0,expense,Food,LOCAL TEA & COFFEE,UPI
U003-T00598,U003,2026-09-04,STATIONERY SHOP PAYMENT,20.0,expense,Shopping,STATIONERY SHOP,UPI
U003-T00599,U003,2026-09-13,COMMUNITY CHARITY UPI PAYMENT,11.0,expense,Other,COMMUNITY CHARITY UPI,UPI
U003-T00600,U003,2026-09-06,KIRANA STORE PAYMENT,25.0,expense,Shopping,KIRANA STORE,UPI
U003-T00601,U003,2026-08-23,COFFEE & CHAT PAYMENT,30.0,expense,Entertainment,COFFEE & CHAT,UPI
U003-T00602,U003,2026-09-02,AUTO RICKSHAW PAYMENT,40.0,expense,Transport,AUTO RICKSHAW,UPI
U003-T00603,U003,2026-07-04,LOCAL BAKERY PAYMENT,15.0,expense,Food,LOCAL BAKERY,UPI
U003-T00604,U003,2026-08-20,ZEPTO QUICK ESSENTIALS PAYMENT,25.0,expense,Food,ZEPTO QUICK ESSENTIALS,UPI
U003-T00605,U003,2026-08-11,LOCAL TEA & COFFEE PAYMENT,10.0,expense,Food,LOCAL TEA & COFFEE,UPI
U003-T00606,U003,2026-08-28,LOCAL PHARMACY STORE PAYMENT,65.0,expense,Healthcare,LOCAL PHARMACY STORE,UPI
U003-T00607,U003,2026-08-28,RAPIDO BIKE PAYMENT,30.0,expense,Transport,RAPIDO BIKE,UPI
U003-T00608,U003,2026-09-15,RAPIDO BIKE PAYMENT,30.0,expense,Transport,RAPIDO BIKE,UPI
U003-T00609,U003,2026-07-06,RAPIDO BIKE PAYMENT,42.0,expense,Transport,RAPIDO BIKE,UPI
U003-T00610,U003,2026-08-11,PARKING FEE PAYMENT,20.0,expense,Other,PARKING FEE,UPI
U003-T00611,U003,2026-09-11,LOCAL TEA & COFFEE PAYMENT,10.0,expense,Food,LOCAL TEA & COFFEE,UPI
U003-T00612,U003,2026-09-21,LOCAL BAKERY PAYMENT,15.0,expense,Food,LOCAL BAKERY,UPI
U003-T00613,U003,2026-07-10,NAMMA METRO PAYMENT,35.0,expense,Transport,NAMMA METRO,UPI
U003-T00614,U003,2026-07-12,ZEPTO QUICK ESSENTIALS PAYMENT,35.0,expense,Food,ZEPTO QUICK ESSENTIALS,UPI
U003-T00615,U003,2026-07-31,QUICK UPI TRANSFER PAYMENT,30.0,expense,Other,QUICK UPI TRANSFER,UPI
U003-T00616,U003,2026-07-12,CHAI POINT PAYMENT,15.0,expense,Food,CHAI POINT,UPI
U003-T00617,U003,2026-07-21,ZEPTO QUICK ESSENTIALS PAYMENT,75.0,expense,Food,ZEPTO QUICK ESSENTIALS,UPI
U003-T00618,U003,2026-08-06,RAPIDO BIKE PAYMENT,22.0,expense,Transport,RAPIDO BIKE,UPI
U003-T00619,U003,2026-07-16,STREET TIFFIN PAYMENT,50.0,expense,Food,STREET TIFFIN,UPI
U003-T00620,U003,2026-08-09,COFFEE & CHAT PAYMENT,30.0,expense,Entertainment,COFFEE & CHAT,UPI
U003-T00621,U003,2026-08-15,RAPIDO BIKE PAYMENT,30.0,expense,Transport,RAPIDO BIKE,UPI
U003-T00622,U003,2026-09-04,LOCAL TEA & COFFEE PAYMENT,20.0,expense,Food,LOCAL TEA & COFFEE,UPI
U003-T00623,U003,2026-08-19,SWIGGY QUICK BITE PAYMENT,110.0,expense,Food,SWIGGY QUICK BITE,UPI
U003-T00624,U003,2026-07-12,UBER AUTO PAYMENT,60.0,expense,Transport,UBER AUTO,UPI
U003-T00625,U003,2026-09-17,LOCAL TEA & COFFEE PAYMENT,20.0,expense,Food,LOCAL TEA & COFFEE,UPI
U003-T00626,U003,2026-07-12,CHAI POINT PAYMENT,20.0,expense,Food,CHAI POINT,UPI
U003-T00627,U003,2026-08-29,AUTO RICKSHAW PAYMENT,30.0,expense,Transport,AUTO RICKSHAW,UPI
U003-T00628,U003,2026-09-02,NAMMA METRO PAYMENT,15.0,expense,Transport,NAMMA METRO,UPI
U003-T00629,U003,2026-08-07,BLINKIT DAILY PAYMENT,30.0,expense,Food,BLINKIT DAILY,UPI
U003-T00630,U003,2026-08-31,STREET TIFFIN PAYMENT,25.0,expense,Food,STREET TIFFIN,UPI
U003-T00631,U003,2026-09-26,COFFEE & CHAT PAYMENT,30.0,expense,Entertainment,COFFEE & CHAT,UPI
U003-T00632,U003,2026-09-05,BLINKIT DAILY PAYMENT,30.0,expense,Food,BLINKIT DAILY,UPI
U003-T00633,U003,2026-09-09,CHAI POINT PAYMENT,10.0,expense,Food,CHAI POINT,UPI
U003-T00634,U003,2026-09-04,CHAI POINT PAYMENT,30.0,expense,Food,CHAI POINT,UPI
U003-T00635,U003,2026-08-22,CHAI POINT PAYMENT,20.0,expense,Food,CHAI POINT,UPI
U003-T00636,U003,2026-08-15,LOCAL BAKERY PAYMENT,15.0,expense,Food,LOCAL BAKERY,UPI
U003-T00637,U003,2026-09-03,CHAI POINT PAYMENT,30.0,expense,Food,CHAI POINT,UPI
U003-T00638,U003,2026-07-23,KIRANA STORE PAYMENT,55.0,expense,Shopping,KIRANA STORE,UPI
U003-T00639,U003,2026-07-06,CHAI POINT PAYMENT,20.0,expense,Food,CHAI POINT,UPI
U003-T00640,U003,2026-08-10,NAMMA METRO PAYMENT,35.0,expense,Transport,NAMMA METRO,UPI
U003-T00641,U003,2026-09-24,BLINKIT DAILY PAYMENT,60.0,expense,Food,BLINKIT DAILY,UPI
U003-T00642,U003,2026-08-13,QUICK UPI TRANSFER PAYMENT,15.0,expense,Other,QUICK UPI TRANSFER,UPI
U003-T00643,U003,2026-07-28,LOCAL TEA & COFFEE PAYMENT,15.0,expense,Food,LOCAL TEA & COFFEE,UPI
U003-T00644,U003,2026-09-25,CHAI POINT PAYMENT,10.0,expense,Food,CHAI POINT,UPI
U003-T00645,U003,2026-07-01,ZEPTO QUICK ESSENTIALS PAYMENT,25.0,expense,Food,ZEPTO QUICK ESSENTIALS,UPI
U003-T00646,U003,2026-07-22,RAPIDO BIKE PAYMENT,42.0,expense,Transport,RAPIDO BIKE,UPI
U003-T00647,U003,2026-09-27,ZEPTO QUICK ESSENTIALS PAYMENT,75.0,expense,Food,ZEPTO QUICK ESSENTIALS,UPI
U003-T00648,U003,2026-08-08,RAPIDO BIKE PAYMENT,30.0,expense,Transport,RAPIDO BIKE,UPI
U003-T00649,U003,2026-09-27,AUTO RICKSHAW PAYMENT,55.0,expense,Transport,AUTO RICKSHAW,UPI
U003-T00650,U003,2026-08-08,CHAI POINT PAYMENT,15.0,expense,Food,CHAI POINT,UPI
U003-T00651,U003,2026-07-02,LOCAL TEA & COFFEE PAYMENT,10.0,expense,Food,LOCAL TEA & COFFEE,UPI
U003-T00652,U003,2026-09-28,QUICK UPI TRANSFER PAYMENT,10.0,expense,Other,QUICK UPI TRANSFER,UPI
U003-T00653,U003,2026-07-27,SWIGGY QUICK BITE PAYMENT,60.0,expense,Food,SWIGGY QUICK BITE,UPI
U003-T00654,U003,2026-09-22,LOCAL BAKERY PAYMENT,20.0,expense,Food,LOCAL BAKERY,UPI
U003-T00655,U003,2026-07-12,STREET TIFFIN PAYMENT,50.0,expense,Food,STREET TIFFIN,UPI
U003-T00656,U003,2026-07-19,BLINKIT DAILY PAYMENT,30.0,expense,Food,BLINKIT DAILY,UPI
U003-T00657,U003,2026-07-15,LOCAL TEA & COFFEE PAYMENT,12.0,expense,Food,LOCAL TEA & COFFEE,UPI
U003-T00658,U003,2026-09-28,BLINKIT DAILY PAYMENT,80.0,expense,Food,BLINKIT DAILY,UPI
U003-T00659,U003,2026-08-30,CHAI POINT PAYMENT,30.0,expense,Food,CHAI POINT,UPI
U003-T00660,U003,2026-09-13,LOCAL BAKERY PAYMENT,25.0,expense,Food,LOCAL BAKERY,UPI
U003-T00661,U003,2026-09-11,LOCAL PHARMACY STORE PAYMENT,65.0,expense,Healthcare,LOCAL PHARMACY STORE,UPI
U003-T00662,U003,2026-07-07,STREET TIFFIN PAYMENT,20.0,expense,Food,STREET TIFFIN,UPI
U003-T00663,U003,2026-09-19,LOCAL PHARMACY STORE PAYMENT,65.0,expense,Healthcare,LOCAL PHARMACY STORE,UPI
U003-T00664,U003,2026-08-23,LOCAL PHARMACY STORE PAYMENT,45.0,expense,Healthcare,LOCAL PHARMACY STORE,UPI
U003-T00665,U003,2026-07-05,SWIGGY QUICK BITE PAYMENT,110.0,expense,Food,SWIGGY QUICK BITE,UPI
U003-T00666,U003,2026-09-04,RAPIDO BIKE PAYMENT,42.0,expense,Transport,RAPIDO BIKE,UPI
U003-T00667,U003,2026-07-30,AUTO RICKSHAW PAYMENT,20.0,expense,Transport,AUTO RICKSHAW,UPI
U003-T00668,U003,2026-08-24,NAMMA METRO PAYMENT,15.0,expense,Transport,NAMMA METRO,UPI
U003-T00669,U003,2026-08-04,MOBILE TOP-UP PAYMENT,29.0,expense,Bills,MOBILE TOP-UP,UPI
U003-T00670,U003,2026-08-30,LOCAL TEA & COFFEE PAYMENT,15.0,expense,Food,LOCAL TEA & COFFEE,UPI
U003-T00671,U003,2026-08-27,AUTO RICKSHAW PAYMENT,20.0,expense,Transport,AUTO RICKSHAW,UPI
U003-T00672,U003,2026-07-21,STREET TIFFIN PAYMENT,25.0,expense,Food,STREET TIFFIN,UPI
U003-T00673,U003,2026-08-30,STREET TIFFIN PAYMENT,25.0,expense,Food,STREET TIFFIN,UPI
U003-T00674,U003,2026-09-03,LOCAL BAKERY PAYMENT,25.0,expense,Food,LOCAL BAKERY,UPI
U003-T00675,U003,2026-09-16,LOCAL PHARMACY STORE PAYMENT,65.0,expense,Healthcare,LOCAL PHARMACY STORE,UPI
U003-T00676,U003,2026-07-17,MOBILE TOP-UP PAYMENT,49.0,expense,Bills,MOBILE TOP-UP,UPI
U003-T00677,U003,2026-09-30,ZEPTO QUICK ESSENTIALS PAYMENT,75.0,expense,Food,ZEPTO QUICK ESSENTIALS,UPI
U003-T00678,U003,2026-09-25,RAPIDO BIKE PAYMENT,30.0,expense,Transport,RAPIDO BIKE,UPI
U003-T00679,U003,2026-08-30,KIRANA STORE PAYMENT,25.0,expense,Shopping,KIRANA STORE,UPI
U003-T00680,U003,2026-09-18,LOCAL TEA & COFFEE PAYMENT,10.0,expense,Food,LOCAL TEA & COFFEE,UPI
U003-T00681,U003,2026-09-24,SWIGGY QUICK BITE PAYMENT,60.0,expense,Food,SWIGGY QUICK BITE,UPI
U003-T00682,U003,2026-07-26,LOCAL TEA & COFFEE PAYMENT,20.0,expense,Food,LOCAL TEA & COFFEE,UPI
U003-T00683,U003,2026-07-13,KIRANA STORE PAYMENT,55.0,expense,Shopping,KIRANA STORE,UPI
U003-T00684,U003,2026-08-08,LOCAL BAKERY PAYMENT,15.0,expense,Food,LOCAL BAKERY,UPI
U003-T00685,U003,2026-07-03,STREET TIFFIN PAYMENT,35.0,expense,Food,STREET TIFFIN,UPI
U003-T00686,U003,2026-08-15,AUTO RICKSHAW PAYMENT,30.0,expense,Transport,AUTO RICKSHAW,UPI
U003-T00687,U003,2026-09-03,CHAI POINT PAYMENT,10.0,expense,Food,CHAI POINT,UPI
U003-T00688,U003,2026-08-13,BLINKIT DAILY PAYMENT,40.0,expense,Food,BLINKIT DAILY,UPI
U003-T00689,U003,2026-07-16,NAMMA METRO PAYMENT,35.0,expense,Transport,NAMMA METRO,UPI
U003-T00690,U003,2026-08-03,COMMUNITY CHARITY UPI PAYMENT,21.0,expense,Other,COMMUNITY CHARITY UPI,UPI
U003-T00691,U003,2026-07-06,KIRANA STORE PAYMENT,35.0,expense,Shopping,KIRANA STORE,UPI
U003-T00692,U003,2026-07-20,LOCAL PHARMACY STORE PAYMENT,18.0,expense,Healthcare,LOCAL PHARMACY STORE,UPI
U003-T00693,U003,2026-09-29,CHAI POINT PAYMENT,30.0,expense,Food,CHAI POINT,UPI
U003-T00694,U003,2026-08-28,QUICK UPI TRANSFER PAYMENT,10.0,expense,Other,QUICK UPI TRANSFER,UPI
U003-T00695,U003,2026-07-14,KIRANA STORE PAYMENT,15.0,expense,Shopping,KIRANA STORE,UPI
U003-T00696,U003,2026-09-10,CHAI POINT PAYMENT,10.0,expense,Food,CHAI POINT,UPI
U003-T00697,U003,2026-07-22,RAPIDO BIKE PAYMENT,22.0,expense,Transport,RAPIDO BIKE,UPI
U003-T00698,U003,2026-08-16,LOCAL TEA & COFFEE PAYMENT,15.0,expense,Food,LOCAL TEA & COFFEE,UPI
U003-T00699,U003,2026-09-29,BLINKIT DAILY PAYMENT,80.0,expense,Food,BLINKIT DAILY,UPI
U003-T00700,U003,2026-07-13,LOCAL TEA & COFFEE PAYMENT,15.0,expense,Food,LOCAL TEA & COFFEE,UPI
U003-T00701,U003,2026-08-12,STATIONERY SHOP PAYMENT,12.0,expense,Shopping,STATIONERY SHOP,UPI
U003-T00702,U003,2026-07-26,BLINKIT DAILY PAYMENT,80.0,expense,Food,BLINKIT DAILY,UPI
U003-T00703,U003,2026-07-01,LOCAL BAKERY PAYMENT,35.0,expense,Food,LOCAL BAKERY,UPI
U003-T00704,U003,2026-08-13,STREET TIFFIN PAYMENT,25.0,expense,Food,STREET TIFFIN,UPI
U003-T00705,U003,2026-07-11,LOCAL BAKERY PAYMENT,35.0,expense,Food,LOCAL BAKERY,UPI
U003-T00706,U003,2026-08-16,RAPIDO BIKE PAYMENT,22.0,expense,Transport,RAPIDO BIKE,UPI
U003-T00707,U003,2026-07-20,UBER AUTO PAYMENT,75.0,expense,Transport,UBER AUTO,UPI
U003-T00708,U003,2026-07-30,LOCAL TEA & COFFEE PAYMENT,20.0,expense,Food,LOCAL TEA & COFFEE,UPI
U003-T00709,U003,2026-08-22,COFFEE & CHAT PAYMENT,65.0,expense,Entertainment,COFFEE & CHAT,UPI
U003-T00710,U003,2026-09-05,KIRANA STORE PAYMENT,35.0,expense,Shopping,KIRANA STORE,UPI
U003-T00711,U003,2026-07-04,BLINKIT DAILY PAYMENT,30.0,expense,Food,BLINKIT DAILY,UPI
U003-T00712,U003,2026-09-30,STATIONERY SHOP PAYMENT,12.0,expense,Shopping,STATIONERY SHOP,UPI
U003-T00713,U003,2026-07-11,STREET TIFFIN PAYMENT,50.0,expense,Food,STREET TIFFIN,UPI
U003-T00714,U003,2026-07-22,BLINKIT DAILY PAYMENT,80.0,expense,Food,BLINKIT DAILY,UPI
U003-T00715,U003,2026-07-05,RAPIDO BIKE PAYMENT,22.0,expense,Transport,RAPIDO BIKE,UPI
U003-T00716,U003,2026-09-12,CHAI POINT PAYMENT,20.0,expense,Food,CHAI POINT,UPI
U003-T00717,U003,2026-08-23,ZEPTO QUICK ESSENTIALS PAYMENT,50.0,expense,Food,ZEPTO QUICK ESSENTIALS,UPI
U003-T00718,U003,2026-08-10,COFFEE & CHAT PAYMENT,20.0,expense,Entertainment,COFFEE & CHAT,UPI
U003-T00719,U003,2026-08-05,COFFEE & CHAT PAYMENT,30.0,expense,Entertainment,COFFEE & CHAT,UPI
U003-T00720,U003,2026-09-28,ZEPTO QUICK ESSENTIALS PAYMENT,35.0,expense,Food,ZEPTO QUICK ESSENTIALS,UPI
U003-T00721,U003,2026-09-08,RAPIDO BIKE PAYMENT,42.0,expense,Transport,RAPIDO BIKE,UPI
U003-T00722,U003,2026-09-28,STREET TIFFIN PAYMENT,50.0,expense,Food,STREET TIFFIN,UPI
U003-T00723,U003,2026-07-26,MOBILE TOP-UP PAYMENT,19.0,expense,Bills,MOBILE TOP-UP,UPI
U003-T00724,U003,2026-07-05,NAMMA METRO PAYMENT,35.0,expense,Transport,NAMMA METRO,UPI
U003-T00725,U003,2026-07-17,NAMMA METRO PAYMENT,25.0,expense,Transport,NAMMA METRO,UPI
U003-T00726,U003,2026-07-28,CHAI POINT PAYMENT,20.0,expense,Food,CHAI POINT,UPI
U003-T00727,U003,2026-09-05,STREET TIFFIN PAYMENT,25.0,expense,Food,STREET TIFFIN,UPI
U003-T00728,U003,2026-07-03,CHAI POINT PAYMENT,20.0,expense,Food,CHAI POINT,UPI
U003-T00729,U003,2026-07-31,LOCAL PHARMACY STORE PAYMENT,45.0,expense,Healthcare,LOCAL PHARMACY STORE,UPI
U003-T00730,U003,2026-08-24,COMMUNITY CHARITY UPI PAYMENT,11.0,expense,Other,COMMUNITY CHARITY UPI,UPI
U003-T00731,U003,2026-07-08,LOCAL PHARMACY STORE PAYMENT,45.0,expense,Healthcare,LOCAL PHARMACY STORE,UPI
U003-T00732,U003,2026-09-19,SWIGGY QUICK BITE PAYMENT,40.0,expense,Food,SWIGGY QUICK BITE,UPI
U003-T00733,U003,2026-07-07,UBER AUTO PAYMENT,28.0,expense,Transport,UBER AUTO,UPI
U003-T00734,U003,2026-08-27,STREET TIFFIN PAYMENT,20.0,expense,Food,STREET TIFFIN,UPI
U003-T00735,U003,2026-08-28,STREET TIFFIN PAYMENT,25.0,expense,Food,STREET TIFFIN,UPI
U003-T00736,U003,2026-09-13,NAMMA METRO PAYMENT,20.0,expense,Transport,NAMMA METRO,UPI
U003-T00737,U003,2026-08-14,STREET TIFFIN PAYMENT,25.0,expense,Food,STREET TIFFIN,UPI
U003-T00738,U003,2026-09-30,ZEPTO QUICK ESSENTIALS PAYMENT,35.0,expense,Food,ZEPTO QUICK ESSENTIALS,UPI
U003-T00739,U003,2026-07-14,STREET TIFFIN PAYMENT,25.0,expense,Food,STREET TIFFIN,UPI
U003-T00740,U003,2026-08-16,BLINKIT DAILY PAYMENT,40.0,expense,Food,BLINKIT DAILY,UPI
U003-T00741,U003,2026-09-30,BLINKIT DAILY PAYMENT,80.0,expense,Food,BLINKIT DAILY,UPI
U003-T00742,U003,2026-07-11,CHAI POINT PAYMENT,30.0,expense,Food,CHAI POINT,UPI
U003-T00743,U003,2026-07-17,SWIGGY QUICK BITE PAYMENT,110.0,expense,Food,SWIGGY QUICK BITE,UPI
U003-T00744,U003,2026-07-10,ZEPTO QUICK ESSENTIALS PAYMENT,75.0,expense,Food,ZEPTO QUICK ESSENTIALS,UPI
U003-T00745,U003,2026-09-14,NAMMA METRO PAYMENT,35.0,expense,Transport,NAMMA METRO,UPI
U003-T00746,U003,2026-08-03,NAMMA METRO PAYMENT,35.0,expense,Transport,NAMMA METRO,UPI
U003-T00747,U003,2026-08-26,AUTO RICKSHAW PAYMENT,55.0,expense,Transport,AUTO RICKSHAW,UPI
U003-T00748,U003,2026-08-23,STATIONERY SHOP PAYMENT,20.0,expense,Shopping,STATIONERY SHOP,UPI
U003-T00749,U003,2026-09-03,LOCAL TEA & COFFEE PAYMENT,20.0,expense,Food,LOCAL TEA & COFFEE,UPI
U003-T00750,U003,2026-07-17,QUICK UPI TRANSFER PAYMENT,10.0,expense,Other,QUICK UPI TRANSFER,UPI
U003-T00751,U003,2026-09-27,LOCAL BAKERY PAYMENT,35.0,expense,Food,LOCAL BAKERY,UPI
U003-T00752,U003,2026-07-05,UBER AUTO PAYMENT,60.0,expense,Transport,UBER AUTO,UPI
U003-T00753,U003,2026-07-16,RAPIDO BIKE PAYMENT,42.0,expense,Transport,RAPIDO BIKE,UPI
U003-T00754,U003,2026-07-15,LOCAL TEA & COFFEE PAYMENT,15.0,expense,Food,LOCAL TEA & COFFEE,UPI
U003-T00755,U003,2026-07-06,NAMMA METRO PAYMENT,15.0,expense,Transport,NAMMA METRO,UPI
U003-T00756,U003,2026-08-17,STREET TIFFIN PAYMENT,35.0,expense,Food,STREET TIFFIN,UPI
U003-T00757,U003,2026-08-08,STREET TIFFIN PAYMENT,20.0,expense,Food,STREET TIFFIN,UPI
U003-T00758,U003,2026-07-19,LOCAL TEA & COFFEE PAYMENT,20.0,expense,Food,LOCAL TEA & COFFEE,UPI
U003-T00759,U003,2026-07-07,PARKING FEE PAYMENT,15.0,expense,Other,PARKING FEE,UPI
U003-T00760,U003,2026-08-06,LOCAL BAKERY PAYMENT,35.0,expense,Food,LOCAL BAKERY,UPI
U003-T00761,U003,2026-07-01,LOCAL TEA & COFFEE PAYMENT,15.0,expense,Food,LOCAL TEA & COFFEE,UPI
U003-T00762,U003,2026-07-09,CAMPUS PHOTOCOPY & NOTES PAYMENT,50.0,expense,Education,CAMPUS PHOTOCOPY & NOTES,UPI
U003-T00763,U003,2026-08-31,NAMMA METRO PAYMENT,35.0,expense,Transport,NAMMA METRO,UPI
U003-T00764,U003,2026-08-13,KIRANA STORE PAYMENT,55.0,expense,Shopping,KIRANA STORE,UPI
U003-T00765,U003,2026-09-16,LOCAL TEA & COFFEE PAYMENT,12.0,expense,Food,LOCAL TEA & COFFEE,UPI
U003-T00766,U003,2026-09-03,RAPIDO BIKE PAYMENT,42.0,expense,Transport,RAPIDO BIKE,UPI
U003-T00767,U003,2026-09-24,BLINKIT DAILY PAYMENT,60.0,expense,Food,BLINKIT DAILY,UPI
U003-T00768,U003,2026-07-12,KIRANA STORE PAYMENT,55.0,expense,Shopping,KIRANA STORE,UPI
U003-T00769,U003,2026-08-19,LOCAL BAKERY PAYMENT,35.0,expense,Food,LOCAL BAKERY,UPI
U003-T00770,U003,2026-08-13,NAMMA METRO PAYMENT,35.0,expense,Transport,NAMMA METRO,UPI
U003-T00771,U003,2026-08-05,RAPIDO BIKE PAYMENT,22.0,expense,Transport,RAPIDO BIKE,UPI
U003-T00772,U003,2026-09-29,CHAI POINT PAYMENT,20.0,expense,Food,CHAI POINT,UPI
U003-T00773,U003,2026-09-10,RAPIDO BIKE PAYMENT,15.0,expense,Transport,RAPIDO BIKE,UPI
U003-T00774,U003,2026-07-25,QUICK UPI TRANSFER PAYMENT,10.0,expense,Other,QUICK UPI TRANSFER,UPI
U003-T00775,U003,2026-09-11,NAMMA METRO PAYMENT,35.0,expense,Transport,NAMMA METRO,UPI
U003-T00776,U003,2026-09-03,COFFEE & CHAT PAYMENT,20.0,expense,Entertainment,COFFEE & CHAT,UPI
U003-T00777,U003,2026-09-23,PARKING FEE PAYMENT,10.0,expense,Other,PARKING FEE,UPI
U003-T00778,U003,2026-07-03,LOCAL BAKERY PAYMENT,20.0,expense,Food,LOCAL BAKERY,UPI
U003-T00779,U003,2026-08-01,LOCAL PHARMACY STORE PAYMENT,65.0,expense,Healthcare,LOCAL PHARMACY STORE,UPI
U003-T00780,U003,2026-07-11,STATIONERY SHOP PAYMENT,30.0,expense,Shopping,STATIONERY SHOP,UPI
U003-T00781,U003,2026-08-21,NAMMA METRO PAYMENT,35.0,expense,Transport,NAMMA METRO,UPI
U003-T00782,U003,2026-07-03,STREET TIFFIN PAYMENT,25.0,expense,Food,STREET TIFFIN,UPI
U003-T00783,U003,2026-08-23,CHAI POINT PAYMENT,20.0,expense,Food,CHAI POINT,UPI
U003-T00784,U003,2026-08-18,LOCAL BAKERY PAYMENT,15.0,expense,Food,LOCAL BAKERY,UPI
U003-T00785,U003,2026-07-13,NAMMA METRO PAYMENT,25.0,expense,Transport,NAMMA METRO,UPI
U003-T00786,U003,2026-07-19,LOCAL TEA & COFFEE PAYMENT,10.0,expense,Food,LOCAL TEA & COFFEE,UPI
U003-T00787,U003,2026-07-20,STREET TIFFIN PAYMENT,50.0,expense,Food,STREET TIFFIN,UPI
U003-T00788,U003,2026-09-25,LOCAL TEA & COFFEE PAYMENT,15.0,expense,Food,LOCAL TEA & COFFEE,UPI
U003-T00789,U003,2026-07-24,CHAI POINT PAYMENT,10.0,expense,Food,CHAI POINT,UPI
U003-T00790,U003,2026-08-08,ZEPTO QUICK ESSENTIALS PAYMENT,50.0,expense,Food,ZEPTO QUICK ESSENTIALS,UPI
U003-T00791,U003,2026-07-19,ZEPTO QUICK ESSENTIALS PAYMENT,50.0,expense,Food,ZEPTO QUICK ESSENTIALS,UPI
U003-T00792,U003,2026-08-03,ZEPTO QUICK ESSENTIALS PAYMENT,25.0,expense,Food,ZEPTO QUICK ESSENTIALS,UPI
U003-T00793,U003,2026-07-07,LOCAL TEA & COFFEE PAYMENT,12.0,expense,Food,LOCAL TEA & COFFEE,UPI
U003-T00794,U003,2026-09-02,SWIGGY QUICK BITE PAYMENT,110.0,expense,Food,SWIGGY QUICK BITE,UPI
U003-T00795,U003,2026-07-15,LOCAL BAKERY PAYMENT,25.0,expense,Food,LOCAL BAKERY,UPI
U003-T00796,U003,2026-08-29,NAMMA METRO PAYMENT,15.0,expense,Transport,NAMMA METRO,UPI
U003-T00797,U003,2026-08-31,CHAI POINT PAYMENT,15.0,expense,Food,CHAI POINT,UPI
U003-T00798,U003,2026-07-03,LOCAL BAKERY PAYMENT,15.0,expense,Food,LOCAL BAKERY,UPI
U003-T00799,U003,2026-08-01,KIRANA STORE PAYMENT,25.0,expense,Shopping,KIRANA STORE,UPI
U003-T00800,U003,2026-08-08,NAMMA METRO PAYMENT,35.0,expense,Transport,NAMMA METRO,UPI
U003-T00801,U003,2026-07-11,LOCAL PHARMACY STORE PAYMENT,28.0,expense,Healthcare,LOCAL PHARMACY STORE,UPI
U003-T00802,U003,2026-07-19,ZEPTO QUICK ESSENTIALS PAYMENT,35.0,expense,Food,ZEPTO QUICK ESSENTIALS,UPI
U003-T00803,U003,2026-08-01,NAMMA METRO PAYMENT,35.0,expense,Transport,NAMMA METRO,UPI
U003-T00804,U003,2026-09-10,BLINKIT DAILY PAYMENT,30.0,expense,Food,BLINKIT DAILY,UPI
U003-T00805,U003,2026-08-29,QUICK UPI TRANSFER PAYMENT,20.0,expense,Other,QUICK UPI TRANSFER,UPI
U003-T00806,U003,2026-09-22,QUICK UPI TRANSFER PAYMENT,10.0,expense,Other,QUICK UPI TRANSFER,UPI
U003-T00807,U003,2026-07-08,PARKING FEE PAYMENT,15.0,expense,Other,PARKING FEE,UPI
U003-T00808,U003,2026-08-04,RAPIDO BIKE PAYMENT,42.0,expense,Transport,RAPIDO BIKE,UPI
U003-T00809,U003,2026-08-14,LOCAL PHARMACY STORE PAYMENT,28.0,expense,Healthcare,LOCAL PHARMACY STORE,UPI
U003-T00810,U003,2026-09-13,LOCAL PHARMACY STORE PAYMENT,45.0,expense,Healthcare,LOCAL PHARMACY STORE,UPI
U003-T00811,U003,2026-07-06,LOCAL TEA & COFFEE PAYMENT,10.0,expense,Food,LOCAL TEA & COFFEE,UPI
U003-T00812,U003,2026-08-08,CHAI POINT PAYMENT,10.0,expense,Food,CHAI POINT,UPI
U003-T00813,U003,2026-07-18,UBER AUTO PAYMENT,60.0,expense,Transport,UBER AUTO,UPI
U003-T00814,U003,2026-08-25,LOCAL BAKERY PAYMENT,25.0,expense,Food,LOCAL BAKERY,UPI
U003-T00815,U003,2026-09-26,PARKING FEE PAYMENT,20.0,expense,Other,PARKING FEE,UPI
U003-T00816,U003,2026-08-03,QUICK UPI TRANSFER PAYMENT,30.0,expense,Other,QUICK UPI TRANSFER,UPI
U003-T00817,U003,2026-08-04,LOCAL BAKERY PAYMENT,25.0,expense,Food,LOCAL BAKERY,UPI
U003-T00818,U003,2026-08-13,LOCAL BAKERY PAYMENT,25.0,expense,Food,LOCAL BAKERY,UPI
U003-T00819,U003,2026-07-03,COFFEE & CHAT PAYMENT,30.0,expense,Entertainment,COFFEE & CHAT,UPI
U003-T00820,U003,2026-09-21,COFFEE & CHAT PAYMENT,65.0,expense,Entertainment,COFFEE & CHAT,UPI
U003-T00821,U003,2026-07-01,COFFEE & CHAT PAYMENT,30.0,expense,Entertainment,COFFEE & CHAT,UPI
U003-T00822,U003,2026-08-22,NAMMA METRO PAYMENT,35.0,expense,Transport,NAMMA METRO,UPI
U003-T00823,U003,2026-08-20,NAMMA METRO PAYMENT,15.0,expense,Transport,NAMMA METRO,UPI
U003-T00824,U003,2026-09-07,CHAI POINT PAYMENT,30.0,expense,Food,CHAI POINT,UPI
U003-T00825,U003,2026-09-25,LOCAL TEA & COFFEE PAYMENT,20.0,expense,Food,LOCAL TEA & COFFEE,UPI
U003-T00826,U003,2026-09-15,STREET TIFFIN PAYMENT,25.0,expense,Food,STREET TIFFIN,UPI
U003-T00827,U003,2026-09-28,COMMUNITY CHARITY UPI PAYMENT,11.0,expense,Other,COMMUNITY CHARITY UPI,UPI
U003-T00828,U003,2026-08-29,ZEPTO QUICK ESSENTIALS PAYMENT,35.0,expense,Food,ZEPTO QUICK ESSENTIALS,UPI
U003-T00829,U003,2026-08-26,CHAI POINT PAYMENT,10.0,expense,Food,CHAI POINT,UPI
U003-T00830,U003,2026-08-05,AUTO RICKSHAW PAYMENT,40.0,expense,Transport,AUTO RICKSHAW,UPI
U003-T00831,U003,2026-07-25,CHAI POINT PAYMENT,20.0,expense,Food,CHAI POINT,UPI
U003-T00832,U003,2026-09-30,LOCAL BAKERY PAYMENT,35.0,expense,Food,LOCAL BAKERY,UPI
U003-T00833,U003,2026-08-16,CHAI POINT PAYMENT,30.0,expense,Food,CHAI POINT,UPI
U003-T00834,U003,2026-09-29,AUTO RICKSHAW PAYMENT,30.0,expense,Transport,AUTO RICKSHAW,UPI
U003-T00835,U003,2026-07-01,LOCAL TEA & COFFEE PAYMENT,20.0,expense,Food,LOCAL TEA & COFFEE,UPI
U003-T00836,U003,2026-07-15,CAMPUS PHOTOCOPY & NOTES PAYMENT,50.0,expense,Education,CAMPUS PHOTOCOPY & NOTES,UPI
U003-T00837,U003,2026-07-22,NAMMA METRO PAYMENT,20.0,expense,Transport,NAMMA METRO,UPI
U003-T00838,U003,2026-07-09,NAMMA METRO PAYMENT,15.0,expense,Transport,NAMMA METRO,UPI
U003-T00839,U003,2026-07-17,LOCAL BAKERY PAYMENT,20.0,expense,Food,LOCAL BAKERY,UPI
U003-T00840,U003,2026-09-05,UBER AUTO PAYMENT,60.0,expense,Transport,UBER AUTO,UPI
U003-T00841,U003,2026-07-25,LOCAL PHARMACY STORE PAYMENT,18.0,expense,Healthcare,LOCAL PHARMACY STORE,UPI
U003-T00842,U003,2026-09-27,AUTO RICKSHAW PAYMENT,40.0,expense,Transport,AUTO RICKSHAW,UPI
U003-T00843,U003,2026-09-26,NAMMA METRO PAYMENT,35.0,expense,Transport,NAMMA METRO,UPI
U003-T00844,U003,2026-07-01,PARKING FEE PAYMENT,20.0,expense,Other,PARKING FEE,UPI
U003-T00845,U003,2026-09-25,PARKING FEE PAYMENT,10.0,expense,Other,PARKING FEE,UPI
U003-T00846,U003,2026-08-11,BLINKIT DAILY PAYMENT,80.0,expense,Food,BLINKIT DAILY,UPI
U003-T00847,U003,2026-08-05,LOCAL TEA & COFFEE PAYMENT,20.0,expense,Food,LOCAL TEA & COFFEE,UPI
U003-T00848,U003,2026-09-02,STREET TIFFIN PAYMENT,20.0,expense,Food,STREET TIFFIN,UPI
U003-T00849,U003,2026-07-29,CHAI POINT PAYMENT,30.0,expense,Food,CHAI POINT,UPI
U003-T00850,U003,2026-09-07,BLINKIT DAILY PAYMENT,30.0,expense,Food,BLINKIT DAILY,UPI
U003-T00851,U003,2026-08-20,LOCAL TEA & COFFEE PAYMENT,10.0,expense,Food,LOCAL TEA & COFFEE,UPI
U003-T00852,U003,2026-09-12,STATIONERY SHOP PAYMENT,20.0,expense,Shopping,STATIONERY SHOP,UPI
U003-T00853,U003,2026-09-27,BLINKIT DAILY PAYMENT,30.0,expense,Food,BLINKIT DAILY,UPI
U003-T00854,U003,2026-08-01,LOCAL TEA & COFFEE PAYMENT,15.0,expense,Food,LOCAL TEA & COFFEE,UPI
U003-T00855,U003,2026-08-09,CHAI POINT PAYMENT,10.0,expense,Food,CHAI POINT,UPI
U003-T00856,U003,2026-07-04,SWIGGY QUICK BITE PAYMENT,40.0,expense,Food,SWIGGY QUICK BITE,UPI
U003-T00857,U003,2026-09-14,KIRANA STORE PAYMENT,35.0,expense,Shopping,KIRANA STORE,UPI
U003-T00858,U003,2026-08-02,LOCAL BAKERY PAYMENT,35.0,expense,Food,LOCAL BAKERY,UPI
U003-T00859,U003,2026-07-31,QUICK UPI TRANSFER PAYMENT,10.0,expense,Other,QUICK UPI TRANSFER,UPI
U003-T00860,U003,2026-08-12,NAMMA METRO PAYMENT,20.0,expense,Transport,NAMMA METRO,UPI
U003-T00861,U003,2026-07-10,KIRANA STORE PAYMENT,55.0,expense,Shopping,KIRANA STORE,UPI
U003-T00862,U003,2026-07-13,RAPIDO BIKE PAYMENT,15.0,expense,Transport,RAPIDO BIKE,UPI
U003-T00863,U003,2026-07-11,QUICK UPI TRANSFER PAYMENT,10.0,expense,Other,QUICK UPI TRANSFER,UPI
U003-T00864,U003,2026-08-18,STREET TIFFIN PAYMENT,20.0,expense,Food,STREET TIFFIN,UPI
U003-T00865,U003,2026-07-17,CHAI POINT PAYMENT,30.0,expense,Food,CHAI POINT,UPI
U003-T00866,U003,2026-07-08,STREET TIFFIN PAYMENT,50.0,expense,Food,STREET TIFFIN,UPI
U003-T00867,U003,2026-07-09,CHAI POINT PAYMENT,10.0,expense,Food,CHAI POINT,UPI
U003-T00868,U003,2026-09-10,CHAI POINT PAYMENT,30.0,expense,Food,CHAI POINT,UPI
U003-T00869,U003,2026-08-21,CHAI POINT PAYMENT,30.0,expense,Food,CHAI POINT,UPI
U003-T00870,U003,2026-07-30,CAMPUS PHOTOCOPY & NOTES PAYMENT,10.0,expense,Education,CAMPUS PHOTOCOPY & NOTES,UPI
U003-T00871,U003,2026-08-28,ZEPTO QUICK ESSENTIALS PAYMENT,75.0,expense,Food,ZEPTO QUICK ESSENTIALS,UPI
U003-T00872,U003,2026-09-18,RAPIDO BIKE PAYMENT,30.0,expense,Transport,RAPIDO BIKE,UPI
U003-T00873,U003,2026-09-22,PARKING FEE PAYMENT,10.0,expense,Other,PARKING FEE,UPI
U003-T00874,U003,2026-08-28,NAMMA METRO PAYMENT,20.0,expense,Transport,NAMMA METRO,UPI
U003-T00875,U003,2026-07-14,CHAI POINT PAYMENT,10.0,expense,Food,CHAI POINT,UPI
U003-T00876,U003,2026-09-14,KIRANA STORE PAYMENT,25.0,expense,Shopping,KIRANA STORE,UPI
U003-T00877,U003,2026-09-12,LOCAL TEA & COFFEE PAYMENT,15.0,expense,Food,LOCAL TEA & COFFEE,UPI
U003-T00878,U003,2026-08-15,BLINKIT DAILY PAYMENT,80.0,expense,Food,BLINKIT DAILY,UPI
U003-T00879,U003,2026-07-24,LOCAL BAKERY PAYMENT,15.0,expense,Food,LOCAL BAKERY,UPI
U003-T00880,U003,2026-07-08,LOCAL TEA & COFFEE PAYMENT,20.0,expense,Food,LOCAL TEA & COFFEE,UPI
U003-T00881,U003,2026-09-04,QUICK UPI TRANSFER PAYMENT,20.0,expense,Other,QUICK UPI TRANSFER,UPI
U003-T00882,U003,2026-08-09,NAMMA METRO PAYMENT,20.0,expense,Transport,NAMMA METRO,UPI
U003-T00883,U003,2026-07-19,BLINKIT DAILY PAYMENT,60.0,expense,Food,BLINKIT DAILY,UPI
U003-T00884,U003,2026-08-07,ZEPTO QUICK ESSENTIALS PAYMENT,25.0,expense,Food,ZEPTO QUICK ESSENTIALS,UPI
U003-T00885,U003,2026-09-05,NAMMA METRO PAYMENT,20.0,expense,Transport,NAMMA METRO,UPI
U003-T00886,U003,2026-07-08,LOCAL BAKERY PAYMENT,15.0,expense,Food,LOCAL BAKERY,UPI
U003-T00887,U003,2026-08-24,STREET TIFFIN PAYMENT,25.0,expense,Food,STREET TIFFIN,UPI
U003-T00888,U003,2026-09-20,COFFEE & CHAT PAYMENT,20.0,expense,Entertainment,COFFEE & CHAT,UPI
U003-T00889,U003,2026-08-13,LOCAL TEA & COFFEE PAYMENT,20.0,expense,Food,LOCAL TEA & COFFEE,UPI
U003-T00890,U003,2026-09-27,AUTO RICKSHAW PAYMENT,55.0,expense,Transport,AUTO RICKSHAW,UPI
U003-T00891,U003,2026-09-15,AUTO RICKSHAW PAYMENT,40.0,expense,Transport,AUTO RICKSHAW,UPI
U003-T00892,U003,2026-09-17,STREET TIFFIN PAYMENT,35.0,expense,Food,STREET TIFFIN,UPI
U003-T00893,U003,2026-07-21,CHAI POINT PAYMENT,10.0,expense,Food,CHAI POINT,UPI
U003-T00894,U003,2026-09-02,LOCAL BAKERY PAYMENT,15.0,expense,Food,LOCAL BAKERY,UPI
U003-T00895,U003,2026-09-20,LOCAL BAKERY PAYMENT,20.0,expense,Food,LOCAL BAKERY,UPI
U003-T00896,U003,2026-08-29,RAPIDO BIKE PAYMENT,22.0,expense,Transport,RAPIDO BIKE,UPI
U003-T00897,U003,2026-08-31,UBER AUTO PAYMENT,60.0,expense,Transport,UBER AUTO,UPI
U003-T00898,U003,2026-08-18,LOCAL TEA & COFFEE PAYMENT,12.0,expense,Food,LOCAL TEA & COFFEE,UPI
U003-T00899,U003,2026-07-01,ZEPTO QUICK ESSENTIALS PAYMENT,25.0,expense,Food,ZEPTO QUICK ESSENTIALS,UPI
U003-T00900,U003,2026-08-15,CHAI POINT PAYMENT,10.0,expense,Food,CHAI POINT,UPI
U003-T00901,U003,2026-07-19,STREET TIFFIN PAYMENT,25.0,expense,Food,STREET TIFFIN,UPI
U003-T00902,U003,2026-09-19,NAMMA METRO PAYMENT,25.0,expense,Transport,NAMMA METRO,UPI
U003-T00903,U003,2026-07-06,QUICK UPI TRANSFER PAYMENT,15.0,expense,Other,QUICK UPI TRANSFER,UPI
U003-T00904,U003,2026-07-26,LOCAL BAKERY PAYMENT,20.0,expense,Food,LOCAL BAKERY,UPI
U003-T00905,U003,2026-08-03,AUTO RICKSHAW PAYMENT,40.0,expense,Transport,AUTO RICKSHAW,UPI
U003-T00906,U003,2026-09-09,LOCAL BAKERY PAYMENT,20.0,expense,Food,LOCAL BAKERY,UPI
U003-T00907,U003,2026-07-03,LOCAL TEA & COFFEE PAYMENT,15.0,expense,Food,LOCAL TEA & COFFEE,UPI
U003-T00908,U003,2026-07-13,CHAI POINT PAYMENT,15.0,expense,Food,CHAI POINT,UPI
U003-T00909,U003,2026-08-18,RAPIDO BIKE PAYMENT,15.0,expense,Transport,RAPIDO BIKE,UPI
U003-T00910,U003,2026-08-13,PARKING FEE PAYMENT,15.0,expense,Other,PARKING FEE,UPI
U003-T00911,U003,2026-08-28,LOCAL BAKERY PAYMENT,25.0,expense,Food,LOCAL BAKERY,UPI
U003-T00912,U003,2026-09-23,LOCAL TEA & COFFEE PAYMENT,20.0,expense,Food,LOCAL TEA & COFFEE,UPI
U003-T00913,U003,2026-09-30,CHAI POINT PAYMENT,15.0,expense,Food,CHAI POINT,UPI
U003-T00914,U003,2026-07-17,KIRANA STORE PAYMENT,25.0,expense,Shopping,KIRANA STORE,UPI
U003-T00915,U003,2026-09-07,ZEPTO QUICK ESSENTIALS PAYMENT,50.0,expense,Food,ZEPTO QUICK ESSENTIALS,UPI
U003-T00916,U003,2026-08-10,RAPIDO BIKE PAYMENT,22.0,expense,Transport,RAPIDO BIKE,UPI
U003-T00917,U003,2026-07-06,KIRANA STORE PAYMENT,25.0,expense,Shopping,KIRANA STORE,UPI
U003-T00918,U003,2026-09-07,STREET TIFFIN PAYMENT,25.0,expense,Food,STREET TIFFIN,UPI
U003-T00919,U003,2026-08-11,LOCAL BAKERY PAYMENT,25.0,expense,Food,LOCAL BAKERY,UPI
U003-T00920,U003,2026-07-17,LOCAL PHARMACY STORE PAYMENT,65.0,expense,Healthcare,LOCAL PHARMACY STORE,UPI
U003-T00921,U003,2026-07-27,UBER AUTO PAYMENT,75.0,expense,Transport,UBER AUTO,UPI
U003-T00922,U003,2026-09-23,RAPIDO BIKE PAYMENT,22.0,expense,Transport,RAPIDO BIKE,UPI
U003-T00923,U003,2026-09-04,ZEPTO QUICK ESSENTIALS PAYMENT,50.0,expense,Food,ZEPTO QUICK ESSENTIALS,UPI
U003-T00924,U003,2026-09-02,NAMMA METRO PAYMENT,20.0,expense,Transport,NAMMA METRO,UPI
U003-T00925,U003,2026-08-11,AUTO RICKSHAW PAYMENT,55.0,expense,Transport,AUTO RICKSHAW,UPI
U003-T00926,U003,2026-09-30,QUICK UPI TRANSFER PAYMENT,30.0,expense,Other,QUICK UPI TRANSFER,UPI
U003-T00927,U003,2026-08-04,NAMMA METRO PAYMENT,15.0,expense,Transport,NAMMA METRO,UPI
U003-T00928,U003,2026-07-27,LOCAL BAKERY PAYMENT,20.0,expense,Food,LOCAL BAKERY,UPI
U003-T00929,U003,2026-08-27,CAMPUS PHOTOCOPY & NOTES PAYMENT,50.0,expense,Education,CAMPUS PHOTOCOPY & NOTES,UPI
U003-T00930,U003,2026-07-28,STREET TIFFIN PAYMENT,50.0,expense,Food,STREET TIFFIN,UPI
U003-T00931,U003,2026-09-12,LOCAL TEA & COFFEE PAYMENT,15.0,expense,Food,LOCAL TEA & COFFEE,UPI
U003-T00932,U003,2026-08-02,NAMMA METRO PAYMENT,20.0,expense,Transport,NAMMA METRO,UPI
U003-T00933,U003,2026-07-11,STREET TIFFIN PAYMENT,35.0,expense,Food,STREET TIFFIN,UPI
U003-T00934,U003,2026-07-30,NAMMA METRO PAYMENT,35.0,expense,Transport,NAMMA METRO,UPI
U003-T00935,U003,2026-09-04,RAPIDO BIKE PAYMENT,42.0,expense,Transport,RAPIDO BIKE,UPI
U003-T00936,U003,2026-08-27,BLINKIT DAILY PAYMENT,80.0,expense,Food,BLINKIT DAILY,UPI
U003-T00937,U003,2026-08-17,STATIONERY SHOP PAYMENT,30.0,expense,Shopping,STATIONERY SHOP,UPI
U003-T00938,U003,2026-08-04,ZEPTO QUICK ESSENTIALS PAYMENT,35.0,expense,Food,ZEPTO QUICK ESSENTIALS,UPI
U003-T00939,U003,2026-08-26,LOCAL BAKERY PAYMENT,15.0,expense,Food,LOCAL BAKERY,UPI
U003-T00940,U003,2026-08-15,COFFEE & CHAT PAYMENT,45.0,expense,Entertainment,COFFEE & CHAT,UPI
U003-T00941,U003,2026-09-03,SWIGGY QUICK BITE PAYMENT,40.0,expense,Food,SWIGGY QUICK BITE,UPI
U003-T00942,U003,2026-08-05,PARKING FEE PAYMENT,10.0,expense,Other,PARKING FEE,UPI
U003-T00943,U003,2026-07-16,CHAI POINT PAYMENT,10.0,expense,Food,CHAI POINT,UPI
U003-T00944,U003,2026-09-08,LOCAL TEA & COFFEE PAYMENT,12.0,expense,Food,LOCAL TEA & COFFEE,UPI
U003-T00945,U003,2026-09-25,STREET TIFFIN PAYMENT,35.0,expense,Food,STREET TIFFIN,UPI
U003-T00946,U003,2026-09-26,LOCAL PHARMACY STORE PAYMENT,28.0,expense,Healthcare,LOCAL PHARMACY STORE,UPI
U003-T00947,U003,2026-09-29,RAPIDO BIKE PAYMENT,22.0,expense,Transport,RAPIDO BIKE,UPI
U003-T00948,U003,2026-09-30,UBER AUTO PAYMENT,60.0,expense,Transport,UBER AUTO,UPI
U003-T00949,U003,2026-07-02,KIRANA STORE PAYMENT,35.0,expense,Shopping,KIRANA STORE,UPI
U003-T00950,U003,2026-08-14,KIRANA STORE PAYMENT,55.0,expense,Shopping,KIRANA STORE,UPI
U003-T00951,U003,2026-08-21,STATIONERY SHOP PAYMENT,12.0,expense,Shopping,STATIONERY SHOP,UPI
U003-T00952,U003,2026-08-30,RAPIDO BIKE PAYMENT,22.0,expense,Transport,RAPIDO BIKE,UPI
U003-T00953,U003,2026-08-20,LOCAL BAKERY PAYMENT,20.0,expense,Food,LOCAL BAKERY,UPI
U003-T00954,U003,2026-08-30,LOCAL BAKERY PAYMENT,35.0,expense,Food,LOCAL BAKERY,UPI
U003-T00955,U003,2026-08-29,STREET TIFFIN PAYMENT,20.0,expense,Food,STREET TIFFIN,UPI
U003-T00956,U003,2026-08-10,LOCAL PHARMACY STORE PAYMENT,65.0,expense,Healthcare,LOCAL PHARMACY STORE,UPI
U003-T00957,U003,2026-09-28,ZEPTO QUICK ESSENTIALS PAYMENT,75.0,expense,Food,ZEPTO QUICK ESSENTIALS,UPI
U003-T00958,U003,2026-08-27,LOCAL PHARMACY STORE PAYMENT,18.0,expense,Healthcare,LOCAL PHARMACY STORE,UPI
U003-T00959,U003,2026-08-17,LOCAL TEA & COFFEE PAYMENT,12.0,expense,Food,LOCAL TEA & COFFEE,UPI
U003-T00960,U003,2026-08-09,PARKING FEE PAYMENT,10.0,expense,Other,PARKING FEE,UPI
U003-T00961,U003,2026-09-02,STATIONERY SHOP PAYMENT,30.0,expense,Shopping,STATIONERY SHOP,UPI
U003-T00962,U003,2026-08-13,LOCAL BAKERY PAYMENT,35.0,expense,Food,LOCAL BAKERY,UPI
U003-T00963,U003,2026-09-26,UBER AUTO PAYMENT,60.0,expense,Transport,UBER AUTO,UPI
U003-T00964,U003,2026-08-11,NAMMA METRO PAYMENT,15.0,expense,Transport,NAMMA METRO,UPI
U003-T00965,U003,2026-07-18,LOCAL TEA & COFFEE PAYMENT,15.0,expense,Food,LOCAL TEA & COFFEE,UPI
U003-T00966,U003,2026-09-11,RAPIDO BIKE PAYMENT,42.0,expense,Transport,RAPIDO BIKE,UPI
U003-T00967,U003,2026-08-18,LOCAL TEA & COFFEE PAYMENT,20.0,expense,Food,LOCAL TEA & COFFEE,UPI
U003-T00968,U003,2026-07-09,NAMMA METRO PAYMENT,20.0,expense,Transport,NAMMA METRO,UPI
U003-T00969,U003,2026-08-30,CHAI POINT PAYMENT,30.0,expense,Food,CHAI POINT,UPI
U003-T00970,U003,2026-09-20,MOBILE TOP-UP PAYMENT,19.0,expense,Bills,MOBILE TOP-UP,UPI
U003-T00971,U003,2026-07-22,CHAI POINT PAYMENT,15.0,expense,Food,CHAI POINT,UPI
U003-T00972,U003,2026-07-05,STATIONERY SHOP PAYMENT,45.0,expense,Shopping,STATIONERY SHOP,UPI
U003-T00973,U003,2026-07-04,LOCAL TEA & COFFEE PAYMENT,10.0,expense,Food,LOCAL TEA & COFFEE,UPI
U003-T00974,U003,2026-08-19,LOCAL BAKERY PAYMENT,20.0,expense,Food,LOCAL BAKERY,UPI
U003-T00975,U003,2026-08-07,RAPIDO BIKE PAYMENT,15.0,expense,Transport,RAPIDO BIKE,UPI
U003-T00976,U003,2026-08-28,CHAI POINT PAYMENT,10.0,expense,Food,CHAI POINT,UPI
U003-T00977,U003,2026-07-22,STREET TIFFIN PAYMENT,50.0,expense,Food,STREET TIFFIN,UPI
U003-T00978,U003,2026-08-20,LOCAL TEA & COFFEE PAYMENT,10.0,expense,Food,LOCAL TEA & COFFEE,UPI
U003-T00979,U003,2026-07-17,NAMMA METRO PAYMENT,35.0,expense,Transport,NAMMA METRO,UPI
U003-T00980,U003,2026-07-09,ZEPTO QUICK ESSENTIALS PAYMENT,35.0,expense,Food,ZEPTO QUICK ESSENTIALS,UPI
U003-T00981,U003,2026-07-17,CAMPUS PHOTOCOPY & NOTES PAYMENT,35.0,expense,Education,CAMPUS PHOTOCOPY & NOTES,UPI
U003-T00982,U003,2026-08-25,STATIONERY SHOP PAYMENT,45.0,expense,Shopping,STATIONERY SHOP,UPI
U003-T00983,U003,2026-07-21,RAPIDO BIKE PAYMENT,30.0,expense,Transport,RAPIDO BIKE,UPI
U003-T00984,U003,2026-09-14,LOCAL TEA & COFFEE PAYMENT,20.0,expense,Food,LOCAL TEA & COFFEE,UPI
U003-T00985,U003,2026-08-05,LOCAL TEA & COFFEE PAYMENT,12.0,expense,Food,LOCAL TEA & COFFEE,UPI
U003-T00986,U003,2026-08-27,CHAI POINT PAYMENT,30.0,expense,Food,CHAI POINT,UPI
U003-T00987,U003,2026-09-16,STATIONERY SHOP PAYMENT,30.0,expense,Shopping,STATIONERY SHOP,UPI
U003-T00988,U003,2026-09-11,MOBILE TOP-UP PAYMENT,29.0,expense,Bills,MOBILE TOP-UP,UPI
U003-T00989,U003,2026-08-29,NAMMA METRO PAYMENT,15.0,expense,Transport,NAMMA METRO,UPI
U003-T00990,U003,2026-08-06,RAPIDO BIKE PAYMENT,42.0,expense,Transport,RAPIDO BIKE,UPI
U003-T00991,U003,2026-08-14,AUTO RICKSHAW PAYMENT,40.0,expense,Transport,AUTO RICKSHAW,UPI
U003-T00992,U003,2026-08-20,RAPIDO BIKE PAYMENT,22.0,expense,Transport,RAPIDO BIKE,UPI
U003-T00993,U003,2026-08-23,LOCAL BAKERY PAYMENT,35.0,expense,Food,LOCAL BAKERY,UPI
U003-T00994,U003,2026-08-28,ZEPTO QUICK ESSENTIALS PAYMENT,35.0,expense,Food,ZEPTO QUICK ESSENTIALS,UPI
U003-T00995,U003,2026-09-28,NAMMA METRO PAYMENT,35.0,expense,Transport,NAMMA METRO,UPI
U003-T00996,U003,2026-09-28,PARKING FEE PAYMENT,10.0,expense,Other,PARKING FEE,UPI
U003-T00997,U003,2026-07-21,LOCAL BAKERY PAYMENT,25.0,expense,Food,LOCAL BAKERY,UPI
U003-T00998,U003,2026-09-24,COFFEE & CHAT PAYMENT,30.0,expense,Entertainment,COFFEE & CHAT,UPI
U003-T00999,U003,2026-09-02,ZEPTO QUICK ESSENTIALS PAYMENT,25.0,expense,Food,ZEPTO QUICK ESSENTIALS,UPI
U003-T01000,U003,2026-08-17,CHAI POINT PAYMENT,10.0,expense,Food,CHAI POINT,UPI
U004-T00001,U004,2026-07-26,SALARY CREDIT - TECH CORP,50000.0,income,Salary,TechCorp Solutions,NEFT
U004-T00002,U004,2026-08-26,SALARY CREDIT - TECH CORP,50000.0,income,Salary,TechCorp Solutions,NEFT
U004-T00003,U004,2026-09-26,SALARY CREDIT - TECH CORP,50000.0,income,Salary,TechCorp Solutions,NEFT
U004-T00004,U004,2026-07-01,HOUSE RENT,10000.0,expense,Rent,Landlord Transfer,UPI
U004-T00005,U004,2026-08-01,HOUSE RENT,10000.0,expense,Rent,Landlord Transfer,UPI
U004-T00006,U004,2026-09-01,HOUSE RENT,10000.0,expense,Rent,Landlord Transfer,UPI
U004-T00007,U004,2026-07-21,NETFLIX PREMIUM,649.0,expense,Subscriptions,Netflix,Credit Card
U004-T00008,U004,2026-08-21,NETFLIX PREMIUM,649.0,expense,Subscriptions,Netflix,Credit Card
U004-T00009,U004,2026-09-21,NETFLIX PREMIUM,649.0,expense,Subscriptions,Netflix,Credit Card
U004-T00010,U004,2026-07-06,CULT.FIT GYM MEMBERSHIP,1600.0,expense,Healthcare,Cult.Fit,Auto Debit
U004-T00011,U004,2026-08-06,CULT.FIT GYM MEMBERSHIP,1600.0,expense,Healthcare,Cult.Fit,Auto Debit
U004-T00012,U004,2026-09-06,CULT.FIT GYM MEMBERSHIP,1600.0,expense,Healthcare,Cult.Fit,Auto Debit
U004-T00013,U004,2026-07-12,AIRTEL FIBER BROADBAND,1200.0,expense,Bills,Airtel,UPI AutoPay
U004-T00014,U004,2026-08-12,AIRTEL FIBER BROADBAND,1200.0,expense,Bills,Airtel,UPI AutoPay
U004-T00015,U004,2026-09-12,AIRTEL FIBER BROADBAND,1200.0,expense,Bills,Airtel,UPI AutoPay
U004-T00016,U004,2026-09-27,AMAZON ELECTRONICS,4500.0,expense,Shopping,Amazon India,Credit Card
U004-T00017,U004,2026-09-23,MYNTRA FASHION,2400.0,expense,Shopping,Myntra,UPI
U004-T00018,U004,2026-09-20,BESCOM ELECTRICITY,1600.0,expense,Bills,BESCOM,NetBanking
U004-T00019,U004,2026-09-17,PVR INOX CINEMAS,1100.0,expense,Entertainment,PVR,Credit Card
U004-T00020,U004,2026-09-16,UDEMY AI COURSE,1299.0,expense,Education,Udemy,Debit Card
U004-T00021,U004,2026-09-18,APOLLO PHARMACY,950.0,expense,Healthcare,Apollo,UPI
U004-T00022,U004,2026-09-28,SWIGGY GOURMET,450.0,expense,Food,Swiggy,UPI
U004-T00023,U004,2026-09-24,ZOMATO DINING,1280.0,expense,Food,Zomato,Credit Card
U004-T00024,U004,2026-09-25,UBER PREMIER,620.0,expense,Transport,Uber,UPI
U004-T00025,U004,2026-09-11,SPOTIFY FAMILY,119.0,expense,Subscriptions,Spotify,UPI
U004-T00026,U004,2026-08-24,AMAZON HOME ESSENTIALS,2200.0,expense,Shopping,Amazon India,Credit Card
U004-T00027,U004,2026-08-14,MYNTRA ACCESSORIES,1500.0,expense,Shopping,Myntra,UPI
U004-T00028,U004,2026-08-20,BESCOM ELECTRICITY,1450.0,expense,Bills,BESCOM,NetBanking
U004-T00029,U004,2026-08-15,BOOKMYSHOW MOVIE,800.0,expense,Entertainment,BookMyShow,Debit Card
U004-T00030,U004,2026-08-10,COURSERA PYTHON COURSE,799.0,expense,Education,Coursera,Debit Card
U004-T00031,U004,2026-08-18,MEDPLUS PHARMACY,850.0,expense,Healthcare,MedPlus,UPI
U004-T00032,U004,2026-08-25,UBER INTERCITY,520.0,expense,Transport,Uber,UPI
U004-T00033,U004,2026-08-28,BARBEQUE NATION,850.0,expense,Food,Barbeque Nation,Credit Card
U004-T00034,U004,2026-08-11,SPOTIFY FAMILY,119.0,expense,Subscriptions,Spotify,UPI
U004-T00035,U004,2026-07-20,AMAZON MONSOON GEAR,1800.0,expense,Shopping,Amazon India,Credit Card
U004-T00036,U004,2026-07-12,FABINDIA CLOTHING,1200.0,expense,Shopping,FabIndia,UPI
U004-T00037,U004,2026-07-18,BESCOM ELECTRICITY,1400.0,expense,Bills,BESCOM,NetBanking
U004-T00038,U004,2026-07-14,PVR CINEMAS,600.0,expense,Entertainment,PVR,Credit Card
U004-T00039,U004,2026-07-16,APOLLO HEALTH CHECK,700.0,expense,Healthcare,Apollo,UPI
U004-T00040,U004,2026-07-10,SAPNA BOOK HOUSE,450.0,expense,Education,Sapna Book House,UPI
U004-T00041,U004,2026-07-22,INDIAN OIL PETROL,480.0,expense,Transport,Indian Oil,Credit Card
U004-T00042,U004,2026-07-25,MAINLAND CHINA DINING,750.0,expense,Food,Mainland China,Credit Card
U004-T00043,U004,2026-07-11,SPOTIFY FAMILY,119.0,expense,Subscriptions,Spotify,UPI
U004-T00044,U004,2026-09-03,KIRANA STORE PAYMENT,35.0,expense,Shopping,KIRANA STORE,UPI
U004-T00045,U004,2026-08-22,BLINKIT DAILY PAYMENT,60.0,expense,Food,BLINKIT DAILY,UPI
U004-T00046,U004,2026-07-27,SWIGGY QUICK BITE PAYMENT,110.0,expense,Food,SWIGGY QUICK BITE,UPI
U004-T00047,U004,2026-07-04,CHAI POINT PAYMENT,30.0,expense,Food,CHAI POINT,UPI
U004-T00048,U004,2026-08-18,STREET TIFFIN PAYMENT,50.0,expense,Food,STREET TIFFIN,UPI
U004-T00049,U004,2026-07-25,ZEPTO QUICK ESSENTIALS PAYMENT,25.0,expense,Food,ZEPTO QUICK ESSENTIALS,UPI
U004-T00050,U004,2026-08-02,LOCAL TEA & COFFEE PAYMENT,12.0,expense,Food,LOCAL TEA & COFFEE,UPI
U004-T00051,U004,2026-08-11,AUTO RICKSHAW PAYMENT,55.0,expense,Transport,AUTO RICKSHAW,UPI
U004-T00052,U004,2026-09-01,BLINKIT DAILY PAYMENT,30.0,expense,Food,BLINKIT DAILY,UPI
U004-T00053,U004,2026-09-09,RAPIDO BIKE PAYMENT,42.0,expense,Transport,RAPIDO BIKE,UPI
U004-T00054,U004,2026-07-18,BLINKIT DAILY PAYMENT,60.0,expense,Food,BLINKIT DAILY,UPI
U004-T00055,U004,2026-07-21,LOCAL TEA & COFFEE PAYMENT,10.0,expense,Food,LOCAL TEA & COFFEE,UPI
U004-T00056,U004,2026-09-16,CHAI POINT PAYMENT,20.0,expense,Food,CHAI POINT,UPI
U004-T00057,U004,2026-07-16,NAMMA METRO PAYMENT,35.0,expense,Transport,NAMMA METRO,UPI
U004-T00058,U004,2026-07-22,CHAI POINT PAYMENT,10.0,expense,Food,CHAI POINT,UPI
U004-T00059,U004,2026-09-25,LOCAL BAKERY PAYMENT,35.0,expense,Food,LOCAL BAKERY,UPI
U004-T00060,U004,2026-08-15,LOCAL TEA & COFFEE PAYMENT,10.0,expense,Food,LOCAL TEA & COFFEE,UPI
U004-T00061,U004,2026-09-25,NAMMA METRO PAYMENT,35.0,expense,Transport,NAMMA METRO,UPI
U004-T00062,U004,2026-09-28,CHAI POINT PAYMENT,10.0,expense,Food,CHAI POINT,UPI
U004-T00063,U004,2026-08-19,AUTO RICKSHAW PAYMENT,55.0,expense,Transport,AUTO RICKSHAW,UPI
U004-T00064,U004,2026-07-07,RAPIDO BIKE PAYMENT,15.0,expense,Transport,RAPIDO BIKE,UPI
U004-T00065,U004,2026-08-18,KIRANA STORE PAYMENT,25.0,expense,Shopping,KIRANA STORE,UPI
U004-T00066,U004,2026-08-17,COFFEE & CHAT PAYMENT,30.0,expense,Entertainment,COFFEE & CHAT,UPI
U004-T00067,U004,2026-07-12,CHAI POINT PAYMENT,10.0,expense,Food,CHAI POINT,UPI
U004-T00068,U004,2026-07-02,STREET TIFFIN PAYMENT,25.0,expense,Food,STREET TIFFIN,UPI
U004-T00069,U004,2026-09-26,AUTO RICKSHAW PAYMENT,30.0,expense,Transport,AUTO RICKSHAW,UPI
U004-T00070,U004,2026-07-13,KIRANA STORE PAYMENT,25.0,expense,Shopping,KIRANA STORE,UPI
U004-T00071,U004,2026-07-22,CHAI POINT PAYMENT,10.0,expense,Food,CHAI POINT,UPI
U004-T00072,U004,2026-08-11,STREET TIFFIN PAYMENT,25.0,expense,Food,STREET TIFFIN,UPI
U004-T00073,U004,2026-09-18,LOCAL TEA & COFFEE PAYMENT,20.0,expense,Food,LOCAL TEA & COFFEE,UPI
U004-T00074,U004,2026-08-24,LOCAL TEA & COFFEE PAYMENT,12.0,expense,Food,LOCAL TEA & COFFEE,UPI
U004-T00075,U004,2026-07-14,STREET TIFFIN PAYMENT,25.0,expense,Food,STREET TIFFIN,UPI
U004-T00076,U004,2026-07-02,ZEPTO QUICK ESSENTIALS PAYMENT,50.0,expense,Food,ZEPTO QUICK ESSENTIALS,UPI
U004-T00077,U004,2026-07-02,ZEPTO QUICK ESSENTIALS PAYMENT,75.0,expense,Food,ZEPTO QUICK ESSENTIALS,UPI
U004-T00078,U004,2026-07-29,CHAI POINT PAYMENT,20.0,expense,Food,CHAI POINT,UPI
U004-T00079,U004,2026-09-22,RAPIDO BIKE PAYMENT,15.0,expense,Transport,RAPIDO BIKE,UPI
U004-T00080,U004,2026-07-09,MOBILE TOP-UP PAYMENT,29.0,expense,Bills,MOBILE TOP-UP,UPI
U004-T00081,U004,2026-08-08,KIRANA STORE PAYMENT,55.0,expense,Shopping,KIRANA STORE,UPI
U004-T00082,U004,2026-07-14,AUTO RICKSHAW PAYMENT,30.0,expense,Transport,AUTO RICKSHAW,UPI
U004-T00083,U004,2026-08-02,QUICK UPI TRANSFER PAYMENT,20.0,expense,Other,QUICK UPI TRANSFER,UPI
U004-T00084,U004,2026-09-19,AUTO RICKSHAW PAYMENT,30.0,expense,Transport,AUTO RICKSHAW,UPI
U004-T00085,U004,2026-08-12,LOCAL TEA & COFFEE PAYMENT,15.0,expense,Food,LOCAL TEA & COFFEE,UPI
U004-T00086,U004,2026-09-24,SWIGGY QUICK BITE PAYMENT,85.0,expense,Food,SWIGGY QUICK BITE,UPI
U004-T00087,U004,2026-07-03,RAPIDO BIKE PAYMENT,42.0,expense,Transport,RAPIDO BIKE,UPI
U004-T00088,U004,2026-08-18,SWIGGY QUICK BITE PAYMENT,60.0,expense,Food,SWIGGY QUICK BITE,UPI
U004-T00089,U004,2026-09-03,NAMMA METRO PAYMENT,15.0,expense,Transport,NAMMA METRO,UPI
U004-T00090,U004,2026-07-30,CHAI POINT PAYMENT,10.0,expense,Food,CHAI POINT,UPI
U004-T00091,U004,2026-08-09,LOCAL BAKERY PAYMENT,35.0,expense,Food,LOCAL BAKERY,UPI
U004-T00092,U004,2026-08-01,RAPIDO BIKE PAYMENT,15.0,expense,Transport,RAPIDO BIKE,UPI
U004-T00093,U004,2026-07-18,ZEPTO QUICK ESSENTIALS PAYMENT,50.0,expense,Food,ZEPTO QUICK ESSENTIALS,UPI
U004-T00094,U004,2026-07-26,LOCAL TEA & COFFEE PAYMENT,12.0,expense,Food,LOCAL TEA & COFFEE,UPI
U004-T00095,U004,2026-09-21,CHAI POINT PAYMENT,30.0,expense,Food,CHAI POINT,UPI
U004-T00096,U004,2026-08-12,LOCAL TEA & COFFEE PAYMENT,15.0,expense,Food,LOCAL TEA & COFFEE,UPI
U004-T00097,U004,2026-09-21,KIRANA STORE PAYMENT,15.0,expense,Shopping,KIRANA STORE,UPI
U004-T00098,U004,2026-09-05,KIRANA STORE PAYMENT,55.0,expense,Shopping,KIRANA STORE,UPI
U004-T00099,U004,2026-09-21,STATIONERY SHOP PAYMENT,12.0,expense,Shopping,STATIONERY SHOP,UPI
U004-T00100,U004,2026-07-30,LOCAL PHARMACY STORE PAYMENT,45.0,expense,Healthcare,LOCAL PHARMACY STORE,UPI
U004-T00101,U004,2026-08-13,LOCAL BAKERY PAYMENT,15.0,expense,Food,LOCAL BAKERY,UPI
U004-T00102,U004,2026-09-24,COMMUNITY CHARITY UPI PAYMENT,51.0,expense,Other,COMMUNITY CHARITY UPI,UPI
U004-T00103,U004,2026-09-28,AUTO RICKSHAW PAYMENT,55.0,expense,Transport,AUTO RICKSHAW,UPI
U004-T00104,U004,2026-09-05,STREET TIFFIN PAYMENT,50.0,expense,Food,STREET TIFFIN,UPI
U004-T00105,U004,2026-09-19,CHAI POINT PAYMENT,30.0,expense,Food,CHAI POINT,UPI
U004-T00106,U004,2026-07-09,QUICK UPI TRANSFER PAYMENT,10.0,expense,Other,QUICK UPI TRANSFER,UPI
U004-T00107,U004,2026-09-20,COMMUNITY CHARITY UPI PAYMENT,11.0,expense,Other,COMMUNITY CHARITY UPI,UPI
U004-T00108,U004,2026-07-17,CHAI POINT PAYMENT,15.0,expense,Food,CHAI POINT,UPI
U004-T00109,U004,2026-07-31,SWIGGY QUICK BITE PAYMENT,110.0,expense,Food,SWIGGY QUICK BITE,UPI
U004-T00110,U004,2026-08-29,STREET TIFFIN PAYMENT,25.0,expense,Food,STREET TIFFIN,UPI
U004-T00111,U004,2026-08-01,BLINKIT DAILY PAYMENT,40.0,expense,Food,BLINKIT DAILY,UPI
U004-T00112,U004,2026-08-08,LOCAL BAKERY PAYMENT,35.0,expense,Food,LOCAL BAKERY,UPI
U004-T00113,U004,2026-09-20,LOCAL TEA & COFFEE PAYMENT,20.0,expense,Food,LOCAL TEA & COFFEE,UPI
U004-T00114,U004,2026-07-11,PARKING FEE PAYMENT,15.0,expense,Other,PARKING FEE,UPI
U004-T00115,U004,2026-08-20,ZEPTO QUICK ESSENTIALS PAYMENT,75.0,expense,Food,ZEPTO QUICK ESSENTIALS,UPI
U004-T00116,U004,2026-08-26,BLINKIT DAILY PAYMENT,80.0,expense,Food,BLINKIT DAILY,UPI
U004-T00117,U004,2026-07-20,STATIONERY SHOP PAYMENT,45.0,expense,Shopping,STATIONERY SHOP,UPI
U004-T00118,U004,2026-07-03,KIRANA STORE PAYMENT,55.0,expense,Shopping,KIRANA STORE,UPI
U004-T00119,U004,2026-07-11,UBER AUTO PAYMENT,60.0,expense,Transport,UBER AUTO,UPI
U004-T00120,U004,2026-09-15,NAMMA METRO PAYMENT,20.0,expense,Transport,NAMMA METRO,UPI
U004-T00121,U004,2026-08-02,ZEPTO QUICK ESSENTIALS PAYMENT,50.0,expense,Food,ZEPTO QUICK ESSENTIALS,UPI
U004-T00122,U004,2026-08-28,LOCAL BAKERY PAYMENT,35.0,expense,Food,LOCAL BAKERY,UPI
U004-T00123,U004,2026-07-10,STREET TIFFIN PAYMENT,50.0,expense,Food,STREET TIFFIN,UPI
U004-T00124,U004,2026-07-26,LOCAL TEA & COFFEE PAYMENT,12.0,expense,Food,LOCAL TEA & COFFEE,UPI
U004-T00125,U004,2026-07-01,CHAI POINT PAYMENT,20.0,expense,Food,CHAI POINT,UPI
U004-T00126,U004,2026-09-01,ZEPTO QUICK ESSENTIALS PAYMENT,75.0,expense,Food,ZEPTO QUICK ESSENTIALS,UPI
U004-T00127,U004,2026-08-20,QUICK UPI TRANSFER PAYMENT,20.0,expense,Other,QUICK UPI TRANSFER,UPI
U004-T00128,U004,2026-08-19,SWIGGY QUICK BITE PAYMENT,40.0,expense,Food,SWIGGY QUICK BITE,UPI
U004-T00129,U004,2026-08-22,MOBILE TOP-UP PAYMENT,19.0,expense,Bills,MOBILE TOP-UP,UPI
U004-T00130,U004,2026-08-19,PARKING FEE PAYMENT,10.0,expense,Other,PARKING FEE,UPI
U004-T00131,U004,2026-07-25,KIRANA STORE PAYMENT,35.0,expense,Shopping,KIRANA STORE,UPI
U004-T00132,U004,2026-08-14,SWIGGY QUICK BITE PAYMENT,110.0,expense,Food,SWIGGY QUICK BITE,UPI
U004-T00133,U004,2026-09-20,AUTO RICKSHAW PAYMENT,20.0,expense,Transport,AUTO RICKSHAW,UPI
U004-T00134,U004,2026-09-22,ZEPTO QUICK ESSENTIALS PAYMENT,75.0,expense,Food,ZEPTO QUICK ESSENTIALS,UPI
U004-T00135,U004,2026-08-01,LOCAL BAKERY PAYMENT,15.0,expense,Food,LOCAL BAKERY,UPI
U004-T00136,U004,2026-08-16,RAPIDO BIKE PAYMENT,15.0,expense,Transport,RAPIDO BIKE,UPI
U004-T00137,U004,2026-09-28,RAPIDO BIKE PAYMENT,22.0,expense,Transport,RAPIDO BIKE,UPI
U004-T00138,U004,2026-08-03,RAPIDO BIKE PAYMENT,22.0,expense,Transport,RAPIDO BIKE,UPI
U004-T00139,U004,2026-08-02,LOCAL BAKERY PAYMENT,20.0,expense,Food,LOCAL BAKERY,UPI
U004-T00140,U004,2026-07-02,LOCAL TEA & COFFEE PAYMENT,10.0,expense,Food,LOCAL TEA & COFFEE,UPI
U004-T00141,U004,2026-09-21,AUTO RICKSHAW PAYMENT,55.0,expense,Transport,AUTO RICKSHAW,UPI
U004-T00142,U004,2026-08-20,AUTO RICKSHAW PAYMENT,20.0,expense,Transport,AUTO RICKSHAW,UPI
U004-T00143,U004,2026-09-05,COFFEE & CHAT PAYMENT,65.0,expense,Entertainment,COFFEE & CHAT,UPI
U004-T00144,U004,2026-07-22,LOCAL PHARMACY STORE PAYMENT,45.0,expense,Healthcare,LOCAL PHARMACY STORE,UPI
U004-T00145,U004,2026-09-27,STREET TIFFIN PAYMENT,50.0,expense,Food,STREET TIFFIN,UPI
U004-T00146,U004,2026-09-14,STREET TIFFIN PAYMENT,50.0,expense,Food,STREET TIFFIN,UPI
U004-T00147,U004,2026-07-12,CHAI POINT PAYMENT,20.0,expense,Food,CHAI POINT,UPI
U004-T00148,U004,2026-07-19,LOCAL BAKERY PAYMENT,20.0,expense,Food,LOCAL BAKERY,UPI
U004-T00149,U004,2026-08-20,AUTO RICKSHAW PAYMENT,20.0,expense,Transport,AUTO RICKSHAW,UPI
U004-T00150,U004,2026-07-22,STATIONERY SHOP PAYMENT,12.0,expense,Shopping,STATIONERY SHOP,UPI
U004-T00151,U004,2026-07-13,CHAI POINT PAYMENT,30.0,expense,Food,CHAI POINT,UPI
U004-T00152,U004,2026-09-06,ZEPTO QUICK ESSENTIALS PAYMENT,50.0,expense,Food,ZEPTO QUICK ESSENTIALS,UPI
U004-T00153,U004,2026-08-25,LOCAL TEA & COFFEE PAYMENT,15.0,expense,Food,LOCAL TEA & COFFEE,UPI
U004-T00154,U004,2026-07-24,AUTO RICKSHAW PAYMENT,30.0,expense,Transport,AUTO RICKSHAW,UPI
U004-T00155,U004,2026-09-01,LOCAL TEA & COFFEE PAYMENT,10.0,expense,Food,LOCAL TEA & COFFEE,UPI
U004-T00156,U004,2026-08-27,NAMMA METRO PAYMENT,20.0,expense,Transport,NAMMA METRO,UPI
U004-T00157,U004,2026-07-24,LOCAL TEA & COFFEE PAYMENT,12.0,expense,Food,LOCAL TEA & COFFEE,UPI
U004-T00158,U004,2026-07-25,LOCAL BAKERY PAYMENT,35.0,expense,Food,LOCAL BAKERY,UPI
U004-T00159,U004,2026-08-26,RAPIDO BIKE PAYMENT,15.0,expense,Transport,RAPIDO BIKE,UPI
U004-T00160,U004,2026-09-20,LOCAL TEA & COFFEE PAYMENT,15.0,expense,Food,LOCAL TEA & COFFEE,UPI
U004-T00161,U004,2026-07-11,ZEPTO QUICK ESSENTIALS PAYMENT,50.0,expense,Food,ZEPTO QUICK ESSENTIALS,UPI
U004-T00162,U004,2026-07-09,STREET TIFFIN PAYMENT,25.0,expense,Food,STREET TIFFIN,UPI
U004-T00163,U004,2026-08-31,SWIGGY QUICK BITE PAYMENT,40.0,expense,Food,SWIGGY QUICK BITE,UPI
U004-T00164,U004,2026-07-02,CHAI POINT PAYMENT,10.0,expense,Food,CHAI POINT,UPI
U004-T00165,U004,2026-09-24,NAMMA METRO PAYMENT,15.0,expense,Transport,NAMMA METRO,UPI
U004-T00166,U004,2026-07-13,LOCAL BAKERY PAYMENT,15.0,expense,Food,LOCAL BAKERY,UPI
U004-T00167,U004,2026-08-18,RAPIDO BIKE PAYMENT,30.0,expense,Transport,RAPIDO BIKE,UPI
U004-T00168,U004,2026-09-01,BLINKIT DAILY PAYMENT,60.0,expense,Food,BLINKIT DAILY,UPI
U004-T00169,U004,2026-09-16,BLINKIT DAILY PAYMENT,60.0,expense,Food,BLINKIT DAILY,UPI
U004-T00170,U004,2026-09-26,MOBILE TOP-UP PAYMENT,29.0,expense,Bills,MOBILE TOP-UP,UPI
U004-T00171,U004,2026-07-31,PARKING FEE PAYMENT,20.0,expense,Other,PARKING FEE,UPI
U004-T00172,U004,2026-08-21,ZEPTO QUICK ESSENTIALS PAYMENT,25.0,expense,Food,ZEPTO QUICK ESSENTIALS,UPI
U004-T00173,U004,2026-08-15,CAMPUS PHOTOCOPY & NOTES PAYMENT,10.0,expense,Education,CAMPUS PHOTOCOPY & NOTES,UPI
U004-T00174,U004,2026-07-01,BLINKIT DAILY PAYMENT,80.0,expense,Food,BLINKIT DAILY,UPI
U004-T00175,U004,2026-07-18,CHAI POINT PAYMENT,10.0,expense,Food,CHAI POINT,UPI
U004-T00176,U004,2026-09-06,LOCAL BAKERY PAYMENT,20.0,expense,Food,LOCAL BAKERY,UPI
U004-T00177,U004,2026-08-17,BLINKIT DAILY PAYMENT,80.0,expense,Food,BLINKIT DAILY,UPI
U004-T00178,U004,2026-09-04,ZEPTO QUICK ESSENTIALS PAYMENT,35.0,expense,Food,ZEPTO QUICK ESSENTIALS,UPI
U004-T00179,U004,2026-07-01,COMMUNITY CHARITY UPI PAYMENT,21.0,expense,Other,COMMUNITY CHARITY UPI,UPI
U004-T00180,U004,2026-07-03,RAPIDO BIKE PAYMENT,15.0,expense,Transport,RAPIDO BIKE,UPI
U004-T00181,U004,2026-08-11,AUTO RICKSHAW PAYMENT,30.0,expense,Transport,AUTO RICKSHAW,UPI
U004-T00182,U004,2026-09-16,SWIGGY QUICK BITE PAYMENT,40.0,expense,Food,SWIGGY QUICK BITE,UPI
U004-T00183,U004,2026-08-14,BLINKIT DAILY PAYMENT,80.0,expense,Food,BLINKIT DAILY,UPI
U004-T00184,U004,2026-09-23,LOCAL PHARMACY STORE PAYMENT,18.0,expense,Healthcare,LOCAL PHARMACY STORE,UPI
U004-T00185,U004,2026-08-19,STREET TIFFIN PAYMENT,25.0,expense,Food,STREET TIFFIN,UPI
U004-T00186,U004,2026-09-30,LOCAL TEA & COFFEE PAYMENT,10.0,expense,Food,LOCAL TEA & COFFEE,UPI
U004-T00187,U004,2026-07-17,SWIGGY QUICK BITE PAYMENT,40.0,expense,Food,SWIGGY QUICK BITE,UPI
U004-T00188,U004,2026-08-08,LOCAL PHARMACY STORE PAYMENT,65.0,expense,Healthcare,LOCAL PHARMACY STORE,UPI
U004-T00189,U004,2026-07-22,COFFEE & CHAT PAYMENT,20.0,expense,Entertainment,COFFEE & CHAT,UPI
U004-T00190,U004,2026-08-31,RAPIDO BIKE PAYMENT,22.0,expense,Transport,RAPIDO BIKE,UPI
U004-T00191,U004,2026-08-01,LOCAL BAKERY PAYMENT,15.0,expense,Food,LOCAL BAKERY,UPI
U004-T00192,U004,2026-07-14,BLINKIT DAILY PAYMENT,30.0,expense,Food,BLINKIT DAILY,UPI
U004-T00193,U004,2026-07-21,PARKING FEE PAYMENT,15.0,expense,Other,PARKING FEE,UPI
U004-T00194,U004,2026-08-19,KIRANA STORE PAYMENT,25.0,expense,Shopping,KIRANA STORE,UPI
U004-T00195,U004,2026-08-02,RAPIDO BIKE PAYMENT,15.0,expense,Transport,RAPIDO BIKE,UPI
U004-T00196,U004,2026-09-24,LOCAL TEA & COFFEE PAYMENT,20.0,expense,Food,LOCAL TEA & COFFEE,UPI
U004-T00197,U004,2026-07-12,KIRANA STORE PAYMENT,35.0,expense,Shopping,KIRANA STORE,UPI
U004-T00198,U004,2026-07-29,PARKING FEE PAYMENT,20.0,expense,Other,PARKING FEE,UPI
U004-T00199,U004,2026-07-09,RAPIDO BIKE PAYMENT,42.0,expense,Transport,RAPIDO BIKE,UPI
U004-T00200,U004,2026-09-30,UBER AUTO PAYMENT,75.0,expense,Transport,UBER AUTO,UPI
U004-T00201,U004,2026-09-22,RAPIDO BIKE PAYMENT,42.0,expense,Transport,RAPIDO BIKE,UPI
U004-T00202,U004,2026-07-30,LOCAL BAKERY PAYMENT,15.0,expense,Food,LOCAL BAKERY,UPI
U004-T00203,U004,2026-08-07,CHAI POINT PAYMENT,10.0,expense,Food,CHAI POINT,UPI
U004-T00204,U004,2026-08-13,UBER AUTO PAYMENT,42.0,expense,Transport,UBER AUTO,UPI
U004-T00205,U004,2026-07-15,NAMMA METRO PAYMENT,20.0,expense,Transport,NAMMA METRO,UPI
U004-T00206,U004,2026-08-10,QUICK UPI TRANSFER PAYMENT,10.0,expense,Other,QUICK UPI TRANSFER,UPI
U004-T00207,U004,2026-08-09,CHAI POINT PAYMENT,15.0,expense,Food,CHAI POINT,UPI
U004-T00208,U004,2026-08-19,QUICK UPI TRANSFER PAYMENT,20.0,expense,Other,QUICK UPI TRANSFER,UPI
U004-T00209,U004,2026-08-16,KIRANA STORE PAYMENT,25.0,expense,Shopping,KIRANA STORE,UPI
U004-T00210,U004,2026-09-05,RAPIDO BIKE PAYMENT,22.0,expense,Transport,RAPIDO BIKE,UPI
U004-T00211,U004,2026-07-14,ZEPTO QUICK ESSENTIALS PAYMENT,75.0,expense,Food,ZEPTO QUICK ESSENTIALS,UPI
U004-T00212,U004,2026-08-10,LOCAL TEA & COFFEE PAYMENT,15.0,expense,Food,LOCAL TEA & COFFEE,UPI
U004-T00213,U004,2026-07-29,SWIGGY QUICK BITE PAYMENT,110.0,expense,Food,SWIGGY QUICK BITE,UPI
U004-T00214,U004,2026-07-19,RAPIDO BIKE PAYMENT,22.0,expense,Transport,RAPIDO BIKE,UPI
U004-T00215,U004,2026-09-24,LOCAL PHARMACY STORE PAYMENT,18.0,expense,Healthcare,LOCAL PHARMACY STORE,UPI
U004-T00216,U004,2026-09-15,STREET TIFFIN PAYMENT,20.0,expense,Food,STREET TIFFIN,UPI
U004-T00217,U004,2026-08-05,COMMUNITY CHARITY UPI PAYMENT,51.0,expense,Other,COMMUNITY CHARITY UPI,UPI
U004-T00218,U004,2026-09-12,SWIGGY QUICK BITE PAYMENT,60.0,expense,Food,SWIGGY QUICK BITE,UPI
U004-T00219,U004,2026-09-02,STREET TIFFIN PAYMENT,50.0,expense,Food,STREET TIFFIN,UPI
U004-T00220,U004,2026-07-08,COMMUNITY CHARITY UPI PAYMENT,21.0,expense,Other,COMMUNITY CHARITY UPI,UPI
U004-T00221,U004,2026-07-20,STATIONERY SHOP PAYMENT,20.0,expense,Shopping,STATIONERY SHOP,UPI
U004-T00222,U004,2026-07-29,AUTO RICKSHAW PAYMENT,20.0,expense,Transport,AUTO RICKSHAW,UPI
U004-T00223,U004,2026-07-23,LOCAL PHARMACY STORE PAYMENT,65.0,expense,Healthcare,LOCAL PHARMACY STORE,UPI
U004-T00224,U004,2026-08-08,COMMUNITY CHARITY UPI PAYMENT,51.0,expense,Other,COMMUNITY CHARITY UPI,UPI
U004-T00225,U004,2026-07-21,COMMUNITY CHARITY UPI PAYMENT,51.0,expense,Other,COMMUNITY CHARITY UPI,UPI
U004-T00226,U004,2026-08-20,STREET TIFFIN PAYMENT,50.0,expense,Food,STREET TIFFIN,UPI
U004-T00227,U004,2026-08-14,UBER AUTO PAYMENT,75.0,expense,Transport,UBER AUTO,UPI
U004-T00228,U004,2026-07-10,NAMMA METRO PAYMENT,25.0,expense,Transport,NAMMA METRO,UPI
U004-T00229,U004,2026-08-06,AUTO RICKSHAW PAYMENT,30.0,expense,Transport,AUTO RICKSHAW,UPI
U004-T00230,U004,2026-09-28,LOCAL PHARMACY STORE PAYMENT,65.0,expense,Healthcare,LOCAL PHARMACY STORE,UPI
U004-T00231,U004,2026-07-13,LOCAL TEA & COFFEE PAYMENT,10.0,expense,Food,LOCAL TEA & COFFEE,UPI
U004-T00232,U004,2026-09-29,STREET TIFFIN PAYMENT,25.0,expense,Food,STREET TIFFIN,UPI
U004-T00233,U004,2026-09-12,LOCAL TEA & COFFEE PAYMENT,20.0,expense,Food,LOCAL TEA & COFFEE,UPI
U004-T00234,U004,2026-08-07,COFFEE & CHAT PAYMENT,30.0,expense,Entertainment,COFFEE & CHAT,UPI
U004-T00235,U004,2026-07-28,STATIONERY SHOP PAYMENT,20.0,expense,Shopping,STATIONERY SHOP,UPI
U004-T00236,U004,2026-09-22,CHAI POINT PAYMENT,10.0,expense,Food,CHAI POINT,UPI
U004-T00237,U004,2026-09-25,KIRANA STORE PAYMENT,25.0,expense,Shopping,KIRANA STORE,UPI
U004-T00238,U004,2026-08-18,PARKING FEE PAYMENT,15.0,expense,Other,PARKING FEE,UPI
U004-T00239,U004,2026-09-25,LOCAL PHARMACY STORE PAYMENT,18.0,expense,Healthcare,LOCAL PHARMACY STORE,UPI
U004-T00240,U004,2026-07-13,STREET TIFFIN PAYMENT,50.0,expense,Food,STREET TIFFIN,UPI
U004-T00241,U004,2026-07-23,PARKING FEE PAYMENT,10.0,expense,Other,PARKING FEE,UPI
U004-T00242,U004,2026-09-04,RAPIDO BIKE PAYMENT,42.0,expense,Transport,RAPIDO BIKE,UPI
U004-T00243,U004,2026-07-20,RAPIDO BIKE PAYMENT,42.0,expense,Transport,RAPIDO BIKE,UPI
U004-T00244,U004,2026-08-01,CHAI POINT PAYMENT,15.0,expense,Food,CHAI POINT,UPI
U004-T00245,U004,2026-08-20,SWIGGY QUICK BITE PAYMENT,60.0,expense,Food,SWIGGY QUICK BITE,UPI
U004-T00246,U004,2026-09-22,UBER AUTO PAYMENT,28.0,expense,Transport,UBER AUTO,UPI
U004-T00247,U004,2026-08-29,CAMPUS PHOTOCOPY & NOTES PAYMENT,50.0,expense,Education,CAMPUS PHOTOCOPY & NOTES,UPI
U004-T00248,U004,2026-08-05,RAPIDO BIKE PAYMENT,42.0,expense,Transport,RAPIDO BIKE,UPI
U004-T00249,U004,2026-08-17,CHAI POINT PAYMENT,10.0,expense,Food,CHAI POINT,UPI
U004-T00250,U004,2026-07-11,LOCAL TEA & COFFEE PAYMENT,12.0,expense,Food,LOCAL TEA & COFFEE,UPI
U004-T00251,U004,2026-07-03,NAMMA METRO PAYMENT,35.0,expense,Transport,NAMMA METRO,UPI
U004-T00252,U004,2026-08-05,AUTO RICKSHAW PAYMENT,20.0,expense,Transport,AUTO RICKSHAW,UPI
U004-T00253,U004,2026-09-14,LOCAL TEA & COFFEE PAYMENT,20.0,expense,Food,LOCAL TEA & COFFEE,UPI
U004-T00254,U004,2026-09-21,AUTO RICKSHAW PAYMENT,40.0,expense,Transport,AUTO RICKSHAW,UPI
U004-T00255,U004,2026-09-12,LOCAL TEA & COFFEE PAYMENT,15.0,expense,Food,LOCAL TEA & COFFEE,UPI
U004-T00256,U004,2026-07-09,AUTO RICKSHAW PAYMENT,30.0,expense,Transport,AUTO RICKSHAW,UPI
U004-T00257,U004,2026-08-21,STATIONERY SHOP PAYMENT,12.0,expense,Shopping,STATIONERY SHOP,UPI
U004-T00258,U004,2026-08-20,NAMMA METRO PAYMENT,35.0,expense,Transport,NAMMA METRO,UPI
U004-T00259,U004,2026-07-09,NAMMA METRO PAYMENT,15.0,expense,Transport,NAMMA METRO,UPI
U004-T00260,U004,2026-07-27,QUICK UPI TRANSFER PAYMENT,10.0,expense,Other,QUICK UPI TRANSFER,UPI
U004-T00261,U004,2026-07-24,CAMPUS PHOTOCOPY & NOTES PAYMENT,20.0,expense,Education,CAMPUS PHOTOCOPY & NOTES,UPI
U004-T00262,U004,2026-07-01,NAMMA METRO PAYMENT,25.0,expense,Transport,NAMMA METRO,UPI
U004-T00263,U004,2026-07-16,CHAI POINT PAYMENT,15.0,expense,Food,CHAI POINT,UPI
U004-T00264,U004,2026-09-22,LOCAL TEA & COFFEE PAYMENT,15.0,expense,Food,LOCAL TEA & COFFEE,UPI
U004-T00265,U004,2026-07-05,CHAI POINT PAYMENT,10.0,expense,Food,CHAI POINT,UPI
U004-T00266,U004,2026-09-03,STREET TIFFIN PAYMENT,25.0,expense,Food,STREET TIFFIN,UPI
U004-T00267,U004,2026-08-24,QUICK UPI TRANSFER PAYMENT,10.0,expense,Other,QUICK UPI TRANSFER,UPI
U004-T00268,U004,2026-08-01,STREET TIFFIN PAYMENT,35.0,expense,Food,STREET TIFFIN,UPI
U004-T00269,U004,2026-09-23,NAMMA METRO PAYMENT,20.0,expense,Transport,NAMMA METRO,UPI
U004-T00270,U004,2026-09-12,SWIGGY QUICK BITE PAYMENT,85.0,expense,Food,SWIGGY QUICK BITE,UPI
U004-T00271,U004,2026-09-05,COFFEE & CHAT PAYMENT,45.0,expense,Entertainment,COFFEE & CHAT,UPI
U004-T00272,U004,2026-09-16,NAMMA METRO PAYMENT,20.0,expense,Transport,NAMMA METRO,UPI
U004-T00273,U004,2026-09-27,CHAI POINT PAYMENT,10.0,expense,Food,CHAI POINT,UPI
U004-T00274,U004,2026-07-31,CHAI POINT PAYMENT,15.0,expense,Food,CHAI POINT,UPI
U004-T00275,U004,2026-08-08,LOCAL PHARMACY STORE PAYMENT,28.0,expense,Healthcare,LOCAL PHARMACY STORE,UPI
U004-T00276,U004,2026-07-18,RAPIDO BIKE PAYMENT,22.0,expense,Transport,RAPIDO BIKE,UPI
U004-T00277,U004,2026-09-14,STREET TIFFIN PAYMENT,25.0,expense,Food,STREET TIFFIN,UPI
U004-T00278,U004,2026-09-18,BLINKIT DAILY PAYMENT,60.0,expense,Food,BLINKIT DAILY,UPI
U004-T00279,U004,2026-08-03,ZEPTO QUICK ESSENTIALS PAYMENT,35.0,expense,Food,ZEPTO QUICK ESSENTIALS,UPI
U004-T00280,U004,2026-08-21,BLINKIT DAILY PAYMENT,60.0,expense,Food,BLINKIT DAILY,UPI
U004-T00281,U004,2026-09-25,BLINKIT DAILY PAYMENT,40.0,expense,Food,BLINKIT DAILY,UPI
U004-T00282,U004,2026-09-07,LOCAL TEA & COFFEE PAYMENT,15.0,expense,Food,LOCAL TEA & COFFEE,UPI
U004-T00283,U004,2026-09-20,AUTO RICKSHAW PAYMENT,30.0,expense,Transport,AUTO RICKSHAW,UPI
U004-T00284,U004,2026-09-30,ZEPTO QUICK ESSENTIALS PAYMENT,35.0,expense,Food,ZEPTO QUICK ESSENTIALS,UPI
U004-T00285,U004,2026-08-23,STATIONERY SHOP PAYMENT,30.0,expense,Shopping,STATIONERY SHOP,UPI
U004-T00286,U004,2026-08-25,ZEPTO QUICK ESSENTIALS PAYMENT,35.0,expense,Food,ZEPTO QUICK ESSENTIALS,UPI
U004-T00287,U004,2026-07-10,LOCAL BAKERY PAYMENT,15.0,expense,Food,LOCAL BAKERY,UPI
U004-T00288,U004,2026-09-26,NAMMA METRO PAYMENT,15.0,expense,Transport,NAMMA METRO,UPI
U004-T00289,U004,2026-08-12,RAPIDO BIKE PAYMENT,30.0,expense,Transport,RAPIDO BIKE,UPI
U004-T00290,U004,2026-08-12,KIRANA STORE PAYMENT,25.0,expense,Shopping,KIRANA STORE,UPI
U004-T00291,U004,2026-07-29,LOCAL BAKERY PAYMENT,15.0,expense,Food,LOCAL BAKERY,UPI
U004-T00292,U004,2026-08-18,QUICK UPI TRANSFER PAYMENT,15.0,expense,Other,QUICK UPI TRANSFER,UPI
U004-T00293,U004,2026-08-18,PARKING FEE PAYMENT,10.0,expense,Other,PARKING FEE,UPI
U004-T00294,U004,2026-07-23,NAMMA METRO PAYMENT,25.0,expense,Transport,NAMMA METRO,UPI
U004-T00295,U004,2026-09-14,STATIONERY SHOP PAYMENT,45.0,expense,Shopping,STATIONERY SHOP,UPI
U004-T00296,U004,2026-07-13,NAMMA METRO PAYMENT,25.0,expense,Transport,NAMMA METRO,UPI
U004-T00297,U004,2026-09-09,LOCAL BAKERY PAYMENT,15.0,expense,Food,LOCAL BAKERY,UPI
U004-T00298,U004,2026-07-07,LOCAL TEA & COFFEE PAYMENT,20.0,expense,Food,LOCAL TEA & COFFEE,UPI
U004-T00299,U004,2026-07-24,STREET TIFFIN PAYMENT,50.0,expense,Food,STREET TIFFIN,UPI
U004-T00300,U004,2026-08-31,RAPIDO BIKE PAYMENT,30.0,expense,Transport,RAPIDO BIKE,UPI
U004-T00301,U004,2026-07-02,AUTO RICKSHAW PAYMENT,30.0,expense,Transport,AUTO RICKSHAW,UPI
U004-T00302,U004,2026-09-23,LOCAL TEA & COFFEE PAYMENT,20.0,expense,Food,LOCAL TEA & COFFEE,UPI
U004-T00303,U004,2026-09-11,UBER AUTO PAYMENT,28.0,expense,Transport,UBER AUTO,UPI
U004-T00304,U004,2026-09-20,QUICK UPI TRANSFER PAYMENT,15.0,expense,Other,QUICK UPI TRANSFER,UPI
U004-T00305,U004,2026-09-25,RAPIDO BIKE PAYMENT,42.0,expense,Transport,RAPIDO BIKE,UPI
U004-T00306,U004,2026-07-24,BLINKIT DAILY PAYMENT,60.0,expense,Food,BLINKIT DAILY,UPI
U004-T00307,U004,2026-08-29,SWIGGY QUICK BITE PAYMENT,85.0,expense,Food,SWIGGY QUICK BITE,UPI
U004-T00308,U004,2026-08-24,NAMMA METRO PAYMENT,20.0,expense,Transport,NAMMA METRO,UPI
U004-T00309,U004,2026-08-09,RAPIDO BIKE PAYMENT,15.0,expense,Transport,RAPIDO BIKE,UPI
U004-T00310,U004,2026-08-09,ZEPTO QUICK ESSENTIALS PAYMENT,50.0,expense,Food,ZEPTO QUICK ESSENTIALS,UPI
U004-T00311,U004,2026-07-12,RAPIDO BIKE PAYMENT,15.0,expense,Transport,RAPIDO BIKE,UPI
U004-T00312,U004,2026-07-31,PARKING FEE PAYMENT,10.0,expense,Other,PARKING FEE,UPI
U004-T00313,U004,2026-09-12,CHAI POINT PAYMENT,20.0,expense,Food,CHAI POINT,UPI
U004-T00314,U004,2026-09-09,PARKING FEE PAYMENT,10.0,expense,Other,PARKING FEE,UPI
U004-T00315,U004,2026-08-24,AUTO RICKSHAW PAYMENT,30.0,expense,Transport,AUTO RICKSHAW,UPI
U004-T00316,U004,2026-08-31,SWIGGY QUICK BITE PAYMENT,40.0,expense,Food,SWIGGY QUICK BITE,UPI
U004-T00317,U004,2026-08-21,CHAI POINT PAYMENT,15.0,expense,Food,CHAI POINT,UPI
U004-T00318,U004,2026-07-01,AUTO RICKSHAW PAYMENT,40.0,expense,Transport,AUTO RICKSHAW,UPI
U004-T00319,U004,2026-08-01,COMMUNITY CHARITY UPI PAYMENT,51.0,expense,Other,COMMUNITY CHARITY UPI,UPI
U004-T00320,U004,2026-09-06,AUTO RICKSHAW PAYMENT,20.0,expense,Transport,AUTO RICKSHAW,UPI
U004-T00321,U004,2026-09-16,BLINKIT DAILY PAYMENT,40.0,expense,Food,BLINKIT DAILY,UPI
U004-T00322,U004,2026-09-25,PARKING FEE PAYMENT,20.0,expense,Other,PARKING FEE,UPI
U004-T00323,U004,2026-07-29,LOCAL TEA & COFFEE PAYMENT,15.0,expense,Food,LOCAL TEA & COFFEE,UPI
U004-T00324,U004,2026-07-18,SWIGGY QUICK BITE PAYMENT,40.0,expense,Food,SWIGGY QUICK BITE,UPI
U004-T00325,U004,2026-08-24,SWIGGY QUICK BITE PAYMENT,60.0,expense,Food,SWIGGY QUICK BITE,UPI
U004-T00326,U004,2026-08-17,QUICK UPI TRANSFER PAYMENT,20.0,expense,Other,QUICK UPI TRANSFER,UPI
U004-T00327,U004,2026-09-25,LOCAL BAKERY PAYMENT,15.0,expense,Food,LOCAL BAKERY,UPI
U004-T00328,U004,2026-08-07,STREET TIFFIN PAYMENT,35.0,expense,Food,STREET TIFFIN,UPI
U004-T00329,U004,2026-08-03,LOCAL BAKERY PAYMENT,35.0,expense,Food,LOCAL BAKERY,UPI
U004-T00330,U004,2026-07-28,COFFEE & CHAT PAYMENT,20.0,expense,Entertainment,COFFEE & CHAT,UPI
U004-T00331,U004,2026-08-29,MOBILE TOP-UP PAYMENT,29.0,expense,Bills,MOBILE TOP-UP,UPI
U004-T00332,U004,2026-07-08,STREET TIFFIN PAYMENT,50.0,expense,Food,STREET TIFFIN,UPI
U004-T00333,U004,2026-08-12,STREET TIFFIN PAYMENT,20.0,expense,Food,STREET TIFFIN,UPI
U004-T00334,U004,2026-07-01,STREET TIFFIN PAYMENT,25.0,expense,Food,STREET TIFFIN,UPI
U004-T00335,U004,2026-08-21,STREET TIFFIN PAYMENT,20.0,expense,Food,STREET TIFFIN,UPI
U004-T00336,U004,2026-08-25,SWIGGY QUICK BITE PAYMENT,40.0,expense,Food,SWIGGY QUICK BITE,UPI
U004-T00337,U004,2026-09-06,NAMMA METRO PAYMENT,20.0,expense,Transport,NAMMA METRO,UPI
U004-T00338,U004,2026-08-22,LOCAL TEA & COFFEE PAYMENT,20.0,expense,Food,LOCAL TEA & COFFEE,UPI
U004-T00339,U004,2026-07-01,LOCAL TEA & COFFEE PAYMENT,15.0,expense,Food,LOCAL TEA & COFFEE,UPI
U004-T00340,U004,2026-07-29,BLINKIT DAILY PAYMENT,60.0,expense,Food,BLINKIT DAILY,UPI
U004-T00341,U004,2026-08-08,ZEPTO QUICK ESSENTIALS PAYMENT,35.0,expense,Food,ZEPTO QUICK ESSENTIALS,UPI
U004-T00342,U004,2026-09-07,STATIONERY SHOP PAYMENT,12.0,expense,Shopping,STATIONERY SHOP,UPI
U004-T00343,U004,2026-08-26,RAPIDO BIKE PAYMENT,42.0,expense,Transport,RAPIDO BIKE,UPI
U004-T00344,U004,2026-07-21,LOCAL TEA & COFFEE PAYMENT,20.0,expense,Food,LOCAL TEA & COFFEE,UPI
U004-T00345,U004,2026-07-01,STREET TIFFIN PAYMENT,25.0,expense,Food,STREET TIFFIN,UPI
U004-T00346,U004,2026-07-15,LOCAL TEA & COFFEE PAYMENT,10.0,expense,Food,LOCAL TEA & COFFEE,UPI
U004-T00347,U004,2026-07-18,ZEPTO QUICK ESSENTIALS PAYMENT,50.0,expense,Food,ZEPTO QUICK ESSENTIALS,UPI
U004-T00348,U004,2026-07-05,LOCAL TEA & COFFEE PAYMENT,12.0,expense,Food,LOCAL TEA & COFFEE,UPI
U004-T00349,U004,2026-08-31,QUICK UPI TRANSFER PAYMENT,20.0,expense,Other,QUICK UPI TRANSFER,UPI
U004-T00350,U004,2026-07-16,BLINKIT DAILY PAYMENT,80.0,expense,Food,BLINKIT DAILY,UPI
U004-T00351,U004,2026-09-26,AUTO RICKSHAW PAYMENT,40.0,expense,Transport,AUTO RICKSHAW,UPI
U004-T00352,U004,2026-08-21,SWIGGY QUICK BITE PAYMENT,110.0,expense,Food,SWIGGY QUICK BITE,UPI
U004-T00353,U004,2026-07-17,CHAI POINT PAYMENT,10.0,expense,Food,CHAI POINT,UPI
U004-T00354,U004,2026-07-03,LOCAL TEA & COFFEE PAYMENT,15.0,expense,Food,LOCAL TEA & COFFEE,UPI
U004-T00355,U004,2026-09-03,CHAI POINT PAYMENT,15.0,expense,Food,CHAI POINT,UPI
U004-T00356,U004,2026-07-07,AUTO RICKSHAW PAYMENT,40.0,expense,Transport,AUTO RICKSHAW,UPI
U004-T00357,U004,2026-08-24,QUICK UPI TRANSFER PAYMENT,10.0,expense,Other,QUICK UPI TRANSFER,UPI
U004-T00358,U004,2026-08-25,SWIGGY QUICK BITE PAYMENT,85.0,expense,Food,SWIGGY QUICK BITE,UPI
U004-T00359,U004,2026-09-01,CHAI POINT PAYMENT,30.0,expense,Food,CHAI POINT,UPI
U004-T00360,U004,2026-08-01,RAPIDO BIKE PAYMENT,22.0,expense,Transport,RAPIDO BIKE,UPI
U004-T00361,U004,2026-08-01,LOCAL BAKERY PAYMENT,15.0,expense,Food,LOCAL BAKERY,UPI
U004-T00362,U004,2026-08-03,COMMUNITY CHARITY UPI PAYMENT,11.0,expense,Other,COMMUNITY CHARITY UPI,UPI
U004-T00363,U004,2026-09-24,STATIONERY SHOP PAYMENT,20.0,expense,Shopping,STATIONERY SHOP,UPI
U004-T00364,U004,2026-08-30,AUTO RICKSHAW PAYMENT,20.0,expense,Transport,AUTO RICKSHAW,UPI
U004-T00365,U004,2026-09-28,UBER AUTO PAYMENT,42.0,expense,Transport,UBER AUTO,UPI
U004-T00366,U004,2026-07-25,COMMUNITY CHARITY UPI PAYMENT,51.0,expense,Other,COMMUNITY CHARITY UPI,UPI
U004-T00367,U004,2026-09-19,RAPIDO BIKE PAYMENT,22.0,expense,Transport,RAPIDO BIKE,UPI
U004-T00368,U004,2026-07-16,LOCAL TEA & COFFEE PAYMENT,10.0,expense,Food,LOCAL TEA & COFFEE,UPI
U004-T00369,U004,2026-08-05,COMMUNITY CHARITY UPI PAYMENT,11.0,expense,Other,COMMUNITY CHARITY UPI,UPI
U004-T00370,U004,2026-08-24,CHAI POINT PAYMENT,15.0,expense,Food,CHAI POINT,UPI
U004-T00371,U004,2026-07-12,CAMPUS PHOTOCOPY & NOTES PAYMENT,50.0,expense,Education,CAMPUS PHOTOCOPY & NOTES,UPI
U004-T00372,U004,2026-08-22,NAMMA METRO PAYMENT,20.0,expense,Transport,NAMMA METRO,UPI
U004-T00373,U004,2026-07-29,STREET TIFFIN PAYMENT,50.0,expense,Food,STREET TIFFIN,UPI
U004-T00374,U004,2026-07-08,SWIGGY QUICK BITE PAYMENT,40.0,expense,Food,SWIGGY QUICK BITE,UPI
U004-T00375,U004,2026-08-08,CHAI POINT PAYMENT,20.0,expense,Food,CHAI POINT,UPI
U004-T00376,U004,2026-08-05,PARKING FEE PAYMENT,20.0,expense,Other,PARKING FEE,UPI
U004-T00377,U004,2026-08-23,LOCAL BAKERY PAYMENT,15.0,expense,Food,LOCAL BAKERY,UPI
U004-T00378,U004,2026-07-24,CHAI POINT PAYMENT,10.0,expense,Food,CHAI POINT,UPI
U004-T00379,U004,2026-09-23,UBER AUTO PAYMENT,42.0,expense,Transport,UBER AUTO,UPI
U004-T00380,U004,2026-08-06,BLINKIT DAILY PAYMENT,30.0,expense,Food,BLINKIT DAILY,UPI
U004-T00381,U004,2026-08-25,LOCAL TEA & COFFEE PAYMENT,20.0,expense,Food,LOCAL TEA & COFFEE,UPI
U004-T00382,U004,2026-08-16,STREET TIFFIN PAYMENT,20.0,expense,Food,STREET TIFFIN,UPI
U004-T00383,U004,2026-07-13,AUTO RICKSHAW PAYMENT,30.0,expense,Transport,AUTO RICKSHAW,UPI
U004-T00384,U004,2026-08-12,STREET TIFFIN PAYMENT,35.0,expense,Food,STREET TIFFIN,UPI
U004-T00385,U004,2026-09-14,NAMMA METRO PAYMENT,25.0,expense,Transport,NAMMA METRO,UPI
U004-T00386,U004,2026-07-31,RAPIDO BIKE PAYMENT,22.0,expense,Transport,RAPIDO BIKE,UPI
U004-T00387,U004,2026-09-13,ZEPTO QUICK ESSENTIALS PAYMENT,25.0,expense,Food,ZEPTO QUICK ESSENTIALS,UPI
U004-T00388,U004,2026-07-17,RAPIDO BIKE PAYMENT,15.0,expense,Transport,RAPIDO BIKE,UPI
U004-T00389,U004,2026-07-06,NAMMA METRO PAYMENT,20.0,expense,Transport,NAMMA METRO,UPI
U004-T00390,U004,2026-07-25,AUTO RICKSHAW PAYMENT,20.0,expense,Transport,AUTO RICKSHAW,UPI
U004-T00391,U004,2026-07-10,PARKING FEE PAYMENT,20.0,expense,Other,PARKING FEE,UPI
U004-T00392,U004,2026-08-13,STREET TIFFIN PAYMENT,50.0,expense,Food,STREET TIFFIN,UPI
U004-T00393,U004,2026-07-26,NAMMA METRO PAYMENT,20.0,expense,Transport,NAMMA METRO,UPI
U004-T00394,U004,2026-07-06,LOCAL TEA & COFFEE PAYMENT,20.0,expense,Food,LOCAL TEA & COFFEE,UPI
U004-T00395,U004,2026-09-09,AUTO RICKSHAW PAYMENT,40.0,expense,Transport,AUTO RICKSHAW,UPI
U004-T00396,U004,2026-08-16,BLINKIT DAILY PAYMENT,30.0,expense,Food,BLINKIT DAILY,UPI
U004-T00397,U004,2026-08-25,CHAI POINT PAYMENT,30.0,expense,Food,CHAI POINT,UPI
U004-T00398,U004,2026-09-06,PARKING FEE PAYMENT,20.0,expense,Other,PARKING FEE,UPI
U004-T00399,U004,2026-07-03,LOCAL TEA & COFFEE PAYMENT,15.0,expense,Food,LOCAL TEA & COFFEE,UPI
U004-T00400,U004,2026-09-28,QUICK UPI TRANSFER PAYMENT,20.0,expense,Other,QUICK UPI TRANSFER,UPI
U004-T00401,U004,2026-07-06,QUICK UPI TRANSFER PAYMENT,10.0,expense,Other,QUICK UPI TRANSFER,UPI
U004-T00402,U004,2026-09-27,LOCAL TEA & COFFEE PAYMENT,20.0,expense,Food,LOCAL TEA & COFFEE,UPI
U004-T00403,U004,2026-09-02,AUTO RICKSHAW PAYMENT,20.0,expense,Transport,AUTO RICKSHAW,UPI
U004-T00404,U004,2026-07-22,BLINKIT DAILY PAYMENT,80.0,expense,Food,BLINKIT DAILY,UPI
U004-T00405,U004,2026-09-10,KIRANA STORE PAYMENT,55.0,expense,Shopping,KIRANA STORE,UPI
U004-T00406,U004,2026-09-16,LOCAL BAKERY PAYMENT,20.0,expense,Food,LOCAL BAKERY,UPI
U004-T00407,U004,2026-07-01,LOCAL TEA & COFFEE PAYMENT,12.0,expense,Food,LOCAL TEA & COFFEE,UPI
U004-T00408,U004,2026-09-14,AUTO RICKSHAW PAYMENT,55.0,expense,Transport,AUTO RICKSHAW,UPI
U004-T00409,U004,2026-09-03,AUTO RICKSHAW PAYMENT,40.0,expense,Transport,AUTO RICKSHAW,UPI
U004-T00410,U004,2026-08-08,LOCAL PHARMACY STORE PAYMENT,45.0,expense,Healthcare,LOCAL PHARMACY STORE,UPI
U004-T00411,U004,2026-09-29,LOCAL BAKERY PAYMENT,15.0,expense,Food,LOCAL BAKERY,UPI
U004-T00412,U004,2026-07-22,LOCAL BAKERY PAYMENT,20.0,expense,Food,LOCAL BAKERY,UPI
U004-T00413,U004,2026-08-07,CHAI POINT PAYMENT,15.0,expense,Food,CHAI POINT,UPI
U004-T00414,U004,2026-08-05,PARKING FEE PAYMENT,15.0,expense,Other,PARKING FEE,UPI
U004-T00415,U004,2026-07-07,RAPIDO BIKE PAYMENT,22.0,expense,Transport,RAPIDO BIKE,UPI
U004-T00416,U004,2026-07-27,NAMMA METRO PAYMENT,15.0,expense,Transport,NAMMA METRO,UPI
U004-T00417,U004,2026-09-22,STREET TIFFIN PAYMENT,35.0,expense,Food,STREET TIFFIN,UPI
U004-T00418,U004,2026-08-11,CHAI POINT PAYMENT,20.0,expense,Food,CHAI POINT,UPI
U004-T00419,U004,2026-07-18,ZEPTO QUICK ESSENTIALS PAYMENT,50.0,expense,Food,ZEPTO QUICK ESSENTIALS,UPI
U004-T00420,U004,2026-08-11,COMMUNITY CHARITY UPI PAYMENT,51.0,expense,Other,COMMUNITY CHARITY UPI,UPI
U004-T00421,U004,2026-07-02,STATIONERY SHOP PAYMENT,20.0,expense,Shopping,STATIONERY SHOP,UPI
U004-T00422,U004,2026-08-05,LOCAL TEA & COFFEE PAYMENT,10.0,expense,Food,LOCAL TEA & COFFEE,UPI
U004-T00423,U004,2026-09-07,RAPIDO BIKE PAYMENT,15.0,expense,Transport,RAPIDO BIKE,UPI
U004-T00424,U004,2026-09-27,ZEPTO QUICK ESSENTIALS PAYMENT,50.0,expense,Food,ZEPTO QUICK ESSENTIALS,UPI
U004-T00425,U004,2026-09-19,RAPIDO BIKE PAYMENT,22.0,expense,Transport,RAPIDO BIKE,UPI
U004-T00426,U004,2026-08-26,LOCAL BAKERY PAYMENT,25.0,expense,Food,LOCAL BAKERY,UPI
U004-T00427,U004,2026-07-27,NAMMA METRO PAYMENT,35.0,expense,Transport,NAMMA METRO,UPI
U004-T00428,U004,2026-07-20,BLINKIT DAILY PAYMENT,80.0,expense,Food,BLINKIT DAILY,UPI
U004-T00429,U004,2026-08-17,LOCAL TEA & COFFEE PAYMENT,20.0,expense,Food,LOCAL TEA & COFFEE,UPI
U004-T00430,U004,2026-07-12,SWIGGY QUICK BITE PAYMENT,110.0,expense,Food,SWIGGY QUICK BITE,UPI
U004-T00431,U004,2026-07-24,STATIONERY SHOP PAYMENT,20.0,expense,Shopping,STATIONERY SHOP,UPI
U004-T00432,U004,2026-07-25,NAMMA METRO PAYMENT,20.0,expense,Transport,NAMMA METRO,UPI
U004-T00433,U004,2026-09-21,LOCAL BAKERY PAYMENT,25.0,expense,Food,LOCAL BAKERY,UPI
U004-T00434,U004,2026-07-21,MOBILE TOP-UP PAYMENT,29.0,expense,Bills,MOBILE TOP-UP,UPI
U004-T00435,U004,2026-09-26,RAPIDO BIKE PAYMENT,15.0,expense,Transport,RAPIDO BIKE,UPI
U004-T00436,U004,2026-07-19,CHAI POINT PAYMENT,15.0,expense,Food,CHAI POINT,UPI
U004-T00437,U004,2026-08-28,COFFEE & CHAT PAYMENT,65.0,expense,Entertainment,COFFEE & CHAT,UPI
U004-T00438,U004,2026-07-13,UBER AUTO PAYMENT,42.0,expense,Transport,UBER AUTO,UPI
U004-T00439,U004,2026-07-02,RAPIDO BIKE PAYMENT,42.0,expense,Transport,RAPIDO BIKE,UPI
U004-T00440,U004,2026-08-19,CHAI POINT PAYMENT,10.0,expense,Food,CHAI POINT,UPI
U004-T00441,U004,2026-09-21,PARKING FEE PAYMENT,10.0,expense,Other,PARKING FEE,UPI
U004-T00442,U004,2026-08-01,KIRANA STORE PAYMENT,35.0,expense,Shopping,KIRANA STORE,UPI
U004-T00443,U004,2026-07-19,PARKING FEE PAYMENT,20.0,expense,Other,PARKING FEE,UPI
U004-T00444,U004,2026-07-02,KIRANA STORE PAYMENT,15.0,expense,Shopping,KIRANA STORE,UPI
U004-T00445,U004,2026-07-14,NAMMA METRO PAYMENT,25.0,expense,Transport,NAMMA METRO,UPI
U004-T00446,U004,2026-09-29,CHAI POINT PAYMENT,15.0,expense,Food,CHAI POINT,UPI
U004-T00447,U004,2026-08-31,UBER AUTO PAYMENT,75.0,expense,Transport,UBER AUTO,UPI
U004-T00448,U004,2026-07-21,STREET TIFFIN PAYMENT,50.0,expense,Food,STREET TIFFIN,UPI
U004-T00449,U004,2026-07-20,LOCAL BAKERY PAYMENT,25.0,expense,Food,LOCAL BAKERY,UPI
U004-T00450,U004,2026-09-19,NAMMA METRO PAYMENT,15.0,expense,Transport,NAMMA METRO,UPI
U004-T00451,U004,2026-07-06,CHAI POINT PAYMENT,20.0,expense,Food,CHAI POINT,UPI
U004-T00452,U004,2026-07-14,SWIGGY QUICK BITE PAYMENT,110.0,expense,Food,SWIGGY QUICK BITE,UPI
U004-T00453,U004,2026-07-19,CHAI POINT PAYMENT,15.0,expense,Food,CHAI POINT,UPI
U004-T00454,U004,2026-07-04,LOCAL BAKERY PAYMENT,35.0,expense,Food,LOCAL BAKERY,UPI
U004-T00455,U004,2026-07-19,STREET TIFFIN PAYMENT,35.0,expense,Food,STREET TIFFIN,UPI
U004-T00456,U004,2026-07-29,COFFEE & CHAT PAYMENT,65.0,expense,Entertainment,COFFEE & CHAT,UPI
U004-T00457,U004,2026-09-26,MOBILE TOP-UP PAYMENT,19.0,expense,Bills,MOBILE TOP-UP,UPI
U004-T00458,U004,2026-09-01,LOCAL TEA & COFFEE PAYMENT,10.0,expense,Food,LOCAL TEA & COFFEE,UPI
U004-T00459,U004,2026-07-29,CHAI POINT PAYMENT,20.0,expense,Food,CHAI POINT,UPI
U004-T00460,U004,2026-08-15,CHAI POINT PAYMENT,20.0,expense,Food,CHAI POINT,UPI
U004-T00461,U004,2026-07-16,STREET TIFFIN PAYMENT,20.0,expense,Food,STREET TIFFIN,UPI
U004-T00462,U004,2026-07-06,RAPIDO BIKE PAYMENT,22.0,expense,Transport,RAPIDO BIKE,UPI
U004-T00463,U004,2026-08-24,NAMMA METRO PAYMENT,20.0,expense,Transport,NAMMA METRO,UPI
U004-T00464,U004,2026-09-25,BLINKIT DAILY PAYMENT,60.0,expense,Food,BLINKIT DAILY,UPI
U004-T00465,U004,2026-09-18,STATIONERY SHOP PAYMENT,30.0,expense,Shopping,STATIONERY SHOP,UPI
U004-T00466,U004,2026-07-14,LOCAL BAKERY PAYMENT,35.0,expense,Food,LOCAL BAKERY,UPI
U004-T00467,U004,2026-09-23,ZEPTO QUICK ESSENTIALS PAYMENT,50.0,expense,Food,ZEPTO QUICK ESSENTIALS,UPI
U004-T00468,U004,2026-09-30,KIRANA STORE PAYMENT,15.0,expense,Shopping,KIRANA STORE,UPI
U004-T00469,U004,2026-07-20,KIRANA STORE PAYMENT,25.0,expense,Shopping,KIRANA STORE,UPI
U004-T00470,U004,2026-08-10,LOCAL TEA & COFFEE PAYMENT,20.0,expense,Food,LOCAL TEA & COFFEE,UPI
U004-T00471,U004,2026-08-31,STATIONERY SHOP PAYMENT,12.0,expense,Shopping,STATIONERY SHOP,UPI
U004-T00472,U004,2026-09-12,BLINKIT DAILY PAYMENT,60.0,expense,Food,BLINKIT DAILY,UPI
U004-T00473,U004,2026-07-19,CHAI POINT PAYMENT,15.0,expense,Food,CHAI POINT,UPI
U004-T00474,U004,2026-07-24,KIRANA STORE PAYMENT,35.0,expense,Shopping,KIRANA STORE,UPI
U004-T00475,U004,2026-08-10,SWIGGY QUICK BITE PAYMENT,110.0,expense,Food,SWIGGY QUICK BITE,UPI
U004-T00476,U004,2026-09-27,QUICK UPI TRANSFER PAYMENT,20.0,expense,Other,QUICK UPI TRANSFER,UPI
U004-T00477,U004,2026-07-18,STATIONERY SHOP PAYMENT,20.0,expense,Shopping,STATIONERY SHOP,UPI
U004-T00478,U004,2026-08-19,ZEPTO QUICK ESSENTIALS PAYMENT,75.0,expense,Food,ZEPTO QUICK ESSENTIALS,UPI
U004-T00479,U004,2026-09-07,NAMMA METRO PAYMENT,20.0,expense,Transport,NAMMA METRO,UPI
U004-T00480,U004,2026-08-19,CHAI POINT PAYMENT,30.0,expense,Food,CHAI POINT,UPI
U004-T00481,U004,2026-09-06,NAMMA METRO PAYMENT,20.0,expense,Transport,NAMMA METRO,UPI
U004-T00482,U004,2026-09-28,CHAI POINT PAYMENT,20.0,expense,Food,CHAI POINT,UPI
U004-T00483,U004,2026-07-01,LOCAL TEA & COFFEE PAYMENT,10.0,expense,Food,LOCAL TEA & COFFEE,UPI
U004-T00484,U004,2026-08-16,NAMMA METRO PAYMENT,20.0,expense,Transport,NAMMA METRO,UPI
U004-T00485,U004,2026-07-15,CHAI POINT PAYMENT,20.0,expense,Food,CHAI POINT,UPI
U004-T00486,U004,2026-08-16,LOCAL PHARMACY STORE PAYMENT,28.0,expense,Healthcare,LOCAL PHARMACY STORE,UPI
U004-T00487,U004,2026-08-07,BLINKIT DAILY PAYMENT,80.0,expense,Food,BLINKIT DAILY,UPI
U004-T00488,U004,2026-08-01,LOCAL BAKERY PAYMENT,20.0,expense,Food,LOCAL BAKERY,UPI
U004-T00489,U004,2026-07-08,UBER AUTO PAYMENT,28.0,expense,Transport,UBER AUTO,UPI
U004-T00490,U004,2026-09-28,AUTO RICKSHAW PAYMENT,55.0,expense,Transport,AUTO RICKSHAW,UPI
U004-T00491,U004,2026-07-04,AUTO RICKSHAW PAYMENT,55.0,expense,Transport,AUTO RICKSHAW,UPI
U004-T00492,U004,2026-08-17,CHAI POINT PAYMENT,10.0,expense,Food,CHAI POINT,UPI
U004-T00493,U004,2026-09-23,NAMMA METRO PAYMENT,35.0,expense,Transport,NAMMA METRO,UPI
U004-T00494,U004,2026-09-15,CAMPUS PHOTOCOPY & NOTES PAYMENT,10.0,expense,Education,CAMPUS PHOTOCOPY & NOTES,UPI
U004-T00495,U004,2026-07-19,ZEPTO QUICK ESSENTIALS PAYMENT,25.0,expense,Food,ZEPTO QUICK ESSENTIALS,UPI
U004-T00496,U004,2026-08-01,CHAI POINT PAYMENT,30.0,expense,Food,CHAI POINT,UPI
U004-T00497,U004,2026-07-20,KIRANA STORE PAYMENT,55.0,expense,Shopping,KIRANA STORE,UPI
U004-T00498,U004,2026-07-18,UBER AUTO PAYMENT,60.0,expense,Transport,UBER AUTO,UPI
U004-T00499,U004,2026-08-30,ZEPTO QUICK ESSENTIALS PAYMENT,50.0,expense,Food,ZEPTO QUICK ESSENTIALS,UPI
U004-T00500,U004,2026-08-26,KIRANA STORE PAYMENT,15.0,expense,Shopping,KIRANA STORE,UPI
U004-T00501,U004,2026-08-06,CHAI POINT PAYMENT,10.0,expense,Food,CHAI POINT,UPI
U004-T00502,U004,2026-09-21,CHAI POINT PAYMENT,15.0,expense,Food,CHAI POINT,UPI
U004-T00503,U004,2026-09-03,LOCAL TEA & COFFEE PAYMENT,20.0,expense,Food,LOCAL TEA & COFFEE,UPI
U004-T00504,U004,2026-08-24,AUTO RICKSHAW PAYMENT,55.0,expense,Transport,AUTO RICKSHAW,UPI
U004-T00505,U004,2026-09-09,AUTO RICKSHAW PAYMENT,40.0,expense,Transport,AUTO RICKSHAW,UPI
U004-T00506,U004,2026-09-12,SWIGGY QUICK BITE PAYMENT,60.0,expense,Food,SWIGGY QUICK BITE,UPI
U004-T00507,U004,2026-08-24,PARKING FEE PAYMENT,15.0,expense,Other,PARKING FEE,UPI
U004-T00508,U004,2026-07-12,NAMMA METRO PAYMENT,20.0,expense,Transport,NAMMA METRO,UPI
U004-T00509,U004,2026-07-28,ZEPTO QUICK ESSENTIALS PAYMENT,25.0,expense,Food,ZEPTO QUICK ESSENTIALS,UPI
U004-T00510,U004,2026-07-29,ZEPTO QUICK ESSENTIALS PAYMENT,25.0,expense,Food,ZEPTO QUICK ESSENTIALS,UPI
U004-T00511,U004,2026-09-27,BLINKIT DAILY PAYMENT,60.0,expense,Food,BLINKIT DAILY,UPI
U004-T00512,U004,2026-09-22,RAPIDO BIKE PAYMENT,42.0,expense,Transport,RAPIDO BIKE,UPI
U004-T00513,U004,2026-07-22,CHAI POINT PAYMENT,20.0,expense,Food,CHAI POINT,UPI
U004-T00514,U004,2026-09-21,BLINKIT DAILY PAYMENT,60.0,expense,Food,BLINKIT DAILY,UPI
U004-T00515,U004,2026-07-14,CHAI POINT PAYMENT,20.0,expense,Food,CHAI POINT,UPI
U004-T00516,U004,2026-09-16,KIRANA STORE PAYMENT,35.0,expense,Shopping,KIRANA STORE,UPI
U004-T00517,U004,2026-07-04,LOCAL BAKERY PAYMENT,20.0,expense,Food,LOCAL BAKERY,UPI
U004-T00518,U004,2026-09-08,CHAI POINT PAYMENT,15.0,expense,Food,CHAI POINT,UPI
U004-T00519,U004,2026-09-15,CHAI POINT PAYMENT,20.0,expense,Food,CHAI POINT,UPI
U004-T00520,U004,2026-07-25,NAMMA METRO PAYMENT,15.0,expense,Transport,NAMMA METRO,UPI
U004-T00521,U004,2026-07-31,LOCAL BAKERY PAYMENT,15.0,expense,Food,LOCAL BAKERY,UPI
U004-T00522,U004,2026-09-11,COMMUNITY CHARITY UPI PAYMENT,21.0,expense,Other,COMMUNITY CHARITY UPI,UPI
U004-T00523,U004,2026-07-06,CHAI POINT PAYMENT,10.0,expense,Food,CHAI POINT,UPI
U004-T00524,U004,2026-08-09,CHAI POINT PAYMENT,20.0,expense,Food,CHAI POINT,UPI
U004-T00525,U004,2026-08-06,QUICK UPI TRANSFER PAYMENT,15.0,expense,Other,QUICK UPI TRANSFER,UPI
U004-T00526,U004,2026-08-10,UBER AUTO PAYMENT,60.0,expense,Transport,UBER AUTO,UPI
U004-T00527,U004,2026-07-17,AUTO RICKSHAW PAYMENT,20.0,expense,Transport,AUTO RICKSHAW,UPI
U004-T00528,U004,2026-08-12,ZEPTO QUICK ESSENTIALS PAYMENT,25.0,expense,Food,ZEPTO QUICK ESSENTIALS,UPI
U004-T00529,U004,2026-09-03,STATIONERY SHOP PAYMENT,20.0,expense,Shopping,STATIONERY SHOP,UPI
U004-T00530,U004,2026-07-04,NAMMA METRO PAYMENT,35.0,expense,Transport,NAMMA METRO,UPI
U004-T00531,U004,2026-08-31,NAMMA METRO PAYMENT,15.0,expense,Transport,NAMMA METRO,UPI
U004-T00532,U004,2026-08-07,LOCAL TEA & COFFEE PAYMENT,20.0,expense,Food,LOCAL TEA & COFFEE,UPI
U004-T00533,U004,2026-07-11,MOBILE TOP-UP PAYMENT,19.0,expense,Bills,MOBILE TOP-UP,UPI
U004-T00534,U004,2026-09-30,LOCAL BAKERY PAYMENT,20.0,expense,Food,LOCAL BAKERY,UPI
U004-T00535,U004,2026-09-26,RAPIDO BIKE PAYMENT,22.0,expense,Transport,RAPIDO BIKE,UPI
U004-T00536,U004,2026-09-03,NAMMA METRO PAYMENT,25.0,expense,Transport,NAMMA METRO,UPI
U004-T00537,U004,2026-08-27,KIRANA STORE PAYMENT,35.0,expense,Shopping,KIRANA STORE,UPI
U004-T00538,U004,2026-08-07,STREET TIFFIN PAYMENT,50.0,expense,Food,STREET TIFFIN,UPI
U004-T00539,U004,2026-07-06,MOBILE TOP-UP PAYMENT,49.0,expense,Bills,MOBILE TOP-UP,UPI
U004-T00540,U004,2026-08-19,LOCAL BAKERY PAYMENT,15.0,expense,Food,LOCAL BAKERY,UPI
U004-T00541,U004,2026-07-20,NAMMA METRO PAYMENT,35.0,expense,Transport,NAMMA METRO,UPI
U004-T00542,U004,2026-07-13,STATIONERY SHOP PAYMENT,20.0,expense,Shopping,STATIONERY SHOP,UPI
U004-T00543,U004,2026-08-09,NAMMA METRO PAYMENT,15.0,expense,Transport,NAMMA METRO,UPI
U004-T00544,U004,2026-09-02,CHAI POINT PAYMENT,20.0,expense,Food,CHAI POINT,UPI
U004-T00545,U004,2026-07-22,PARKING FEE PAYMENT,10.0,expense,Other,PARKING FEE,UPI
U004-T00546,U004,2026-07-09,LOCAL BAKERY PAYMENT,25.0,expense,Food,LOCAL BAKERY,UPI
U004-T00547,U004,2026-08-15,CHAI POINT PAYMENT,15.0,expense,Food,CHAI POINT,UPI
U004-T00548,U004,2026-09-29,KIRANA STORE PAYMENT,35.0,expense,Shopping,KIRANA STORE,UPI
U004-T00549,U004,2026-08-30,QUICK UPI TRANSFER PAYMENT,30.0,expense,Other,QUICK UPI TRANSFER,UPI
U004-T00550,U004,2026-09-22,PARKING FEE PAYMENT,10.0,expense,Other,PARKING FEE,UPI
U004-T00551,U004,2026-09-11,SWIGGY QUICK BITE PAYMENT,85.0,expense,Food,SWIGGY QUICK BITE,UPI
U004-T00552,U004,2026-08-06,ZEPTO QUICK ESSENTIALS PAYMENT,35.0,expense,Food,ZEPTO QUICK ESSENTIALS,UPI
U004-T00553,U004,2026-08-26,ZEPTO QUICK ESSENTIALS PAYMENT,50.0,expense,Food,ZEPTO QUICK ESSENTIALS,UPI
U004-T00554,U004,2026-08-17,CHAI POINT PAYMENT,30.0,expense,Food,CHAI POINT,UPI
U004-T00555,U004,2026-09-03,BLINKIT DAILY PAYMENT,30.0,expense,Food,BLINKIT DAILY,UPI
U004-T00556,U004,2026-09-18,QUICK UPI TRANSFER PAYMENT,10.0,expense,Other,QUICK UPI TRANSFER,UPI
U004-T00557,U004,2026-08-01,AUTO RICKSHAW PAYMENT,20.0,expense,Transport,AUTO RICKSHAW,UPI
U004-T00558,U004,2026-07-20,LOCAL PHARMACY STORE PAYMENT,45.0,expense,Healthcare,LOCAL PHARMACY STORE,UPI
U004-T00559,U004,2026-08-18,LOCAL TEA & COFFEE PAYMENT,20.0,expense,Food,LOCAL TEA & COFFEE,UPI
U004-T00560,U004,2026-07-10,LOCAL BAKERY PAYMENT,35.0,expense,Food,LOCAL BAKERY,UPI
U004-T00561,U004,2026-09-24,CHAI POINT PAYMENT,30.0,expense,Food,CHAI POINT,UPI
U004-T00562,U004,2026-08-29,RAPIDO BIKE PAYMENT,42.0,expense,Transport,RAPIDO BIKE,UPI
U004-T00563,U004,2026-07-14,CHAI POINT PAYMENT,10.0,expense,Food,CHAI POINT,UPI
U004-T00564,U004,2026-08-20,KIRANA STORE PAYMENT,25.0,expense,Shopping,KIRANA STORE,UPI
U004-T00565,U004,2026-08-21,STREET TIFFIN PAYMENT,35.0,expense,Food,STREET TIFFIN,UPI
U004-T00566,U004,2026-08-13,COMMUNITY CHARITY UPI PAYMENT,21.0,expense,Other,COMMUNITY CHARITY UPI,UPI
U004-T00567,U004,2026-07-28,AUTO RICKSHAW PAYMENT,55.0,expense,Transport,AUTO RICKSHAW,UPI
U004-T00568,U004,2026-07-15,LOCAL BAKERY PAYMENT,15.0,expense,Food,LOCAL BAKERY,UPI
U004-T00569,U004,2026-09-08,LOCAL TEA & COFFEE PAYMENT,20.0,expense,Food,LOCAL TEA & COFFEE,UPI
U004-T00570,U004,2026-07-19,RAPIDO BIKE PAYMENT,30.0,expense,Transport,RAPIDO BIKE,UPI
U004-T00571,U004,2026-09-11,CHAI POINT PAYMENT,30.0,expense,Food,CHAI POINT,UPI
U004-T00572,U004,2026-07-08,PARKING FEE PAYMENT,15.0,expense,Other,PARKING FEE,UPI
U004-T00573,U004,2026-08-25,QUICK UPI TRANSFER PAYMENT,15.0,expense,Other,QUICK UPI TRANSFER,UPI
U004-T00574,U004,2026-07-07,LOCAL BAKERY PAYMENT,15.0,expense,Food,LOCAL BAKERY,UPI
U004-T00575,U004,2026-09-26,BLINKIT DAILY PAYMENT,60.0,expense,Food,BLINKIT DAILY,UPI
U004-T00576,U004,2026-09-20,LOCAL TEA & COFFEE PAYMENT,12.0,expense,Food,LOCAL TEA & COFFEE,UPI
U004-T00577,U004,2026-07-09,LOCAL BAKERY PAYMENT,15.0,expense,Food,LOCAL BAKERY,UPI
U004-T00578,U004,2026-08-08,CAMPUS PHOTOCOPY & NOTES PAYMENT,50.0,expense,Education,CAMPUS PHOTOCOPY & NOTES,UPI
U004-T00579,U004,2026-08-23,NAMMA METRO PAYMENT,25.0,expense,Transport,NAMMA METRO,UPI
U004-T00580,U004,2026-07-24,LOCAL PHARMACY STORE PAYMENT,18.0,expense,Healthcare,LOCAL PHARMACY STORE,UPI
U004-T00581,U004,2026-08-24,STREET TIFFIN PAYMENT,35.0,expense,Food,STREET TIFFIN,UPI
U004-T00582,U004,2026-07-22,LOCAL TEA & COFFEE PAYMENT,20.0,expense,Food,LOCAL TEA & COFFEE,UPI
U004-T00583,U004,2026-08-31,BLINKIT DAILY PAYMENT,40.0,expense,Food,BLINKIT DAILY,UPI
U004-T00584,U004,2026-09-28,BLINKIT DAILY PAYMENT,80.0,expense,Food,BLINKIT DAILY,UPI
U004-T00585,U004,2026-07-02,NAMMA METRO PAYMENT,20.0,expense,Transport,NAMMA METRO,UPI
U004-T00586,U004,2026-07-10,AUTO RICKSHAW PAYMENT,30.0,expense,Transport,AUTO RICKSHAW,UPI
U004-T00587,U004,2026-08-11,RAPIDO BIKE PAYMENT,30.0,expense,Transport,RAPIDO BIKE,UPI
U004-T00588,U004,2026-07-02,LOCAL TEA & COFFEE PAYMENT,20.0,expense,Food,LOCAL TEA & COFFEE,UPI
U004-T00589,U004,2026-07-19,SWIGGY QUICK BITE PAYMENT,85.0,expense,Food,SWIGGY QUICK BITE,UPI
U004-T00590,U004,2026-07-15,KIRANA STORE PAYMENT,55.0,expense,Shopping,KIRANA STORE,UPI
U004-T00591,U004,2026-08-03,NAMMA METRO PAYMENT,15.0,expense,Transport,NAMMA METRO,UPI
U004-T00592,U004,2026-08-27,PARKING FEE PAYMENT,10.0,expense,Other,PARKING FEE,UPI
U004-T00593,U004,2026-09-20,BLINKIT DAILY PAYMENT,30.0,expense,Food,BLINKIT DAILY,UPI
U004-T00594,U004,2026-07-05,LOCAL BAKERY PAYMENT,20.0,expense,Food,LOCAL BAKERY,UPI
U004-T00595,U004,2026-08-23,AUTO RICKSHAW PAYMENT,30.0,expense,Transport,AUTO RICKSHAW,UPI
U004-T00596,U004,2026-09-15,ZEPTO QUICK ESSENTIALS PAYMENT,50.0,expense,Food,ZEPTO QUICK ESSENTIALS,UPI
U004-T00597,U004,2026-07-27,PARKING FEE PAYMENT,20.0,expense,Other,PARKING FEE,UPI
U004-T00598,U004,2026-09-12,QUICK UPI TRANSFER PAYMENT,20.0,expense,Other,QUICK UPI TRANSFER,UPI
U004-T00599,U004,2026-08-16,CHAI POINT PAYMENT,20.0,expense,Food,CHAI POINT,UPI
U004-T00600,U004,2026-09-03,STATIONERY SHOP PAYMENT,12.0,expense,Shopping,STATIONERY SHOP,UPI
U004-T00601,U004,2026-09-28,SWIGGY QUICK BITE PAYMENT,110.0,expense,Food,SWIGGY QUICK BITE,UPI
U004-T00602,U004,2026-08-22,ZEPTO QUICK ESSENTIALS PAYMENT,50.0,expense,Food,ZEPTO QUICK ESSENTIALS,UPI
U004-T00603,U004,2026-09-08,BLINKIT DAILY PAYMENT,60.0,expense,Food,BLINKIT DAILY,UPI
U004-T00604,U004,2026-07-15,PARKING FEE PAYMENT,15.0,expense,Other,PARKING FEE,UPI
U004-T00605,U004,2026-08-24,ZEPTO QUICK ESSENTIALS PAYMENT,35.0,expense,Food,ZEPTO QUICK ESSENTIALS,UPI
U004-T00606,U004,2026-09-08,BLINKIT DAILY PAYMENT,60.0,expense,Food,BLINKIT DAILY,UPI
U004-T00607,U004,2026-09-23,AUTO RICKSHAW PAYMENT,55.0,expense,Transport,AUTO RICKSHAW,UPI
U004-T00608,U004,2026-09-20,LOCAL BAKERY PAYMENT,15.0,expense,Food,LOCAL BAKERY,UPI
U004-T00609,U004,2026-07-12,STATIONERY SHOP PAYMENT,12.0,expense,Shopping,STATIONERY SHOP,UPI
U004-T00610,U004,2026-07-12,RAPIDO BIKE PAYMENT,42.0,expense,Transport,RAPIDO BIKE,UPI
U004-T00611,U004,2026-07-14,SWIGGY QUICK BITE PAYMENT,40.0,expense,Food,SWIGGY QUICK BITE,UPI
U004-T00612,U004,2026-09-20,BLINKIT DAILY PAYMENT,30.0,expense,Food,BLINKIT DAILY,UPI
U004-T00613,U004,2026-09-24,STREET TIFFIN PAYMENT,50.0,expense,Food,STREET TIFFIN,UPI
U004-T00614,U004,2026-07-28,LOCAL BAKERY PAYMENT,35.0,expense,Food,LOCAL BAKERY,UPI
U004-T00615,U004,2026-09-09,ZEPTO QUICK ESSENTIALS PAYMENT,35.0,expense,Food,ZEPTO QUICK ESSENTIALS,UPI
U004-T00616,U004,2026-08-30,PARKING FEE PAYMENT,15.0,expense,Other,PARKING FEE,UPI
U004-T00617,U004,2026-08-29,ZEPTO QUICK ESSENTIALS PAYMENT,75.0,expense,Food,ZEPTO QUICK ESSENTIALS,UPI
U004-T00618,U004,2026-07-01,PARKING FEE PAYMENT,10.0,expense,Other,PARKING FEE,UPI
U004-T00619,U004,2026-09-03,LOCAL BAKERY PAYMENT,25.0,expense,Food,LOCAL BAKERY,UPI
U004-T00620,U004,2026-08-09,LOCAL PHARMACY STORE PAYMENT,65.0,expense,Healthcare,LOCAL PHARMACY STORE,UPI
U004-T00621,U004,2026-09-25,LOCAL BAKERY PAYMENT,35.0,expense,Food,LOCAL BAKERY,UPI
U004-T00622,U004,2026-07-05,CHAI POINT PAYMENT,15.0,expense,Food,CHAI POINT,UPI
U004-T00623,U004,2026-08-17,LOCAL PHARMACY STORE PAYMENT,45.0,expense,Healthcare,LOCAL PHARMACY STORE,UPI
U004-T00624,U004,2026-08-12,LOCAL TEA & COFFEE PAYMENT,20.0,expense,Food,LOCAL TEA & COFFEE,UPI
U004-T00625,U004,2026-07-31,NAMMA METRO PAYMENT,35.0,expense,Transport,NAMMA METRO,UPI
U004-T00626,U004,2026-07-25,RAPIDO BIKE PAYMENT,42.0,expense,Transport,RAPIDO BIKE,UPI
U004-T00627,U004,2026-07-07,STATIONERY SHOP PAYMENT,45.0,expense,Shopping,STATIONERY SHOP,UPI
U004-T00628,U004,2026-07-17,PARKING FEE PAYMENT,15.0,expense,Other,PARKING FEE,UPI
U004-T00629,U004,2026-07-23,ZEPTO QUICK ESSENTIALS PAYMENT,50.0,expense,Food,ZEPTO QUICK ESSENTIALS,UPI
U004-T00630,U004,2026-09-05,LOCAL TEA & COFFEE PAYMENT,12.0,expense,Food,LOCAL TEA & COFFEE,UPI
U004-T00631,U004,2026-07-13,AUTO RICKSHAW PAYMENT,30.0,expense,Transport,AUTO RICKSHAW,UPI
U004-T00632,U004,2026-09-03,LOCAL TEA & COFFEE PAYMENT,20.0,expense,Food,LOCAL TEA & COFFEE,UPI
U004-T00633,U004,2026-09-19,COFFEE & CHAT PAYMENT,30.0,expense,Entertainment,COFFEE & CHAT,UPI
U004-T00634,U004,2026-08-11,LOCAL TEA & COFFEE PAYMENT,10.0,expense,Food,LOCAL TEA & COFFEE,UPI
U004-T00635,U004,2026-07-04,BLINKIT DAILY PAYMENT,40.0,expense,Food,BLINKIT DAILY,UPI
U004-T00636,U004,2026-07-04,RAPIDO BIKE PAYMENT,15.0,expense,Transport,RAPIDO BIKE,UPI
U004-T00637,U004,2026-09-12,ZEPTO QUICK ESSENTIALS PAYMENT,35.0,expense,Food,ZEPTO QUICK ESSENTIALS,UPI
U004-T00638,U004,2026-08-28,RAPIDO BIKE PAYMENT,30.0,expense,Transport,RAPIDO BIKE,UPI
U004-T00639,U004,2026-07-24,LOCAL BAKERY PAYMENT,20.0,expense,Food,LOCAL BAKERY,UPI
U004-T00640,U004,2026-08-08,LOCAL TEA & COFFEE PAYMENT,12.0,expense,Food,LOCAL TEA & COFFEE,UPI
U004-T00641,U004,2026-08-18,KIRANA STORE PAYMENT,15.0,expense,Shopping,KIRANA STORE,UPI
U004-T00642,U004,2026-08-05,CHAI POINT PAYMENT,15.0,expense,Food,CHAI POINT,UPI
U004-T00643,U004,2026-09-19,CHAI POINT PAYMENT,10.0,expense,Food,CHAI POINT,UPI
U004-T00644,U004,2026-07-15,BLINKIT DAILY PAYMENT,30.0,expense,Food,BLINKIT DAILY,UPI
U004-T00645,U004,2026-07-14,LOCAL TEA & COFFEE PAYMENT,15.0,expense,Food,LOCAL TEA & COFFEE,UPI
U004-T00646,U004,2026-07-24,CHAI POINT PAYMENT,30.0,expense,Food,CHAI POINT,UPI
U004-T00647,U004,2026-08-16,COFFEE & CHAT PAYMENT,30.0,expense,Entertainment,COFFEE & CHAT,UPI
U004-T00648,U004,2026-08-20,CHAI POINT PAYMENT,10.0,expense,Food,CHAI POINT,UPI
U004-T00649,U004,2026-08-22,CHAI POINT PAYMENT,10.0,expense,Food,CHAI POINT,UPI
U004-T00650,U004,2026-07-27,AUTO RICKSHAW PAYMENT,55.0,expense,Transport,AUTO RICKSHAW,UPI
U004-T00651,U004,2026-08-10,RAPIDO BIKE PAYMENT,42.0,expense,Transport,RAPIDO BIKE,UPI
U004-T00652,U004,2026-07-21,LOCAL TEA & COFFEE PAYMENT,10.0,expense,Food,LOCAL TEA & COFFEE,UPI
U004-T00653,U004,2026-07-23,RAPIDO BIKE PAYMENT,15.0,expense,Transport,RAPIDO BIKE,UPI
U004-T00654,U004,2026-07-16,QUICK UPI TRANSFER PAYMENT,20.0,expense,Other,QUICK UPI TRANSFER,UPI
U004-T00655,U004,2026-08-31,COMMUNITY CHARITY UPI PAYMENT,51.0,expense,Other,COMMUNITY CHARITY UPI,UPI
U004-T00656,U004,2026-09-08,CHAI POINT PAYMENT,20.0,expense,Food,CHAI POINT,UPI
U004-T00657,U004,2026-07-16,LOCAL TEA & COFFEE PAYMENT,10.0,expense,Food,LOCAL TEA & COFFEE,UPI
U004-T00658,U004,2026-09-07,CHAI POINT PAYMENT,15.0,expense,Food,CHAI POINT,UPI
U004-T00659,U004,2026-07-28,CAMPUS PHOTOCOPY & NOTES PAYMENT,10.0,expense,Education,CAMPUS PHOTOCOPY & NOTES,UPI
U004-T00660,U004,2026-07-28,CHAI POINT PAYMENT,15.0,expense,Food,CHAI POINT,UPI
U004-T00661,U004,2026-07-29,CHAI POINT PAYMENT,15.0,expense,Food,CHAI POINT,UPI
U004-T00662,U004,2026-08-04,LOCAL BAKERY PAYMENT,20.0,expense,Food,LOCAL BAKERY,UPI
U004-T00663,U004,2026-07-12,STREET TIFFIN PAYMENT,35.0,expense,Food,STREET TIFFIN,UPI
U004-T00664,U004,2026-08-29,UBER AUTO PAYMENT,75.0,expense,Transport,UBER AUTO,UPI
U004-T00665,U004,2026-08-25,SWIGGY QUICK BITE PAYMENT,110.0,expense,Food,SWIGGY QUICK BITE,UPI
U004-T00666,U004,2026-07-25,LOCAL BAKERY PAYMENT,20.0,expense,Food,LOCAL BAKERY,UPI
U004-T00667,U004,2026-09-26,LOCAL PHARMACY STORE PAYMENT,45.0,expense,Healthcare,LOCAL PHARMACY STORE,UPI
U004-T00668,U004,2026-08-20,CHAI POINT PAYMENT,20.0,expense,Food,CHAI POINT,UPI
U004-T00669,U004,2026-07-22,KIRANA STORE PAYMENT,55.0,expense,Shopping,KIRANA STORE,UPI
U004-T00670,U004,2026-08-25,MOBILE TOP-UP PAYMENT,29.0,expense,Bills,MOBILE TOP-UP,UPI
U004-T00671,U004,2026-09-15,UBER AUTO PAYMENT,60.0,expense,Transport,UBER AUTO,UPI
U004-T00672,U004,2026-09-18,CHAI POINT PAYMENT,30.0,expense,Food,CHAI POINT,UPI
U004-T00673,U004,2026-08-24,LOCAL TEA & COFFEE PAYMENT,15.0,expense,Food,LOCAL TEA & COFFEE,UPI
U004-T00674,U004,2026-08-17,COFFEE & CHAT PAYMENT,20.0,expense,Entertainment,COFFEE & CHAT,UPI
U004-T00675,U004,2026-08-27,LOCAL TEA & COFFEE PAYMENT,10.0,expense,Food,LOCAL TEA & COFFEE,UPI
U004-T00676,U004,2026-09-04,LOCAL BAKERY PAYMENT,35.0,expense,Food,LOCAL BAKERY,UPI
U004-T00677,U004,2026-08-07,RAPIDO BIKE PAYMENT,30.0,expense,Transport,RAPIDO BIKE,UPI
U004-T00678,U004,2026-08-20,CHAI POINT PAYMENT,15.0,expense,Food,CHAI POINT,UPI
U004-T00679,U004,2026-08-11,BLINKIT DAILY PAYMENT,40.0,expense,Food,BLINKIT DAILY,UPI
U004-T00680,U004,2026-08-15,LOCAL BAKERY PAYMENT,20.0,expense,Food,LOCAL BAKERY,UPI
U004-T00681,U004,2026-09-23,ZEPTO QUICK ESSENTIALS PAYMENT,35.0,expense,Food,ZEPTO QUICK ESSENTIALS,UPI
U004-T00682,U004,2026-08-10,LOCAL TEA & COFFEE PAYMENT,15.0,expense,Food,LOCAL TEA & COFFEE,UPI
U004-T00683,U004,2026-09-27,CHAI POINT PAYMENT,20.0,expense,Food,CHAI POINT,UPI
U004-T00684,U004,2026-07-28,BLINKIT DAILY PAYMENT,60.0,expense,Food,BLINKIT DAILY,UPI
U004-T00685,U004,2026-07-30,NAMMA METRO PAYMENT,35.0,expense,Transport,NAMMA METRO,UPI
U004-T00686,U004,2026-08-06,RAPIDO BIKE PAYMENT,22.0,expense,Transport,RAPIDO BIKE,UPI
U004-T00687,U004,2026-07-14,NAMMA METRO PAYMENT,15.0,expense,Transport,NAMMA METRO,UPI
U004-T00688,U004,2026-09-12,MOBILE TOP-UP PAYMENT,29.0,expense,Bills,MOBILE TOP-UP,UPI
U004-T00689,U004,2026-09-26,UBER AUTO PAYMENT,60.0,expense,Transport,UBER AUTO,UPI
U004-T00690,U004,2026-08-10,LOCAL TEA & COFFEE PAYMENT,10.0,expense,Food,LOCAL TEA & COFFEE,UPI
U004-T00691,U004,2026-09-02,SWIGGY QUICK BITE PAYMENT,85.0,expense,Food,SWIGGY QUICK BITE,UPI
U004-T00692,U004,2026-08-23,LOCAL TEA & COFFEE PAYMENT,20.0,expense,Food,LOCAL TEA & COFFEE,UPI
U004-T00693,U004,2026-07-22,RAPIDO BIKE PAYMENT,42.0,expense,Transport,RAPIDO BIKE,UPI
U004-T00694,U004,2026-07-31,NAMMA METRO PAYMENT,25.0,expense,Transport,NAMMA METRO,UPI
U004-T00695,U004,2026-07-03,RAPIDO BIKE PAYMENT,15.0,expense,Transport,RAPIDO BIKE,UPI
U004-T00696,U004,2026-08-29,LOCAL BAKERY PAYMENT,35.0,expense,Food,LOCAL BAKERY,UPI
U004-T00697,U004,2026-07-05,COFFEE & CHAT PAYMENT,20.0,expense,Entertainment,COFFEE & CHAT,UPI
U004-T00698,U004,2026-08-13,RAPIDO BIKE PAYMENT,15.0,expense,Transport,RAPIDO BIKE,UPI
U004-T00699,U004,2026-08-30,CHAI POINT PAYMENT,30.0,expense,Food,CHAI POINT,UPI
U004-T00700,U004,2026-08-08,LOCAL BAKERY PAYMENT,25.0,expense,Food,LOCAL BAKERY,UPI
U004-T00701,U004,2026-08-21,CHAI POINT PAYMENT,20.0,expense,Food,CHAI POINT,UPI
U004-T00702,U004,2026-09-02,RAPIDO BIKE PAYMENT,42.0,expense,Transport,RAPIDO BIKE,UPI
U004-T00703,U004,2026-08-08,AUTO RICKSHAW PAYMENT,55.0,expense,Transport,AUTO RICKSHAW,UPI
U004-T00704,U004,2026-09-02,LOCAL PHARMACY STORE PAYMENT,18.0,expense,Healthcare,LOCAL PHARMACY STORE,UPI
U004-T00705,U004,2026-08-17,PARKING FEE PAYMENT,10.0,expense,Other,PARKING FEE,UPI
U004-T00706,U004,2026-07-04,LOCAL BAKERY PAYMENT,15.0,expense,Food,LOCAL BAKERY,UPI
U004-T00707,U004,2026-07-18,CHAI POINT PAYMENT,20.0,expense,Food,CHAI POINT,UPI
U004-T00708,U004,2026-09-27,UBER AUTO PAYMENT,42.0,expense,Transport,UBER AUTO,UPI
U004-T00709,U004,2026-07-22,CHAI POINT PAYMENT,20.0,expense,Food,CHAI POINT,UPI
U004-T00710,U004,2026-09-07,COMMUNITY CHARITY UPI PAYMENT,51.0,expense,Other,COMMUNITY CHARITY UPI,UPI
U004-T00711,U004,2026-07-07,LOCAL BAKERY PAYMENT,15.0,expense,Food,LOCAL BAKERY,UPI
U004-T00712,U004,2026-07-15,CHAI POINT PAYMENT,20.0,expense,Food,CHAI POINT,UPI
U004-T00713,U004,2026-07-10,LOCAL BAKERY PAYMENT,35.0,expense,Food,LOCAL BAKERY,UPI
U004-T00714,U004,2026-08-04,AUTO RICKSHAW PAYMENT,30.0,expense,Transport,AUTO RICKSHAW,UPI
U004-T00715,U004,2026-09-13,BLINKIT DAILY PAYMENT,40.0,expense,Food,BLINKIT DAILY,UPI
U004-T00716,U004,2026-08-10,CAMPUS PHOTOCOPY & NOTES PAYMENT,50.0,expense,Education,CAMPUS PHOTOCOPY & NOTES,UPI
U004-T00717,U004,2026-09-20,BLINKIT DAILY PAYMENT,30.0,expense,Food,BLINKIT DAILY,UPI
U004-T00718,U004,2026-09-05,NAMMA METRO PAYMENT,35.0,expense,Transport,NAMMA METRO,UPI
U004-T00719,U004,2026-09-23,SWIGGY QUICK BITE PAYMENT,85.0,expense,Food,SWIGGY QUICK BITE,UPI
U004-T00720,U004,2026-08-11,KIRANA STORE PAYMENT,55.0,expense,Shopping,KIRANA STORE,UPI
U004-T00721,U004,2026-07-29,CHAI POINT PAYMENT,20.0,expense,Food,CHAI POINT,UPI
U004-T00722,U004,2026-09-30,CHAI POINT PAYMENT,15.0,expense,Food,CHAI POINT,UPI
U004-T00723,U004,2026-09-23,RAPIDO BIKE PAYMENT,22.0,expense,Transport,RAPIDO BIKE,UPI
U004-T00724,U004,2026-09-27,CHAI POINT PAYMENT,30.0,expense,Food,CHAI POINT,UPI
U004-T00725,U004,2026-07-08,LOCAL BAKERY PAYMENT,20.0,expense,Food,LOCAL BAKERY,UPI
U004-T00726,U004,2026-08-29,STATIONERY SHOP PAYMENT,20.0,expense,Shopping,STATIONERY SHOP,UPI
U004-T00727,U004,2026-09-01,CHAI POINT PAYMENT,15.0,expense,Food,CHAI POINT,UPI
U004-T00728,U004,2026-09-14,UBER AUTO PAYMENT,60.0,expense,Transport,UBER AUTO,UPI
U004-T00729,U004,2026-08-09,AUTO RICKSHAW PAYMENT,30.0,expense,Transport,AUTO RICKSHAW,UPI
U004-T00730,U004,2026-09-03,CHAI POINT PAYMENT,15.0,expense,Food,CHAI POINT,UPI
U004-T00731,U004,2026-07-29,COFFEE & CHAT PAYMENT,65.0,expense,Entertainment,COFFEE & CHAT,UPI
U004-T00732,U004,2026-08-27,CAMPUS PHOTOCOPY & NOTES PAYMENT,20.0,expense,Education,CAMPUS PHOTOCOPY & NOTES,UPI
U004-T00733,U004,2026-08-21,LOCAL TEA & COFFEE PAYMENT,15.0,expense,Food,LOCAL TEA & COFFEE,UPI
U004-T00734,U004,2026-08-24,LOCAL TEA & COFFEE PAYMENT,15.0,expense,Food,LOCAL TEA & COFFEE,UPI
U004-T00735,U004,2026-09-12,RAPIDO BIKE PAYMENT,22.0,expense,Transport,RAPIDO BIKE,UPI
U004-T00736,U004,2026-08-29,MOBILE TOP-UP PAYMENT,49.0,expense,Bills,MOBILE TOP-UP,UPI
U004-T00737,U004,2026-07-15,LOCAL BAKERY PAYMENT,35.0,expense,Food,LOCAL BAKERY,UPI
U004-T00738,U004,2026-07-24,LOCAL BAKERY PAYMENT,35.0,expense,Food,LOCAL BAKERY,UPI
U004-T00739,U004,2026-09-23,NAMMA METRO PAYMENT,25.0,expense,Transport,NAMMA METRO,UPI
U004-T00740,U004,2026-08-03,LOCAL TEA & COFFEE PAYMENT,10.0,expense,Food,LOCAL TEA & COFFEE,UPI
U004-T00741,U004,2026-08-15,BLINKIT DAILY PAYMENT,40.0,expense,Food,BLINKIT DAILY,UPI
U004-T00742,U004,2026-08-20,SWIGGY QUICK BITE PAYMENT,85.0,expense,Food,SWIGGY QUICK BITE,UPI
U004-T00743,U004,2026-07-07,BLINKIT DAILY PAYMENT,60.0,expense,Food,BLINKIT DAILY,UPI
U004-T00744,U004,2026-07-13,CHAI POINT PAYMENT,30.0,expense,Food,CHAI POINT,UPI
U004-T00745,U004,2026-08-24,LOCAL TEA & COFFEE PAYMENT,12.0,expense,Food,LOCAL TEA & COFFEE,UPI
U004-T00746,U004,2026-08-21,LOCAL TEA & COFFEE PAYMENT,15.0,expense,Food,LOCAL TEA & COFFEE,UPI
U004-T00747,U004,2026-09-06,RAPIDO BIKE PAYMENT,42.0,expense,Transport,RAPIDO BIKE,UPI
U004-T00748,U004,2026-07-14,AUTO RICKSHAW PAYMENT,30.0,expense,Transport,AUTO RICKSHAW,UPI
U004-T00749,U004,2026-07-15,LOCAL BAKERY PAYMENT,15.0,expense,Food,LOCAL BAKERY,UPI
U004-T00750,U004,2026-07-05,NAMMA METRO PAYMENT,20.0,expense,Transport,NAMMA METRO,UPI
U004-T00751,U004,2026-07-09,NAMMA METRO PAYMENT,25.0,expense,Transport,NAMMA METRO,UPI
U004-T00752,U004,2026-07-29,MOBILE TOP-UP PAYMENT,49.0,expense,Bills,MOBILE TOP-UP,UPI
U004-T00753,U004,2026-09-30,ZEPTO QUICK ESSENTIALS PAYMENT,75.0,expense,Food,ZEPTO QUICK ESSENTIALS,UPI
U004-T00754,U004,2026-07-13,LOCAL BAKERY PAYMENT,25.0,expense,Food,LOCAL BAKERY,UPI
U004-T00755,U004,2026-09-02,LOCAL TEA & COFFEE PAYMENT,12.0,expense,Food,LOCAL TEA & COFFEE,UPI
U004-T00756,U004,2026-08-14,RAPIDO BIKE PAYMENT,30.0,expense,Transport,RAPIDO BIKE,UPI
U004-T00757,U004,2026-07-01,CHAI POINT PAYMENT,30.0,expense,Food,CHAI POINT,UPI
U004-T00758,U004,2026-08-09,LOCAL PHARMACY STORE PAYMENT,28.0,expense,Healthcare,LOCAL PHARMACY STORE,UPI
U004-T00759,U004,2026-07-22,STREET TIFFIN PAYMENT,20.0,expense,Food,STREET TIFFIN,UPI
U004-T00760,U004,2026-07-22,LOCAL TEA & COFFEE PAYMENT,20.0,expense,Food,LOCAL TEA & COFFEE,UPI
U004-T00761,U004,2026-07-19,QUICK UPI TRANSFER PAYMENT,30.0,expense,Other,QUICK UPI TRANSFER,UPI
U004-T00762,U004,2026-08-24,STREET TIFFIN PAYMENT,25.0,expense,Food,STREET TIFFIN,UPI
U004-T00763,U004,2026-08-03,MOBILE TOP-UP PAYMENT,19.0,expense,Bills,MOBILE TOP-UP,UPI
U004-T00764,U004,2026-09-25,UBER AUTO PAYMENT,28.0,expense,Transport,UBER AUTO,UPI
U004-T00765,U004,2026-09-15,STREET TIFFIN PAYMENT,50.0,expense,Food,STREET TIFFIN,UPI
U004-T00766,U004,2026-09-13,CHAI POINT PAYMENT,15.0,expense,Food,CHAI POINT,UPI
U004-T00767,U004,2026-08-30,CHAI POINT PAYMENT,10.0,expense,Food,CHAI POINT,UPI
U004-T00768,U004,2026-09-11,AUTO RICKSHAW PAYMENT,40.0,expense,Transport,AUTO RICKSHAW,UPI
U004-T00769,U004,2026-07-30,NAMMA METRO PAYMENT,20.0,expense,Transport,NAMMA METRO,UPI
U004-T00770,U004,2026-07-19,KIRANA STORE PAYMENT,15.0,expense,Shopping,KIRANA STORE,UPI
U004-T00771,U004,2026-08-08,STATIONERY SHOP PAYMENT,30.0,expense,Shopping,STATIONERY SHOP,UPI
U004-T00772,U004,2026-08-27,SWIGGY QUICK BITE PAYMENT,85.0,expense,Food,SWIGGY QUICK BITE,UPI
U004-T00773,U004,2026-09-08,LOCAL BAKERY PAYMENT,35.0,expense,Food,LOCAL BAKERY,UPI
U004-T00774,U004,2026-08-02,ZEPTO QUICK ESSENTIALS PAYMENT,25.0,expense,Food,ZEPTO QUICK ESSENTIALS,UPI
U004-T00775,U004,2026-08-15,STREET TIFFIN PAYMENT,35.0,expense,Food,STREET TIFFIN,UPI
U004-T00776,U004,2026-09-05,KIRANA STORE PAYMENT,55.0,expense,Shopping,KIRANA STORE,UPI
U004-T00777,U004,2026-07-15,LOCAL BAKERY PAYMENT,15.0,expense,Food,LOCAL BAKERY,UPI
U004-T00778,U004,2026-07-19,QUICK UPI TRANSFER PAYMENT,15.0,expense,Other,QUICK UPI TRANSFER,UPI
U004-T00779,U004,2026-09-23,COMMUNITY CHARITY UPI PAYMENT,21.0,expense,Other,COMMUNITY CHARITY UPI,UPI
U004-T00780,U004,2026-09-02,CHAI POINT PAYMENT,30.0,expense,Food,CHAI POINT,UPI
U004-T00781,U004,2026-08-16,LOCAL TEA & COFFEE PAYMENT,10.0,expense,Food,LOCAL TEA & COFFEE,UPI
U004-T00782,U004,2026-07-25,COFFEE & CHAT PAYMENT,65.0,expense,Entertainment,COFFEE & CHAT,UPI
U004-T00783,U004,2026-09-20,CHAI POINT PAYMENT,20.0,expense,Food,CHAI POINT,UPI
U004-T00784,U004,2026-09-19,AUTO RICKSHAW PAYMENT,55.0,expense,Transport,AUTO RICKSHAW,UPI
U004-T00785,U004,2026-09-06,LOCAL TEA & COFFEE PAYMENT,15.0,expense,Food,LOCAL TEA & COFFEE,UPI
U004-T00786,U004,2026-08-12,ZEPTO QUICK ESSENTIALS PAYMENT,75.0,expense,Food,ZEPTO QUICK ESSENTIALS,UPI
U004-T00787,U004,2026-08-05,STREET TIFFIN PAYMENT,20.0,expense,Food,STREET TIFFIN,UPI
U004-T00788,U004,2026-09-13,NAMMA METRO PAYMENT,25.0,expense,Transport,NAMMA METRO,UPI
U004-T00789,U004,2026-09-17,LOCAL TEA & COFFEE PAYMENT,20.0,expense,Food,LOCAL TEA & COFFEE,UPI
U004-T00790,U004,2026-09-11,QUICK UPI TRANSFER PAYMENT,20.0,expense,Other,QUICK UPI TRANSFER,UPI
U004-T00791,U004,2026-08-06,CHAI POINT PAYMENT,10.0,expense,Food,CHAI POINT,UPI
U004-T00792,U004,2026-09-02,PARKING FEE PAYMENT,10.0,expense,Other,PARKING FEE,UPI
U004-T00793,U004,2026-08-29,AUTO RICKSHAW PAYMENT,40.0,expense,Transport,AUTO RICKSHAW,UPI
U004-T00794,U004,2026-09-18,NAMMA METRO PAYMENT,20.0,expense,Transport,NAMMA METRO,UPI
U004-T00795,U004,2026-08-08,SWIGGY QUICK BITE PAYMENT,40.0,expense,Food,SWIGGY QUICK BITE,UPI
U004-T00796,U004,2026-08-07,CHAI POINT PAYMENT,10.0,expense,Food,CHAI POINT,UPI
U004-T00797,U004,2026-07-28,LOCAL BAKERY PAYMENT,15.0,expense,Food,LOCAL BAKERY,UPI
U004-T00798,U004,2026-07-07,SWIGGY QUICK BITE PAYMENT,40.0,expense,Food,SWIGGY QUICK BITE,UPI
U004-T00799,U004,2026-08-25,STREET TIFFIN PAYMENT,20.0,expense,Food,STREET TIFFIN,UPI
U004-T00800,U004,2026-07-07,LOCAL BAKERY PAYMENT,25.0,expense,Food,LOCAL BAKERY,UPI
U004-T00801,U004,2026-08-06,KIRANA STORE PAYMENT,25.0,expense,Shopping,KIRANA STORE,UPI
U004-T00802,U004,2026-07-12,AUTO RICKSHAW PAYMENT,30.0,expense,Transport,AUTO RICKSHAW,UPI
U004-T00803,U004,2026-07-26,BLINKIT DAILY PAYMENT,30.0,expense,Food,BLINKIT DAILY,UPI
U004-T00804,U004,2026-08-07,LOCAL BAKERY PAYMENT,35.0,expense,Food,LOCAL BAKERY,UPI
U004-T00805,U004,2026-08-15,LOCAL BAKERY PAYMENT,35.0,expense,Food,LOCAL BAKERY,UPI
U004-T00806,U004,2026-08-24,ZEPTO QUICK ESSENTIALS PAYMENT,25.0,expense,Food,ZEPTO QUICK ESSENTIALS,UPI
U004-T00807,U004,2026-08-03,COFFEE & CHAT PAYMENT,45.0,expense,Entertainment,COFFEE & CHAT,UPI
U004-T00808,U004,2026-07-23,NAMMA METRO PAYMENT,25.0,expense,Transport,NAMMA METRO,UPI
U004-T00809,U004,2026-09-13,LOCAL TEA & COFFEE PAYMENT,12.0,expense,Food,LOCAL TEA & COFFEE,UPI
U004-T00810,U004,2026-08-02,LOCAL TEA & COFFEE PAYMENT,12.0,expense,Food,LOCAL TEA & COFFEE,UPI
U004-T00811,U004,2026-08-08,STREET TIFFIN PAYMENT,35.0,expense,Food,STREET TIFFIN,UPI
U004-T00812,U004,2026-09-11,PARKING FEE PAYMENT,15.0,expense,Other,PARKING FEE,UPI
U004-T00813,U004,2026-09-08,LOCAL TEA & COFFEE PAYMENT,20.0,expense,Food,LOCAL TEA & COFFEE,UPI
U004-T00814,U004,2026-07-13,LOCAL TEA & COFFEE PAYMENT,20.0,expense,Food,LOCAL TEA & COFFEE,UPI
U004-T00815,U004,2026-09-27,STREET TIFFIN PAYMENT,35.0,expense,Food,STREET TIFFIN,UPI
U004-T00816,U004,2026-08-29,STREET TIFFIN PAYMENT,50.0,expense,Food,STREET TIFFIN,UPI
U004-T00817,U004,2026-08-23,QUICK UPI TRANSFER PAYMENT,30.0,expense,Other,QUICK UPI TRANSFER,UPI
U004-T00818,U004,2026-07-04,COFFEE & CHAT PAYMENT,20.0,expense,Entertainment,COFFEE & CHAT,UPI
U004-T00819,U004,2026-08-23,CHAI POINT PAYMENT,15.0,expense,Food,CHAI POINT,UPI
U004-T00820,U004,2026-09-17,COFFEE & CHAT PAYMENT,30.0,expense,Entertainment,COFFEE & CHAT,UPI
U004-T00821,U004,2026-09-13,SWIGGY QUICK BITE PAYMENT,60.0,expense,Food,SWIGGY QUICK BITE,UPI
U004-T00822,U004,2026-09-18,NAMMA METRO PAYMENT,25.0,expense,Transport,NAMMA METRO,UPI
U004-T00823,U004,2026-07-07,UBER AUTO PAYMENT,75.0,expense,Transport,UBER AUTO,UPI
U004-T00824,U004,2026-07-17,ZEPTO QUICK ESSENTIALS PAYMENT,25.0,expense,Food,ZEPTO QUICK ESSENTIALS,UPI
U004-T00825,U004,2026-08-29,STATIONERY SHOP PAYMENT,45.0,expense,Shopping,STATIONERY SHOP,UPI
U004-T00826,U004,2026-07-07,CHAI POINT PAYMENT,20.0,expense,Food,CHAI POINT,UPI
U004-T00827,U004,2026-09-22,CHAI POINT PAYMENT,10.0,expense,Food,CHAI POINT,UPI
U004-T00828,U004,2026-08-07,NAMMA METRO PAYMENT,25.0,expense,Transport,NAMMA METRO,UPI
U004-T00829,U004,2026-07-08,LOCAL TEA & COFFEE PAYMENT,10.0,expense,Food,LOCAL TEA & COFFEE,UPI
U004-T00830,U004,2026-09-28,LOCAL TEA & COFFEE PAYMENT,12.0,expense,Food,LOCAL TEA & COFFEE,UPI
U004-T00831,U004,2026-09-10,UBER AUTO PAYMENT,75.0,expense,Transport,UBER AUTO,UPI
U004-T00832,U004,2026-07-18,LOCAL BAKERY PAYMENT,20.0,expense,Food,LOCAL BAKERY,UPI
U004-T00833,U004,2026-08-08,RAPIDO BIKE PAYMENT,15.0,expense,Transport,RAPIDO BIKE,UPI
U004-T00834,U004,2026-09-01,RAPIDO BIKE PAYMENT,22.0,expense,Transport,RAPIDO BIKE,UPI
U004-T00835,U004,2026-07-15,CHAI POINT PAYMENT,15.0,expense,Food,CHAI POINT,UPI
U004-T00836,U004,2026-09-16,MOBILE TOP-UP PAYMENT,49.0,expense,Bills,MOBILE TOP-UP,UPI
U004-T00837,U004,2026-07-13,LOCAL BAKERY PAYMENT,15.0,expense,Food,LOCAL BAKERY,UPI
U004-T00838,U004,2026-08-30,CHAI POINT PAYMENT,30.0,expense,Food,CHAI POINT,UPI
U004-T00839,U004,2026-08-20,CHAI POINT PAYMENT,10.0,expense,Food,CHAI POINT,UPI
U004-T00840,U004,2026-08-08,ZEPTO QUICK ESSENTIALS PAYMENT,35.0,expense,Food,ZEPTO QUICK ESSENTIALS,UPI
U004-T00841,U004,2026-07-31,LOCAL PHARMACY STORE PAYMENT,45.0,expense,Healthcare,LOCAL PHARMACY STORE,UPI
U004-T00842,U004,2026-09-17,AUTO RICKSHAW PAYMENT,20.0,expense,Transport,AUTO RICKSHAW,UPI
U004-T00843,U004,2026-08-25,LOCAL TEA & COFFEE PAYMENT,10.0,expense,Food,LOCAL TEA & COFFEE,UPI
U004-T00844,U004,2026-07-24,LOCAL TEA & COFFEE PAYMENT,12.0,expense,Food,LOCAL TEA & COFFEE,UPI
U004-T00845,U004,2026-07-22,SWIGGY QUICK BITE PAYMENT,60.0,expense,Food,SWIGGY QUICK BITE,UPI
U004-T00846,U004,2026-08-30,SWIGGY QUICK BITE PAYMENT,85.0,expense,Food,SWIGGY QUICK BITE,UPI
U004-T00847,U004,2026-09-24,CHAI POINT PAYMENT,30.0,expense,Food,CHAI POINT,UPI
U004-T00848,U004,2026-08-17,AUTO RICKSHAW PAYMENT,55.0,expense,Transport,AUTO RICKSHAW,UPI
U004-T00849,U004,2026-08-19,AUTO RICKSHAW PAYMENT,20.0,expense,Transport,AUTO RICKSHAW,UPI
U004-T00850,U004,2026-08-29,ZEPTO QUICK ESSENTIALS PAYMENT,75.0,expense,Food,ZEPTO QUICK ESSENTIALS,UPI
U004-T00851,U004,2026-07-19,CHAI POINT PAYMENT,30.0,expense,Food,CHAI POINT,UPI
U004-T00852,U004,2026-07-16,NAMMA METRO PAYMENT,15.0,expense,Transport,NAMMA METRO,UPI
U004-T00853,U004,2026-09-13,STREET TIFFIN PAYMENT,50.0,expense,Food,STREET TIFFIN,UPI
U004-T00854,U004,2026-07-06,COFFEE & CHAT PAYMENT,45.0,expense,Entertainment,COFFEE & CHAT,UPI
U004-T00855,U004,2026-07-18,BLINKIT DAILY PAYMENT,80.0,expense,Food,BLINKIT DAILY,UPI
U004-T00856,U004,2026-08-05,CHAI POINT PAYMENT,15.0,expense,Food,CHAI POINT,UPI
U004-T00857,U004,2026-08-15,SWIGGY QUICK BITE PAYMENT,60.0,expense,Food,SWIGGY QUICK BITE,UPI
U004-T00858,U004,2026-08-14,COFFEE & CHAT PAYMENT,65.0,expense,Entertainment,COFFEE & CHAT,UPI
U004-T00859,U004,2026-09-04,CHAI POINT PAYMENT,15.0,expense,Food,CHAI POINT,UPI
U004-T00860,U004,2026-08-15,RAPIDO BIKE PAYMENT,30.0,expense,Transport,RAPIDO BIKE,UPI
U004-T00861,U004,2026-08-28,AUTO RICKSHAW PAYMENT,30.0,expense,Transport,AUTO RICKSHAW,UPI
U004-T00862,U004,2026-08-05,KIRANA STORE PAYMENT,35.0,expense,Shopping,KIRANA STORE,UPI
U004-T00863,U004,2026-08-20,CHAI POINT PAYMENT,30.0,expense,Food,CHAI POINT,UPI
U004-T00864,U004,2026-08-18,QUICK UPI TRANSFER PAYMENT,15.0,expense,Other,QUICK UPI TRANSFER,UPI
U004-T00865,U004,2026-09-12,AUTO RICKSHAW PAYMENT,40.0,expense,Transport,AUTO RICKSHAW,UPI
U004-T00866,U004,2026-07-17,AUTO RICKSHAW PAYMENT,40.0,expense,Transport,AUTO RICKSHAW,UPI
U004-T00867,U004,2026-09-13,RAPIDO BIKE PAYMENT,42.0,expense,Transport,RAPIDO BIKE,UPI
U004-T00868,U004,2026-07-09,CHAI POINT PAYMENT,15.0,expense,Food,CHAI POINT,UPI
U004-T00869,U004,2026-07-30,CHAI POINT PAYMENT,10.0,expense,Food,CHAI POINT,UPI
U004-T00870,U004,2026-09-02,PARKING FEE PAYMENT,15.0,expense,Other,PARKING FEE,UPI
U004-T00871,U004,2026-08-11,UBER AUTO PAYMENT,42.0,expense,Transport,UBER AUTO,UPI
U004-T00872,U004,2026-07-14,COFFEE & CHAT PAYMENT,30.0,expense,Entertainment,COFFEE & CHAT,UPI
U004-T00873,U004,2026-08-19,UBER AUTO PAYMENT,75.0,expense,Transport,UBER AUTO,UPI
U004-T00874,U004,2026-07-09,CHAI POINT PAYMENT,20.0,expense,Food,CHAI POINT,UPI
U004-T00875,U004,2026-07-15,CHAI POINT PAYMENT,10.0,expense,Food,CHAI POINT,UPI
U004-T00876,U004,2026-08-26,KIRANA STORE PAYMENT,15.0,expense,Shopping,KIRANA STORE,UPI
U004-T00877,U004,2026-07-23,STREET TIFFIN PAYMENT,50.0,expense,Food,STREET TIFFIN,UPI
U004-T00878,U004,2026-08-18,LOCAL TEA & COFFEE PAYMENT,12.0,expense,Food,LOCAL TEA & COFFEE,UPI
U004-T00879,U004,2026-07-26,LOCAL BAKERY PAYMENT,35.0,expense,Food,LOCAL BAKERY,UPI
U004-T00880,U004,2026-09-25,STREET TIFFIN PAYMENT,25.0,expense,Food,STREET TIFFIN,UPI
U004-T00881,U004,2026-07-21,BLINKIT DAILY PAYMENT,40.0,expense,Food,BLINKIT DAILY,UPI
U004-T00882,U004,2026-07-12,NAMMA METRO PAYMENT,15.0,expense,Transport,NAMMA METRO,UPI
U004-T00883,U004,2026-07-27,CHAI POINT PAYMENT,15.0,expense,Food,CHAI POINT,UPI
U004-T00884,U004,2026-07-01,STREET TIFFIN PAYMENT,50.0,expense,Food,STREET TIFFIN,UPI
U004-T00885,U004,2026-09-11,NAMMA METRO PAYMENT,15.0,expense,Transport,NAMMA METRO,UPI
U004-T00886,U004,2026-08-13,LOCAL TEA & COFFEE PAYMENT,20.0,expense,Food,LOCAL TEA & COFFEE,UPI
U004-T00887,U004,2026-07-25,LOCAL PHARMACY STORE PAYMENT,65.0,expense,Healthcare,LOCAL PHARMACY STORE,UPI
U004-T00888,U004,2026-09-03,STREET TIFFIN PAYMENT,25.0,expense,Food,STREET TIFFIN,UPI
U004-T00889,U004,2026-07-09,BLINKIT DAILY PAYMENT,80.0,expense,Food,BLINKIT DAILY,UPI
U004-T00890,U004,2026-07-10,NAMMA METRO PAYMENT,20.0,expense,Transport,NAMMA METRO,UPI
U004-T00891,U004,2026-09-05,STREET TIFFIN PAYMENT,20.0,expense,Food,STREET TIFFIN,UPI
U004-T00892,U004,2026-09-02,LOCAL BAKERY PAYMENT,25.0,expense,Food,LOCAL BAKERY,UPI
U004-T00893,U004,2026-07-03,LOCAL BAKERY PAYMENT,25.0,expense,Food,LOCAL BAKERY,UPI
U004-T00894,U004,2026-08-02,ZEPTO QUICK ESSENTIALS PAYMENT,50.0,expense,Food,ZEPTO QUICK ESSENTIALS,UPI
U004-T00895,U004,2026-07-09,CAMPUS PHOTOCOPY & NOTES PAYMENT,20.0,expense,Education,CAMPUS PHOTOCOPY & NOTES,UPI
U004-T00896,U004,2026-08-06,CHAI POINT PAYMENT,15.0,expense,Food,CHAI POINT,UPI
U004-T00897,U004,2026-09-05,PARKING FEE PAYMENT,20.0,expense,Other,PARKING FEE,UPI
U004-T00898,U004,2026-08-09,ZEPTO QUICK ESSENTIALS PAYMENT,25.0,expense,Food,ZEPTO QUICK ESSENTIALS,UPI
U004-T00899,U004,2026-09-08,AUTO RICKSHAW PAYMENT,20.0,expense,Transport,AUTO RICKSHAW,UPI
U004-T00900,U004,2026-09-13,BLINKIT DAILY PAYMENT,60.0,expense,Food,BLINKIT DAILY,UPI
U004-T00901,U004,2026-09-22,CHAI POINT PAYMENT,20.0,expense,Food,CHAI POINT,UPI
U004-T00902,U004,2026-08-23,LOCAL BAKERY PAYMENT,25.0,expense,Food,LOCAL BAKERY,UPI
U004-T00903,U004,2026-07-08,LOCAL TEA & COFFEE PAYMENT,15.0,expense,Food,LOCAL TEA & COFFEE,UPI
U004-T00904,U004,2026-09-23,COFFEE & CHAT PAYMENT,20.0,expense,Entertainment,COFFEE & CHAT,UPI
U004-T00905,U004,2026-07-31,SWIGGY QUICK BITE PAYMENT,40.0,expense,Food,SWIGGY QUICK BITE,UPI
U004-T00906,U004,2026-08-14,COMMUNITY CHARITY UPI PAYMENT,21.0,expense,Other,COMMUNITY CHARITY UPI,UPI
U004-T00907,U004,2026-09-15,UBER AUTO PAYMENT,28.0,expense,Transport,UBER AUTO,UPI
U004-T00908,U004,2026-09-09,SWIGGY QUICK BITE PAYMENT,60.0,expense,Food,SWIGGY QUICK BITE,UPI
U004-T00909,U004,2026-08-04,AUTO RICKSHAW PAYMENT,20.0,expense,Transport,AUTO RICKSHAW,UPI
U004-T00910,U004,2026-07-05,SWIGGY QUICK BITE PAYMENT,60.0,expense,Food,SWIGGY QUICK BITE,UPI
U004-T00911,U004,2026-09-22,STREET TIFFIN PAYMENT,50.0,expense,Food,STREET TIFFIN,UPI
U004-T00912,U004,2026-08-08,KIRANA STORE PAYMENT,25.0,expense,Shopping,KIRANA STORE,UPI
U004-T00913,U004,2026-07-03,PARKING FEE PAYMENT,10.0,expense,Other,PARKING FEE,UPI
U004-T00914,U004,2026-07-26,NAMMA METRO PAYMENT,35.0,expense,Transport,NAMMA METRO,UPI
U004-T00915,U004,2026-09-26,AUTO RICKSHAW PAYMENT,20.0,expense,Transport,AUTO RICKSHAW,UPI
U004-T00916,U004,2026-09-09,SWIGGY QUICK BITE PAYMENT,110.0,expense,Food,SWIGGY QUICK BITE,UPI
U004-T00917,U004,2026-08-18,AUTO RICKSHAW PAYMENT,55.0,expense,Transport,AUTO RICKSHAW,UPI
U004-T00918,U004,2026-09-28,BLINKIT DAILY PAYMENT,40.0,expense,Food,BLINKIT DAILY,UPI
U004-T00919,U004,2026-07-15,BLINKIT DAILY PAYMENT,60.0,expense,Food,BLINKIT DAILY,UPI
U004-T00920,U004,2026-08-15,LOCAL TEA & COFFEE PAYMENT,20.0,expense,Food,LOCAL TEA & COFFEE,UPI
U004-T00921,U004,2026-07-08,LOCAL BAKERY PAYMENT,15.0,expense,Food,LOCAL BAKERY,UPI
U004-T00922,U004,2026-09-14,CHAI POINT PAYMENT,30.0,expense,Food,CHAI POINT,UPI
U004-T00923,U004,2026-09-07,NAMMA METRO PAYMENT,15.0,expense,Transport,NAMMA METRO,UPI
U004-T00924,U004,2026-08-01,STATIONERY SHOP PAYMENT,12.0,expense,Shopping,STATIONERY SHOP,UPI
U004-T00925,U004,2026-07-08,LOCAL TEA & COFFEE PAYMENT,12.0,expense,Food,LOCAL TEA & COFFEE,UPI
U004-T00926,U004,2026-08-06,CHAI POINT PAYMENT,20.0,expense,Food,CHAI POINT,UPI
U004-T00927,U004,2026-09-16,RAPIDO BIKE PAYMENT,22.0,expense,Transport,RAPIDO BIKE,UPI
U004-T00928,U004,2026-08-07,LOCAL TEA & COFFEE PAYMENT,20.0,expense,Food,LOCAL TEA & COFFEE,UPI
U004-T00929,U004,2026-08-31,RAPIDO BIKE PAYMENT,15.0,expense,Transport,RAPIDO BIKE,UPI
U004-T00930,U004,2026-07-10,LOCAL BAKERY PAYMENT,20.0,expense,Food,LOCAL BAKERY,UPI
U004-T00931,U004,2026-09-02,AUTO RICKSHAW PAYMENT,40.0,expense,Transport,AUTO RICKSHAW,UPI
U004-T00932,U004,2026-07-29,BLINKIT DAILY PAYMENT,60.0,expense,Food,BLINKIT DAILY,UPI
U004-T00933,U004,2026-08-16,KIRANA STORE PAYMENT,35.0,expense,Shopping,KIRANA STORE,UPI
U004-T00934,U004,2026-09-22,LOCAL BAKERY PAYMENT,25.0,expense,Food,LOCAL BAKERY,UPI
U004-T00935,U004,2026-08-10,AUTO RICKSHAW PAYMENT,20.0,expense,Transport,AUTO RICKSHAW,UPI
U004-T00936,U004,2026-07-07,STREET TIFFIN PAYMENT,50.0,expense,Food,STREET TIFFIN,UPI
U004-T00937,U004,2026-09-29,PARKING FEE PAYMENT,15.0,expense,Other,PARKING FEE,UPI
U004-T00938,U004,2026-08-05,CHAI POINT PAYMENT,15.0,expense,Food,CHAI POINT,UPI
U004-T00939,U004,2026-09-05,LOCAL BAKERY PAYMENT,20.0,expense,Food,LOCAL BAKERY,UPI
U004-T00940,U004,2026-07-16,ZEPTO QUICK ESSENTIALS PAYMENT,35.0,expense,Food,ZEPTO QUICK ESSENTIALS,UPI
U004-T00941,U004,2026-07-05,QUICK UPI TRANSFER PAYMENT,30.0,expense,Other,QUICK UPI TRANSFER,UPI
U004-T00942,U004,2026-09-22,KIRANA STORE PAYMENT,15.0,expense,Shopping,KIRANA STORE,UPI
U004-T00943,U004,2026-07-03,SWIGGY QUICK BITE PAYMENT,40.0,expense,Food,SWIGGY QUICK BITE,UPI
U004-T00944,U004,2026-08-04,LOCAL BAKERY PAYMENT,35.0,expense,Food,LOCAL BAKERY,UPI
U004-T00945,U004,2026-08-08,STATIONERY SHOP PAYMENT,12.0,expense,Shopping,STATIONERY SHOP,UPI
U004-T00946,U004,2026-07-08,LOCAL BAKERY PAYMENT,35.0,expense,Food,LOCAL BAKERY,UPI
U004-T00947,U004,2026-09-02,CHAI POINT PAYMENT,30.0,expense,Food,CHAI POINT,UPI
U004-T00948,U004,2026-08-19,BLINKIT DAILY PAYMENT,40.0,expense,Food,BLINKIT DAILY,UPI
U004-T00949,U004,2026-07-27,ZEPTO QUICK ESSENTIALS PAYMENT,75.0,expense,Food,ZEPTO QUICK ESSENTIALS,UPI
U004-T00950,U004,2026-09-07,CHAI POINT PAYMENT,20.0,expense,Food,CHAI POINT,UPI
U004-T00951,U004,2026-07-05,NAMMA METRO PAYMENT,25.0,expense,Transport,NAMMA METRO,UPI
U004-T00952,U004,2026-07-04,COFFEE & CHAT PAYMENT,45.0,expense,Entertainment,COFFEE & CHAT,UPI
U004-T00953,U004,2026-08-03,STATIONERY SHOP PAYMENT,20.0,expense,Shopping,STATIONERY SHOP,UPI
U004-T00954,U004,2026-07-04,STREET TIFFIN PAYMENT,50.0,expense,Food,STREET TIFFIN,UPI
U004-T00955,U004,2026-08-24,KIRANA STORE PAYMENT,15.0,expense,Shopping,KIRANA STORE,UPI
U004-T00956,U004,2026-07-14,NAMMA METRO PAYMENT,25.0,expense,Transport,NAMMA METRO,UPI
U004-T00957,U004,2026-09-07,BLINKIT DAILY PAYMENT,60.0,expense,Food,BLINKIT DAILY,UPI
U004-T00958,U004,2026-07-21,QUICK UPI TRANSFER PAYMENT,30.0,expense,Other,QUICK UPI TRANSFER,UPI
U004-T00959,U004,2026-07-31,LOCAL TEA & COFFEE PAYMENT,10.0,expense,Food,LOCAL TEA & COFFEE,UPI
U004-T00960,U004,2026-08-05,KIRANA STORE PAYMENT,35.0,expense,Shopping,KIRANA STORE,UPI
U004-T00961,U004,2026-07-11,COMMUNITY CHARITY UPI PAYMENT,51.0,expense,Other,COMMUNITY CHARITY UPI,UPI
U004-T00962,U004,2026-08-07,STREET TIFFIN PAYMENT,50.0,expense,Food,STREET TIFFIN,UPI
U004-T00963,U004,2026-07-05,RAPIDO BIKE PAYMENT,30.0,expense,Transport,RAPIDO BIKE,UPI
U004-T00964,U004,2026-08-04,RAPIDO BIKE PAYMENT,15.0,expense,Transport,RAPIDO BIKE,UPI
U004-T00965,U004,2026-07-16,STREET TIFFIN PAYMENT,35.0,expense,Food,STREET TIFFIN,UPI
U004-T00966,U004,2026-08-03,LOCAL PHARMACY STORE PAYMENT,65.0,expense,Healthcare,LOCAL PHARMACY STORE,UPI
U004-T00967,U004,2026-08-29,CHAI POINT PAYMENT,10.0,expense,Food,CHAI POINT,UPI
U004-T00968,U004,2026-08-29,CHAI POINT PAYMENT,20.0,expense,Food,CHAI POINT,UPI
U004-T00969,U004,2026-08-31,RAPIDO BIKE PAYMENT,22.0,expense,Transport,RAPIDO BIKE,UPI
U004-T00970,U004,2026-08-22,CHAI POINT PAYMENT,10.0,expense,Food,CHAI POINT,UPI
U004-T00971,U004,2026-08-05,COFFEE & CHAT PAYMENT,45.0,expense,Entertainment,COFFEE & CHAT,UPI
U004-T00972,U004,2026-07-09,BLINKIT DAILY PAYMENT,60.0,expense,Food,BLINKIT DAILY,UPI
U004-T00973,U004,2026-08-05,LOCAL BAKERY PAYMENT,35.0,expense,Food,LOCAL BAKERY,UPI
U004-T00974,U004,2026-07-17,LOCAL BAKERY PAYMENT,20.0,expense,Food,LOCAL BAKERY,UPI
U004-T00975,U004,2026-07-19,CAMPUS PHOTOCOPY & NOTES PAYMENT,10.0,expense,Education,CAMPUS PHOTOCOPY & NOTES,UPI
U004-T00976,U004,2026-07-30,LOCAL TEA & COFFEE PAYMENT,10.0,expense,Food,LOCAL TEA & COFFEE,UPI
U004-T00977,U004,2026-07-24,AUTO RICKSHAW PAYMENT,55.0,expense,Transport,AUTO RICKSHAW,UPI
U004-T00978,U004,2026-09-13,STREET TIFFIN PAYMENT,25.0,expense,Food,STREET TIFFIN,UPI
U004-T00979,U004,2026-07-08,PARKING FEE PAYMENT,15.0,expense,Other,PARKING FEE,UPI
U004-T00980,U004,2026-08-02,CHAI POINT PAYMENT,20.0,expense,Food,CHAI POINT,UPI
U004-T00981,U004,2026-09-08,AUTO RICKSHAW PAYMENT,30.0,expense,Transport,AUTO RICKSHAW,UPI
U004-T00982,U004,2026-08-14,CHAI POINT PAYMENT,30.0,expense,Food,CHAI POINT,UPI
U004-T00983,U004,2026-07-15,SWIGGY QUICK BITE PAYMENT,60.0,expense,Food,SWIGGY QUICK BITE,UPI
U004-T00984,U004,2026-07-27,STREET TIFFIN PAYMENT,35.0,expense,Food,STREET TIFFIN,UPI
U004-T00985,U004,2026-09-26,ZEPTO QUICK ESSENTIALS PAYMENT,75.0,expense,Food,ZEPTO QUICK ESSENTIALS,UPI
U004-T00986,U004,2026-08-06,LOCAL TEA & COFFEE PAYMENT,15.0,expense,Food,LOCAL TEA & COFFEE,UPI
U004-T00987,U004,2026-09-16,KIRANA STORE PAYMENT,35.0,expense,Shopping,KIRANA STORE,UPI
U004-T00988,U004,2026-08-22,COFFEE & CHAT PAYMENT,45.0,expense,Entertainment,COFFEE & CHAT,UPI
U004-T00989,U004,2026-08-30,PARKING FEE PAYMENT,15.0,expense,Other,PARKING FEE,UPI
U004-T00990,U004,2026-09-18,CHAI POINT PAYMENT,20.0,expense,Food,CHAI POINT,UPI
U004-T00991,U004,2026-07-06,STREET TIFFIN PAYMENT,25.0,expense,Food,STREET TIFFIN,UPI
U004-T00992,U004,2026-09-14,CHAI POINT PAYMENT,15.0,expense,Food,CHAI POINT,UPI
U004-T00993,U004,2026-08-10,SWIGGY QUICK BITE PAYMENT,85.0,expense,Food,SWIGGY QUICK BITE,UPI
U004-T00994,U004,2026-07-28,ZEPTO QUICK ESSENTIALS PAYMENT,25.0,expense,Food,ZEPTO QUICK ESSENTIALS,UPI
U004-T00995,U004,2026-09-23,UBER AUTO PAYMENT,75.0,expense,Transport,UBER AUTO,UPI
U004-T00996,U004,2026-09-22,CHAI POINT PAYMENT,10.0,expense,Food,CHAI POINT,UPI
U004-T00997,U004,2026-07-29,NAMMA METRO PAYMENT,35.0,expense,Transport,NAMMA METRO,UPI
U004-T00998,U004,2026-09-07,UBER AUTO PAYMENT,28.0,expense,Transport,UBER AUTO,UPI
U004-T00999,U004,2026-09-16,BLINKIT DAILY PAYMENT,80.0,expense,Food,BLINKIT DAILY,UPI
U004-T01000,U004,2026-08-10,LOCAL BAKERY PAYMENT,25.0,expense,Food,LOCAL BAKERY,UPI
U005-T00001,U005,2026-07-26,SALARY CREDIT - TECH CORP,50000.0,income,Salary,TechCorp Solutions,NEFT
U005-T00002,U005,2026-08-26,SALARY CREDIT - TECH CORP,50000.0,income,Salary,TechCorp Solutions,NEFT
U005-T00003,U005,2026-09-26,SALARY CREDIT - TECH CORP,50000.0,income,Salary,TechCorp Solutions,NEFT
U005-T00004,U005,2026-07-01,HOUSE RENT,10000.0,expense,Rent,Landlord Transfer,UPI
U005-T00005,U005,2026-08-01,HOUSE RENT,10000.0,expense,Rent,Landlord Transfer,UPI
U005-T00006,U005,2026-09-01,HOUSE RENT,10000.0,expense,Rent,Landlord Transfer,UPI
U005-T00007,U005,2026-07-21,NETFLIX PREMIUM,649.0,expense,Subscriptions,Netflix,Credit Card
U005-T00008,U005,2026-08-21,NETFLIX PREMIUM,649.0,expense,Subscriptions,Netflix,Credit Card
U005-T00009,U005,2026-09-21,NETFLIX PREMIUM,649.0,expense,Subscriptions,Netflix,Credit Card
U005-T00010,U005,2026-07-06,CULT.FIT GYM MEMBERSHIP,1600.0,expense,Healthcare,Cult.Fit,Auto Debit
U005-T00011,U005,2026-08-06,CULT.FIT GYM MEMBERSHIP,1600.0,expense,Healthcare,Cult.Fit,Auto Debit
U005-T00012,U005,2026-09-06,CULT.FIT GYM MEMBERSHIP,1600.0,expense,Healthcare,Cult.Fit,Auto Debit
U005-T00013,U005,2026-07-12,AIRTEL FIBER BROADBAND,1200.0,expense,Bills,Airtel,UPI AutoPay
U005-T00014,U005,2026-08-12,AIRTEL FIBER BROADBAND,1200.0,expense,Bills,Airtel,UPI AutoPay
U005-T00015,U005,2026-09-12,AIRTEL FIBER BROADBAND,1200.0,expense,Bills,Airtel,UPI AutoPay
U005-T00016,U005,2026-09-27,AMAZON ELECTRONICS,4500.0,expense,Shopping,Amazon India,Credit Card
U005-T00017,U005,2026-09-23,MYNTRA FASHION,2400.0,expense,Shopping,Myntra,UPI
U005-T00018,U005,2026-09-20,BESCOM ELECTRICITY,1600.0,expense,Bills,BESCOM,NetBanking
U005-T00019,U005,2026-09-17,PVR INOX CINEMAS,1100.0,expense,Entertainment,PVR,Credit Card
U005-T00020,U005,2026-09-16,UDEMY AI COURSE,1299.0,expense,Education,Udemy,Debit Card
U005-T00021,U005,2026-09-18,APOLLO PHARMACY,950.0,expense,Healthcare,Apollo,UPI
U005-T00022,U005,2026-09-28,SWIGGY GOURMET,450.0,expense,Food,Swiggy,UPI
U005-T00023,U005,2026-09-24,ZOMATO DINING,1280.0,expense,Food,Zomato,Credit Card
U005-T00024,U005,2026-09-25,UBER PREMIER,620.0,expense,Transport,Uber,UPI
U005-T00025,U005,2026-09-11,SPOTIFY FAMILY,119.0,expense,Subscriptions,Spotify,UPI
U005-T00026,U005,2026-08-24,AMAZON HOME ESSENTIALS,2200.0,expense,Shopping,Amazon India,Credit Card
U005-T00027,U005,2026-08-14,MYNTRA ACCESSORIES,1500.0,expense,Shopping,Myntra,UPI
U005-T00028,U005,2026-08-20,BESCOM ELECTRICITY,1450.0,expense,Bills,BESCOM,NetBanking
U005-T00029,U005,2026-08-15,BOOKMYSHOW MOVIE,800.0,expense,Entertainment,BookMyShow,Debit Card
U005-T00030,U005,2026-08-10,COURSERA PYTHON COURSE,799.0,expense,Education,Coursera,Debit Card
U005-T00031,U005,2026-08-18,MEDPLUS PHARMACY,850.0,expense,Healthcare,MedPlus,UPI
U005-T00032,U005,2026-08-25,UBER INTERCITY,520.0,expense,Transport,Uber,UPI
U005-T00033,U005,2026-08-28,BARBEQUE NATION,850.0,expense,Food,Barbeque Nation,Credit Card
U005-T00034,U005,2026-08-11,SPOTIFY FAMILY,119.0,expense,Subscriptions,Spotify,UPI
U005-T00035,U005,2026-07-20,AMAZON MONSOON GEAR,1800.0,expense,Shopping,Amazon India,Credit Card
U005-T00036,U005,2026-07-12,FABINDIA CLOTHING,1200.0,expense,Shopping,FabIndia,UPI
U005-T00037,U005,2026-07-18,BESCOM ELECTRICITY,1400.0,expense,Bills,BESCOM,NetBanking
U005-T00038,U005,2026-07-14,PVR CINEMAS,600.0,expense,Entertainment,PVR,Credit Card
U005-T00039,U005,2026-07-16,APOLLO HEALTH CHECK,700.0,expense,Healthcare,Apollo,UPI
U005-T00040,U005,2026-07-10,SAPNA BOOK HOUSE,450.0,expense,Education,Sapna Book House,UPI
U005-T00041,U005,2026-07-22,INDIAN OIL PETROL,480.0,expense,Transport,Indian Oil,Credit Card
U005-T00042,U005,2026-07-25,MAINLAND CHINA DINING,750.0,expense,Food,Mainland China,Credit Card
U005-T00043,U005,2026-07-11,SPOTIFY FAMILY,119.0,expense,Subscriptions,Spotify,UPI
U005-T00044,U005,2026-08-01,STREET TIFFIN PAYMENT,35.0,expense,Food,STREET TIFFIN,UPI
U005-T00045,U005,2026-07-30,BLINKIT DAILY PAYMENT,30.0,expense,Food,BLINKIT DAILY,UPI
U005-T00046,U005,2026-09-27,LOCAL BAKERY PAYMENT,35.0,expense,Food,LOCAL BAKERY,UPI
U005-T00047,U005,2026-08-16,CHAI POINT PAYMENT,10.0,expense,Food,CHAI POINT,UPI
U005-T00048,U005,2026-08-16,RAPIDO BIKE PAYMENT,22.0,expense,Transport,RAPIDO BIKE,UPI
U005-T00049,U005,2026-08-27,KIRANA STORE PAYMENT,25.0,expense,Shopping,KIRANA STORE,UPI
U005-T00050,U005,2026-09-11,STATIONERY SHOP PAYMENT,20.0,expense,Shopping,STATIONERY SHOP,UPI
U005-T00051,U005,2026-09-07,LOCAL BAKERY PAYMENT,35.0,expense,Food,LOCAL BAKERY,UPI
U005-T00052,U005,2026-09-25,NAMMA METRO PAYMENT,20.0,expense,Transport,NAMMA METRO,UPI
U005-T00053,U005,2026-09-16,LOCAL BAKERY PAYMENT,25.0,expense,Food,LOCAL BAKERY,UPI
U005-T00054,U005,2026-08-13,STREET TIFFIN PAYMENT,20.0,expense,Food,STREET TIFFIN,UPI
U005-T00055,U005,2026-08-22,BLINKIT DAILY PAYMENT,40.0,expense,Food,BLINKIT DAILY,UPI
U005-T00056,U005,2026-09-12,SWIGGY QUICK BITE PAYMENT,60.0,expense,Food,SWIGGY QUICK BITE,UPI
U005-T00057,U005,2026-07-24,MOBILE TOP-UP PAYMENT,19.0,expense,Bills,MOBILE TOP-UP,UPI
U005-T00058,U005,2026-07-22,LOCAL TEA & COFFEE PAYMENT,15.0,expense,Food,LOCAL TEA & COFFEE,UPI
U005-T00059,U005,2026-09-09,AUTO RICKSHAW PAYMENT,55.0,expense,Transport,AUTO RICKSHAW,UPI
U005-T00060,U005,2026-07-13,LOCAL TEA & COFFEE PAYMENT,10.0,expense,Food,LOCAL TEA & COFFEE,UPI
U005-T00061,U005,2026-08-25,CHAI POINT PAYMENT,15.0,expense,Food,CHAI POINT,UPI
U005-T00062,U005,2026-07-10,LOCAL TEA & COFFEE PAYMENT,20.0,expense,Food,LOCAL TEA & COFFEE,UPI
U005-T00063,U005,2026-08-24,STREET TIFFIN PAYMENT,50.0,expense,Food,STREET TIFFIN,UPI
U005-T00064,U005,2026-09-28,NAMMA METRO PAYMENT,25.0,expense,Transport,NAMMA METRO,UPI
U005-T00065,U005,2026-07-16,STREET TIFFIN PAYMENT,35.0,expense,Food,STREET TIFFIN,UPI
U005-T00066,U005,2026-09-14,RAPIDO BIKE PAYMENT,15.0,expense,Transport,RAPIDO BIKE,UPI
U005-T00067,U005,2026-07-06,CHAI POINT PAYMENT,20.0,expense,Food,CHAI POINT,UPI
U005-T00068,U005,2026-08-27,COFFEE & CHAT PAYMENT,65.0,expense,Entertainment,COFFEE & CHAT,UPI
U005-T00069,U005,2026-08-25,STREET TIFFIN PAYMENT,50.0,expense,Food,STREET TIFFIN,UPI
U005-T00070,U005,2026-09-28,LOCAL TEA & COFFEE PAYMENT,12.0,expense,Food,LOCAL TEA & COFFEE,UPI
U005-T00071,U005,2026-09-14,COFFEE & CHAT PAYMENT,20.0,expense,Entertainment,COFFEE & CHAT,UPI
U005-T00072,U005,2026-07-20,COFFEE & CHAT PAYMENT,45.0,expense,Entertainment,COFFEE & CHAT,UPI
U005-T00073,U005,2026-09-25,RAPIDO BIKE PAYMENT,42.0,expense,Transport,RAPIDO BIKE,UPI
U005-T00074,U005,2026-08-11,BLINKIT DAILY PAYMENT,60.0,expense,Food,BLINKIT DAILY,UPI
U005-T00075,U005,2026-07-13,LOCAL BAKERY PAYMENT,35.0,expense,Food,LOCAL BAKERY,UPI
U005-T00076,U005,2026-08-13,CHAI POINT PAYMENT,30.0,expense,Food,CHAI POINT,UPI
U005-T00077,U005,2026-08-06,STREET TIFFIN PAYMENT,35.0,expense,Food,STREET TIFFIN,UPI
U005-T00078,U005,2026-07-23,QUICK UPI TRANSFER PAYMENT,10.0,expense,Other,QUICK UPI TRANSFER,UPI
U005-T00079,U005,2026-07-27,BLINKIT DAILY PAYMENT,60.0,expense,Food,BLINKIT DAILY,UPI
U005-T00080,U005,2026-09-12,MOBILE TOP-UP PAYMENT,29.0,expense,Bills,MOBILE TOP-UP,UPI
U005-T00081,U005,2026-07-13,STREET TIFFIN PAYMENT,25.0,expense,Food,STREET TIFFIN,UPI
U005-T00082,U005,2026-07-16,STREET TIFFIN PAYMENT,50.0,expense,Food,STREET TIFFIN,UPI
U005-T00083,U005,2026-08-26,LOCAL BAKERY PAYMENT,20.0,expense,Food,LOCAL BAKERY,UPI
U005-T00084,U005,2026-08-06,PARKING FEE PAYMENT,15.0,expense,Other,PARKING FEE,UPI
U005-T00085,U005,2026-09-16,UBER AUTO PAYMENT,42.0,expense,Transport,UBER AUTO,UPI
U005-T00086,U005,2026-09-24,LOCAL BAKERY PAYMENT,15.0,expense,Food,LOCAL BAKERY,UPI
U005-T00087,U005,2026-07-27,NAMMA METRO PAYMENT,20.0,expense,Transport,NAMMA METRO,UPI
U005-T00088,U005,2026-07-04,RAPIDO BIKE PAYMENT,15.0,expense,Transport,RAPIDO BIKE,UPI
U005-T00089,U005,2026-09-08,NAMMA METRO PAYMENT,20.0,expense,Transport,NAMMA METRO,UPI
U005-T00090,U005,2026-07-01,SWIGGY QUICK BITE PAYMENT,40.0,expense,Food,SWIGGY QUICK BITE,UPI
U005-T00091,U005,2026-08-17,LOCAL TEA & COFFEE PAYMENT,20.0,expense,Food,LOCAL TEA & COFFEE,UPI
U005-T00092,U005,2026-08-26,NAMMA METRO PAYMENT,35.0,expense,Transport,NAMMA METRO,UPI
U005-T00093,U005,2026-08-07,COFFEE & CHAT PAYMENT,20.0,expense,Entertainment,COFFEE & CHAT,UPI
U005-T00094,U005,2026-08-26,MOBILE TOP-UP PAYMENT,29.0,expense,Bills,MOBILE TOP-UP,UPI
U005-T00095,U005,2026-08-03,CHAI POINT PAYMENT,15.0,expense,Food,CHAI POINT,UPI
U005-T00096,U005,2026-08-05,UBER AUTO PAYMENT,28.0,expense,Transport,UBER AUTO,UPI
U005-T00097,U005,2026-08-15,STATIONERY SHOP PAYMENT,20.0,expense,Shopping,STATIONERY SHOP,UPI
U005-T00098,U005,2026-07-10,STREET TIFFIN PAYMENT,35.0,expense,Food,STREET TIFFIN,UPI
U005-T00099,U005,2026-08-05,BLINKIT DAILY PAYMENT,30.0,expense,Food,BLINKIT DAILY,UPI
U005-T00100,U005,2026-09-29,AUTO RICKSHAW PAYMENT,20.0,expense,Transport,AUTO RICKSHAW,UPI
U005-T00101,U005,2026-08-25,CHAI POINT PAYMENT,20.0,expense,Food,CHAI POINT,UPI
U005-T00102,U005,2026-07-25,LOCAL PHARMACY STORE PAYMENT,18.0,expense,Healthcare,LOCAL PHARMACY STORE,UPI
U005-T00103,U005,2026-09-20,RAPIDO BIKE PAYMENT,22.0,expense,Transport,RAPIDO BIKE,UPI
U005-T00104,U005,2026-07-18,NAMMA METRO PAYMENT,20.0,expense,Transport,NAMMA METRO,UPI
U005-T00105,U005,2026-09-25,LOCAL TEA & COFFEE PAYMENT,20.0,expense,Food,LOCAL TEA & COFFEE,UPI
U005-T00106,U005,2026-07-20,SWIGGY QUICK BITE PAYMENT,60.0,expense,Food,SWIGGY QUICK BITE,UPI
U005-T00107,U005,2026-09-02,LOCAL BAKERY PAYMENT,20.0,expense,Food,LOCAL BAKERY,UPI
U005-T00108,U005,2026-09-20,CAMPUS PHOTOCOPY & NOTES PAYMENT,20.0,expense,Education,CAMPUS PHOTOCOPY & NOTES,UPI
U005-T00109,U005,2026-07-01,BLINKIT DAILY PAYMENT,80.0,expense,Food,BLINKIT DAILY,UPI
U005-T00110,U005,2026-09-10,RAPIDO BIKE PAYMENT,22.0,expense,Transport,RAPIDO BIKE,UPI
U005-T00111,U005,2026-07-05,ZEPTO QUICK ESSENTIALS PAYMENT,50.0,expense,Food,ZEPTO QUICK ESSENTIALS,UPI
U005-T00112,U005,2026-09-17,ZEPTO QUICK ESSENTIALS PAYMENT,35.0,expense,Food,ZEPTO QUICK ESSENTIALS,UPI
U005-T00113,U005,2026-09-20,STREET TIFFIN PAYMENT,25.0,expense,Food,STREET TIFFIN,UPI
U005-T00114,U005,2026-08-08,LOCAL PHARMACY STORE PAYMENT,45.0,expense,Healthcare,LOCAL PHARMACY STORE,UPI
U005-T00115,U005,2026-09-24,SWIGGY QUICK BITE PAYMENT,110.0,expense,Food,SWIGGY QUICK BITE,UPI
U005-T00116,U005,2026-09-15,STREET TIFFIN PAYMENT,50.0,expense,Food,STREET TIFFIN,UPI
U005-T00117,U005,2026-08-07,CHAI POINT PAYMENT,10.0,expense,Food,CHAI POINT,UPI
U005-T00118,U005,2026-08-06,BLINKIT DAILY PAYMENT,80.0,expense,Food,BLINKIT DAILY,UPI
U005-T00119,U005,2026-08-11,LOCAL BAKERY PAYMENT,35.0,expense,Food,LOCAL BAKERY,UPI
U005-T00120,U005,2026-07-15,LOCAL TEA & COFFEE PAYMENT,15.0,expense,Food,LOCAL TEA & COFFEE,UPI
U005-T00121,U005,2026-09-23,CHAI POINT PAYMENT,30.0,expense,Food,CHAI POINT,UPI
U005-T00122,U005,2026-09-29,LOCAL TEA & COFFEE PAYMENT,20.0,expense,Food,LOCAL TEA & COFFEE,UPI
U005-T00123,U005,2026-09-01,RAPIDO BIKE PAYMENT,22.0,expense,Transport,RAPIDO BIKE,UPI
U005-T00124,U005,2026-07-04,STREET TIFFIN PAYMENT,25.0,expense,Food,STREET TIFFIN,UPI
U005-T00125,U005,2026-08-22,CHAI POINT PAYMENT,20.0,expense,Food,CHAI POINT,UPI
U005-T00126,U005,2026-08-03,AUTO RICKSHAW PAYMENT,55.0,expense,Transport,AUTO RICKSHAW,UPI
U005-T00127,U005,2026-08-20,STATIONERY SHOP PAYMENT,45.0,expense,Shopping,STATIONERY SHOP,UPI
U005-T00128,U005,2026-08-21,LOCAL BAKERY PAYMENT,15.0,expense,Food,LOCAL BAKERY,UPI
U005-T00129,U005,2026-08-04,SWIGGY QUICK BITE PAYMENT,60.0,expense,Food,SWIGGY QUICK BITE,UPI
U005-T00130,U005,2026-08-13,RAPIDO BIKE PAYMENT,15.0,expense,Transport,RAPIDO BIKE,UPI
U005-T00131,U005,2026-08-09,BLINKIT DAILY PAYMENT,40.0,expense,Food,BLINKIT DAILY,UPI
U005-T00132,U005,2026-09-12,CAMPUS PHOTOCOPY & NOTES PAYMENT,20.0,expense,Education,CAMPUS PHOTOCOPY & NOTES,UPI
U005-T00133,U005,2026-09-19,CHAI POINT PAYMENT,20.0,expense,Food,CHAI POINT,UPI
U005-T00134,U005,2026-07-17,RAPIDO BIKE PAYMENT,15.0,expense,Transport,RAPIDO BIKE,UPI
U005-T00135,U005,2026-07-03,STATIONERY SHOP PAYMENT,12.0,expense,Shopping,STATIONERY SHOP,UPI
U005-T00136,U005,2026-09-29,STREET TIFFIN PAYMENT,35.0,expense,Food,STREET TIFFIN,UPI
U005-T00137,U005,2026-09-09,CHAI POINT PAYMENT,10.0,expense,Food,CHAI POINT,UPI
U005-T00138,U005,2026-09-05,LOCAL BAKERY PAYMENT,20.0,expense,Food,LOCAL BAKERY,UPI
U005-T00139,U005,2026-07-21,LOCAL PHARMACY STORE PAYMENT,65.0,expense,Healthcare,LOCAL PHARMACY STORE,UPI
U005-T00140,U005,2026-09-30,LOCAL BAKERY PAYMENT,20.0,expense,Food,LOCAL BAKERY,UPI
U005-T00141,U005,2026-08-17,STREET TIFFIN PAYMENT,25.0,expense,Food,STREET TIFFIN,UPI
U005-T00142,U005,2026-09-09,UBER AUTO PAYMENT,28.0,expense,Transport,UBER AUTO,UPI
U005-T00143,U005,2026-07-05,LOCAL PHARMACY STORE PAYMENT,18.0,expense,Healthcare,LOCAL PHARMACY STORE,UPI
U005-T00144,U005,2026-09-03,ZEPTO QUICK ESSENTIALS PAYMENT,75.0,expense,Food,ZEPTO QUICK ESSENTIALS,UPI
U005-T00145,U005,2026-07-06,LOCAL TEA & COFFEE PAYMENT,15.0,expense,Food,LOCAL TEA & COFFEE,UPI
U005-T00146,U005,2026-07-04,LOCAL BAKERY PAYMENT,20.0,expense,Food,LOCAL BAKERY,UPI
U005-T00147,U005,2026-07-05,LOCAL BAKERY PAYMENT,15.0,expense,Food,LOCAL BAKERY,UPI
U005-T00148,U005,2026-08-18,RAPIDO BIKE PAYMENT,22.0,expense,Transport,RAPIDO BIKE,UPI
U005-T00149,U005,2026-08-04,CAMPUS PHOTOCOPY & NOTES PAYMENT,10.0,expense,Education,CAMPUS PHOTOCOPY & NOTES,UPI
U005-T00150,U005,2026-07-10,SWIGGY QUICK BITE PAYMENT,110.0,expense,Food,SWIGGY QUICK BITE,UPI
U005-T00151,U005,2026-07-03,CHAI POINT PAYMENT,15.0,expense,Food,CHAI POINT,UPI
U005-T00152,U005,2026-07-13,UBER AUTO PAYMENT,75.0,expense,Transport,UBER AUTO,UPI
U005-T00153,U005,2026-07-25,LOCAL PHARMACY STORE PAYMENT,45.0,expense,Healthcare,LOCAL PHARMACY STORE,UPI
U005-T00154,U005,2026-08-11,BLINKIT DAILY PAYMENT,30.0,expense,Food,BLINKIT DAILY,UPI
U005-T00155,U005,2026-08-08,LOCAL BAKERY PAYMENT,20.0,expense,Food,LOCAL BAKERY,UPI
U005-T00156,U005,2026-07-13,LOCAL BAKERY PAYMENT,35.0,expense,Food,LOCAL BAKERY,UPI
U005-T00157,U005,2026-08-18,STREET TIFFIN PAYMENT,20.0,expense,Food,STREET TIFFIN,UPI
U005-T00158,U005,2026-07-29,QUICK UPI TRANSFER PAYMENT,20.0,expense,Other,QUICK UPI TRANSFER,UPI
U005-T00159,U005,2026-08-31,LOCAL BAKERY PAYMENT,20.0,expense,Food,LOCAL BAKERY,UPI
U005-T00160,U005,2026-08-18,CHAI POINT PAYMENT,30.0,expense,Food,CHAI POINT,UPI
U005-T00161,U005,2026-08-20,PARKING FEE PAYMENT,20.0,expense,Other,PARKING FEE,UPI
U005-T00162,U005,2026-09-30,CHAI POINT PAYMENT,15.0,expense,Food,CHAI POINT,UPI
U005-T00163,U005,2026-09-12,QUICK UPI TRANSFER PAYMENT,30.0,expense,Other,QUICK UPI TRANSFER,UPI
U005-T00164,U005,2026-07-30,BLINKIT DAILY PAYMENT,80.0,expense,Food,BLINKIT DAILY,UPI
U005-T00165,U005,2026-09-11,CHAI POINT PAYMENT,20.0,expense,Food,CHAI POINT,UPI
U005-T00166,U005,2026-08-12,LOCAL TEA & COFFEE PAYMENT,10.0,expense,Food,LOCAL TEA & COFFEE,UPI
U005-T00167,U005,2026-07-13,NAMMA METRO PAYMENT,20.0,expense,Transport,NAMMA METRO,UPI
U005-T00168,U005,2026-09-01,RAPIDO BIKE PAYMENT,15.0,expense,Transport,RAPIDO BIKE,UPI
U005-T00169,U005,2026-07-19,ZEPTO QUICK ESSENTIALS PAYMENT,75.0,expense,Food,ZEPTO QUICK ESSENTIALS,UPI
U005-T00170,U005,2026-09-05,AUTO RICKSHAW PAYMENT,30.0,expense,Transport,AUTO RICKSHAW,UPI
U005-T00171,U005,2026-07-08,KIRANA STORE PAYMENT,35.0,expense,Shopping,KIRANA STORE,UPI
U005-T00172,U005,2026-08-22,STREET TIFFIN PAYMENT,35.0,expense,Food,STREET TIFFIN,UPI
U005-T00173,U005,2026-07-20,CHAI POINT PAYMENT,30.0,expense,Food,CHAI POINT,UPI
U005-T00174,U005,2026-07-01,LOCAL BAKERY PAYMENT,20.0,expense,Food,LOCAL BAKERY,UPI
U005-T00175,U005,2026-09-10,KIRANA STORE PAYMENT,55.0,expense,Shopping,KIRANA STORE,UPI
U005-T00176,U005,2026-08-10,QUICK UPI TRANSFER PAYMENT,15.0,expense,Other,QUICK UPI TRANSFER,UPI
U005-T00177,U005,2026-08-11,BLINKIT DAILY PAYMENT,80.0,expense,Food,BLINKIT DAILY,UPI
U005-T00178,U005,2026-09-04,NAMMA METRO PAYMENT,15.0,expense,Transport,NAMMA METRO,UPI
U005-T00179,U005,2026-07-14,BLINKIT DAILY PAYMENT,30.0,expense,Food,BLINKIT DAILY,UPI
U005-T00180,U005,2026-08-18,LOCAL TEA & COFFEE PAYMENT,10.0,expense,Food,LOCAL TEA & COFFEE,UPI
U005-T00181,U005,2026-07-21,NAMMA METRO PAYMENT,15.0,expense,Transport,NAMMA METRO,UPI
U005-T00182,U005,2026-07-22,LOCAL TEA & COFFEE PAYMENT,10.0,expense,Food,LOCAL TEA & COFFEE,UPI
U005-T00183,U005,2026-07-05,MOBILE TOP-UP PAYMENT,29.0,expense,Bills,MOBILE TOP-UP,UPI
U005-T00184,U005,2026-07-22,RAPIDO BIKE PAYMENT,42.0,expense,Transport,RAPIDO BIKE,UPI
U005-T00185,U005,2026-07-18,UBER AUTO PAYMENT,75.0,expense,Transport,UBER AUTO,UPI
U005-T00186,U005,2026-08-21,CHAI POINT PAYMENT,10.0,expense,Food,CHAI POINT,UPI
U005-T00187,U005,2026-08-25,COMMUNITY CHARITY UPI PAYMENT,51.0,expense,Other,COMMUNITY CHARITY UPI,UPI
U005-T00188,U005,2026-09-25,LOCAL BAKERY PAYMENT,25.0,expense,Food,LOCAL BAKERY,UPI
U005-T00189,U005,2026-09-17,MOBILE TOP-UP PAYMENT,49.0,expense,Bills,MOBILE TOP-UP,UPI
U005-T00190,U005,2026-09-22,LOCAL TEA & COFFEE PAYMENT,15.0,expense,Food,LOCAL TEA & COFFEE,UPI
U005-T00191,U005,2026-09-05,AUTO RICKSHAW PAYMENT,40.0,expense,Transport,AUTO RICKSHAW,UPI
U005-T00192,U005,2026-09-05,RAPIDO BIKE PAYMENT,42.0,expense,Transport,RAPIDO BIKE,UPI
U005-T00193,U005,2026-08-29,LOCAL BAKERY PAYMENT,25.0,expense,Food,LOCAL BAKERY,UPI
U005-T00194,U005,2026-07-18,LOCAL TEA & COFFEE PAYMENT,20.0,expense,Food,LOCAL TEA & COFFEE,UPI
U005-T00195,U005,2026-07-02,STREET TIFFIN PAYMENT,25.0,expense,Food,STREET TIFFIN,UPI
U005-T00196,U005,2026-07-20,BLINKIT DAILY PAYMENT,30.0,expense,Food,BLINKIT DAILY,UPI
U005-T00197,U005,2026-08-09,AUTO RICKSHAW PAYMENT,30.0,expense,Transport,AUTO RICKSHAW,UPI
U005-T00198,U005,2026-09-27,CHAI POINT PAYMENT,30.0,expense,Food,CHAI POINT,UPI
U005-T00199,U005,2026-08-12,CHAI POINT PAYMENT,30.0,expense,Food,CHAI POINT,UPI
U005-T00200,U005,2026-09-15,LOCAL TEA & COFFEE PAYMENT,15.0,expense,Food,LOCAL TEA & COFFEE,UPI
U005-T00201,U005,2026-09-20,NAMMA METRO PAYMENT,20.0,expense,Transport,NAMMA METRO,UPI
U005-T00202,U005,2026-08-14,RAPIDO BIKE PAYMENT,22.0,expense,Transport,RAPIDO BIKE,UPI
U005-T00203,U005,2026-08-05,LOCAL BAKERY PAYMENT,35.0,expense,Food,LOCAL BAKERY,UPI
U005-T00204,U005,2026-09-13,UBER AUTO PAYMENT,60.0,expense,Transport,UBER AUTO,UPI
U005-T00205,U005,2026-09-18,KIRANA STORE PAYMENT,35.0,expense,Shopping,KIRANA STORE,UPI
U005-T00206,U005,2026-09-10,NAMMA METRO PAYMENT,20.0,expense,Transport,NAMMA METRO,UPI
U005-T00207,U005,2026-07-10,RAPIDO BIKE PAYMENT,15.0,expense,Transport,RAPIDO BIKE,UPI
U005-T00208,U005,2026-07-28,LOCAL BAKERY PAYMENT,25.0,expense,Food,LOCAL BAKERY,UPI
U005-T00209,U005,2026-09-11,CHAI POINT PAYMENT,30.0,expense,Food,CHAI POINT,UPI
U005-T00210,U005,2026-08-12,NAMMA METRO PAYMENT,25.0,expense,Transport,NAMMA METRO,UPI
U005-T00211,U005,2026-09-17,AUTO RICKSHAW PAYMENT,55.0,expense,Transport,AUTO RICKSHAW,UPI
U005-T00212,U005,2026-07-27,LOCAL TEA & COFFEE PAYMENT,12.0,expense,Food,LOCAL TEA & COFFEE,UPI
U005-T00213,U005,2026-07-28,CHAI POINT PAYMENT,15.0,expense,Food,CHAI POINT,UPI
U005-T00214,U005,2026-07-19,LOCAL TEA & COFFEE PAYMENT,10.0,expense,Food,LOCAL TEA & COFFEE,UPI
U005-T00215,U005,2026-08-11,CHAI POINT PAYMENT,10.0,expense,Food,CHAI POINT,UPI
U005-T00216,U005,2026-07-18,SWIGGY QUICK BITE PAYMENT,110.0,expense,Food,SWIGGY QUICK BITE,UPI
U005-T00217,U005,2026-08-24,RAPIDO BIKE PAYMENT,30.0,expense,Transport,RAPIDO BIKE,UPI
U005-T00218,U005,2026-08-08,SWIGGY QUICK BITE PAYMENT,40.0,expense,Food,SWIGGY QUICK BITE,UPI
U005-T00219,U005,2026-07-31,NAMMA METRO PAYMENT,35.0,expense,Transport,NAMMA METRO,UPI
U005-T00220,U005,2026-08-19,AUTO RICKSHAW PAYMENT,40.0,expense,Transport,AUTO RICKSHAW,UPI
U005-T00221,U005,2026-08-09,LOCAL PHARMACY STORE PAYMENT,45.0,expense,Healthcare,LOCAL PHARMACY STORE,UPI
U005-T00222,U005,2026-09-06,CHAI POINT PAYMENT,15.0,expense,Food,CHAI POINT,UPI
U005-T00223,U005,2026-07-22,PARKING FEE PAYMENT,15.0,expense,Other,PARKING FEE,UPI
U005-T00224,U005,2026-09-30,LOCAL TEA & COFFEE PAYMENT,20.0,expense,Food,LOCAL TEA & COFFEE,UPI
U005-T00225,U005,2026-09-10,BLINKIT DAILY PAYMENT,60.0,expense,Food,BLINKIT DAILY,UPI
U005-T00226,U005,2026-09-26,LOCAL TEA & COFFEE PAYMENT,20.0,expense,Food,LOCAL TEA & COFFEE,UPI
U005-T00227,U005,2026-09-22,STREET TIFFIN PAYMENT,20.0,expense,Food,STREET TIFFIN,UPI
U005-T00228,U005,2026-08-16,LOCAL PHARMACY STORE PAYMENT,45.0,expense,Healthcare,LOCAL PHARMACY STORE,UPI
U005-T00229,U005,2026-08-24,LOCAL BAKERY PAYMENT,20.0,expense,Food,LOCAL BAKERY,UPI
U005-T00230,U005,2026-08-18,ZEPTO QUICK ESSENTIALS PAYMENT,25.0,expense,Food,ZEPTO QUICK ESSENTIALS,UPI
U005-T00231,U005,2026-07-26,BLINKIT DAILY PAYMENT,40.0,expense,Food,BLINKIT DAILY,UPI
U005-T00232,U005,2026-07-01,NAMMA METRO PAYMENT,25.0,expense,Transport,NAMMA METRO,UPI
U005-T00233,U005,2026-07-13,COFFEE & CHAT PAYMENT,45.0,expense,Entertainment,COFFEE & CHAT,UPI
U005-T00234,U005,2026-09-03,COFFEE & CHAT PAYMENT,45.0,expense,Entertainment,COFFEE & CHAT,UPI
U005-T00235,U005,2026-07-05,RAPIDO BIKE PAYMENT,42.0,expense,Transport,RAPIDO BIKE,UPI
U005-T00236,U005,2026-08-20,CHAI POINT PAYMENT,20.0,expense,Food,CHAI POINT,UPI
U005-T00237,U005,2026-08-05,RAPIDO BIKE PAYMENT,15.0,expense,Transport,RAPIDO BIKE,UPI
U005-T00238,U005,2026-09-30,PARKING FEE PAYMENT,20.0,expense,Other,PARKING FEE,UPI
U005-T00239,U005,2026-09-19,BLINKIT DAILY PAYMENT,40.0,expense,Food,BLINKIT DAILY,UPI
U005-T00240,U005,2026-08-30,UBER AUTO PAYMENT,28.0,expense,Transport,UBER AUTO,UPI
U005-T00241,U005,2026-07-05,ZEPTO QUICK ESSENTIALS PAYMENT,35.0,expense,Food,ZEPTO QUICK ESSENTIALS,UPI
U005-T00242,U005,2026-09-29,UBER AUTO PAYMENT,42.0,expense,Transport,UBER AUTO,UPI
U005-T00243,U005,2026-07-11,BLINKIT DAILY PAYMENT,30.0,expense,Food,BLINKIT DAILY,UPI
U005-T00244,U005,2026-07-08,BLINKIT DAILY PAYMENT,30.0,expense,Food,BLINKIT DAILY,UPI
U005-T00245,U005,2026-08-10,CHAI POINT PAYMENT,20.0,expense,Food,CHAI POINT,UPI
U005-T00246,U005,2026-07-25,RAPIDO BIKE PAYMENT,15.0,expense,Transport,RAPIDO BIKE,UPI
U005-T00247,U005,2026-08-12,LOCAL PHARMACY STORE PAYMENT,45.0,expense,Healthcare,LOCAL PHARMACY STORE,UPI
U005-T00248,U005,2026-09-29,LOCAL TEA & COFFEE PAYMENT,15.0,expense,Food,LOCAL TEA & COFFEE,UPI
U005-T00249,U005,2026-09-05,CHAI POINT PAYMENT,30.0,expense,Food,CHAI POINT,UPI
U005-T00250,U005,2026-08-23,LOCAL PHARMACY STORE PAYMENT,18.0,expense,Healthcare,LOCAL PHARMACY STORE,UPI
U005-T00251,U005,2026-07-09,LOCAL TEA & COFFEE PAYMENT,12.0,expense,Food,LOCAL TEA & COFFEE,UPI
U005-T00252,U005,2026-08-04,CHAI POINT PAYMENT,30.0,expense,Food,CHAI POINT,UPI
U005-T00253,U005,2026-07-06,LOCAL BAKERY PAYMENT,20.0,expense,Food,LOCAL BAKERY,UPI
U005-T00254,U005,2026-09-27,SWIGGY QUICK BITE PAYMENT,60.0,expense,Food,SWIGGY QUICK BITE,UPI
U005-T00255,U005,2026-09-20,UBER AUTO PAYMENT,28.0,expense,Transport,UBER AUTO,UPI
U005-T00256,U005,2026-08-09,LOCAL BAKERY PAYMENT,25.0,expense,Food,LOCAL BAKERY,UPI
U005-T00257,U005,2026-07-16,STREET TIFFIN PAYMENT,20.0,expense,Food,STREET TIFFIN,UPI
U005-T00258,U005,2026-09-11,PARKING FEE PAYMENT,10.0,expense,Other,PARKING FEE,UPI
U005-T00259,U005,2026-07-15,COFFEE & CHAT PAYMENT,30.0,expense,Entertainment,COFFEE & CHAT,UPI
U005-T00260,U005,2026-07-12,LOCAL TEA & COFFEE PAYMENT,10.0,expense,Food,LOCAL TEA & COFFEE,UPI
U005-T00261,U005,2026-07-22,KIRANA STORE PAYMENT,25.0,expense,Shopping,KIRANA STORE,UPI
U005-T00262,U005,2026-09-20,ZEPTO QUICK ESSENTIALS PAYMENT,25.0,expense,Food,ZEPTO QUICK ESSENTIALS,UPI
U005-T00263,U005,2026-08-01,STREET TIFFIN PAYMENT,25.0,expense,Food,STREET TIFFIN,UPI
U005-T00264,U005,2026-07-17,STREET TIFFIN PAYMENT,50.0,expense,Food,STREET TIFFIN,UPI
U005-T00265,U005,2026-09-29,STREET TIFFIN PAYMENT,35.0,expense,Food,STREET TIFFIN,UPI
U005-T00266,U005,2026-07-18,NAMMA METRO PAYMENT,35.0,expense,Transport,NAMMA METRO,UPI
U005-T00267,U005,2026-07-29,LOCAL PHARMACY STORE PAYMENT,45.0,expense,Healthcare,LOCAL PHARMACY STORE,UPI
U005-T00268,U005,2026-07-26,LOCAL TEA & COFFEE PAYMENT,15.0,expense,Food,LOCAL TEA & COFFEE,UPI
U005-T00269,U005,2026-08-03,AUTO RICKSHAW PAYMENT,40.0,expense,Transport,AUTO RICKSHAW,UPI
U005-T00270,U005,2026-07-12,SWIGGY QUICK BITE PAYMENT,85.0,expense,Food,SWIGGY QUICK BITE,UPI
U005-T00271,U005,2026-08-14,KIRANA STORE PAYMENT,55.0,expense,Shopping,KIRANA STORE,UPI
U005-T00272,U005,2026-09-19,AUTO RICKSHAW PAYMENT,30.0,expense,Transport,AUTO RICKSHAW,UPI
U005-T00273,U005,2026-07-05,PARKING FEE PAYMENT,20.0,expense,Other,PARKING FEE,UPI
U005-T00274,U005,2026-08-19,LOCAL TEA & COFFEE PAYMENT,12.0,expense,Food,LOCAL TEA & COFFEE,UPI
U005-T00275,U005,2026-09-28,BLINKIT DAILY PAYMENT,60.0,expense,Food,BLINKIT DAILY,UPI
U005-T00276,U005,2026-07-27,STREET TIFFIN PAYMENT,35.0,expense,Food,STREET TIFFIN,UPI
U005-T00277,U005,2026-07-12,SWIGGY QUICK BITE PAYMENT,60.0,expense,Food,SWIGGY QUICK BITE,UPI
U005-T00278,U005,2026-08-03,LOCAL BAKERY PAYMENT,25.0,expense,Food,LOCAL BAKERY,UPI
U005-T00279,U005,2026-07-05,COFFEE & CHAT PAYMENT,30.0,expense,Entertainment,COFFEE & CHAT,UPI
U005-T00280,U005,2026-08-30,LOCAL TEA & COFFEE PAYMENT,15.0,expense,Food,LOCAL TEA & COFFEE,UPI
U005-T00281,U005,2026-08-17,NAMMA METRO PAYMENT,15.0,expense,Transport,NAMMA METRO,UPI
U005-T00282,U005,2026-08-11,AUTO RICKSHAW PAYMENT,40.0,expense,Transport,AUTO RICKSHAW,UPI
U005-T00283,U005,2026-07-02,LOCAL TEA & COFFEE PAYMENT,20.0,expense,Food,LOCAL TEA & COFFEE,UPI
U005-T00284,U005,2026-08-12,STREET TIFFIN PAYMENT,20.0,expense,Food,STREET TIFFIN,UPI
U005-T00285,U005,2026-07-24,COFFEE & CHAT PAYMENT,45.0,expense,Entertainment,COFFEE & CHAT,UPI
U005-T00286,U005,2026-07-21,BLINKIT DAILY PAYMENT,40.0,expense,Food,BLINKIT DAILY,UPI
U005-T00287,U005,2026-07-03,BLINKIT DAILY PAYMENT,80.0,expense,Food,BLINKIT DAILY,UPI
U005-T00288,U005,2026-09-14,NAMMA METRO PAYMENT,35.0,expense,Transport,NAMMA METRO,UPI
U005-T00289,U005,2026-08-21,BLINKIT DAILY PAYMENT,40.0,expense,Food,BLINKIT DAILY,UPI
U005-T00290,U005,2026-08-02,AUTO RICKSHAW PAYMENT,40.0,expense,Transport,AUTO RICKSHAW,UPI
U005-T00291,U005,2026-08-31,AUTO RICKSHAW PAYMENT,40.0,expense,Transport,AUTO RICKSHAW,UPI
U005-T00292,U005,2026-07-06,QUICK UPI TRANSFER PAYMENT,15.0,expense,Other,QUICK UPI TRANSFER,UPI
U005-T00293,U005,2026-09-03,CHAI POINT PAYMENT,30.0,expense,Food,CHAI POINT,UPI
U005-T00294,U005,2026-08-04,QUICK UPI TRANSFER PAYMENT,30.0,expense,Other,QUICK UPI TRANSFER,UPI
U005-T00295,U005,2026-09-14,CHAI POINT PAYMENT,15.0,expense,Food,CHAI POINT,UPI
U005-T00296,U005,2026-08-08,MOBILE TOP-UP PAYMENT,49.0,expense,Bills,MOBILE TOP-UP,UPI
U005-T00297,U005,2026-09-06,LOCAL TEA & COFFEE PAYMENT,12.0,expense,Food,LOCAL TEA & COFFEE,UPI
U005-T00298,U005,2026-07-17,RAPIDO BIKE PAYMENT,15.0,expense,Transport,RAPIDO BIKE,UPI
U005-T00299,U005,2026-07-12,STREET TIFFIN PAYMENT,25.0,expense,Food,STREET TIFFIN,UPI
U005-T00300,U005,2026-08-14,BLINKIT DAILY PAYMENT,40.0,expense,Food,BLINKIT DAILY,UPI
U005-T00301,U005,2026-08-28,CHAI POINT PAYMENT,15.0,expense,Food,CHAI POINT,UPI
U005-T00302,U005,2026-07-26,MOBILE TOP-UP PAYMENT,29.0,expense,Bills,MOBILE TOP-UP,UPI
U005-T00303,U005,2026-08-09,CHAI POINT PAYMENT,15.0,expense,Food,CHAI POINT,UPI
U005-T00304,U005,2026-07-27,BLINKIT DAILY PAYMENT,40.0,expense,Food,BLINKIT DAILY,UPI
U005-T00305,U005,2026-07-20,AUTO RICKSHAW PAYMENT,40.0,expense,Transport,AUTO RICKSHAW,UPI
U005-T00306,U005,2026-07-01,SWIGGY QUICK BITE PAYMENT,85.0,expense,Food,SWIGGY QUICK BITE,UPI
U005-T00307,U005,2026-07-13,BLINKIT DAILY PAYMENT,80.0,expense,Food,BLINKIT DAILY,UPI
U005-T00308,U005,2026-09-28,LOCAL BAKERY PAYMENT,35.0,expense,Food,LOCAL BAKERY,UPI
U005-T00309,U005,2026-09-24,ZEPTO QUICK ESSENTIALS PAYMENT,75.0,expense,Food,ZEPTO QUICK ESSENTIALS,UPI
U005-T00310,U005,2026-09-29,LOCAL BAKERY PAYMENT,15.0,expense,Food,LOCAL BAKERY,UPI
U005-T00311,U005,2026-08-19,LOCAL TEA & COFFEE PAYMENT,12.0,expense,Food,LOCAL TEA & COFFEE,UPI
U005-T00312,U005,2026-08-21,KIRANA STORE PAYMENT,35.0,expense,Shopping,KIRANA STORE,UPI
U005-T00313,U005,2026-09-25,UBER AUTO PAYMENT,75.0,expense,Transport,UBER AUTO,UPI
U005-T00314,U005,2026-09-15,ZEPTO QUICK ESSENTIALS PAYMENT,25.0,expense,Food,ZEPTO QUICK ESSENTIALS,UPI
U005-T00315,U005,2026-08-14,SWIGGY QUICK BITE PAYMENT,40.0,expense,Food,SWIGGY QUICK BITE,UPI
U005-T00316,U005,2026-07-29,MOBILE TOP-UP PAYMENT,19.0,expense,Bills,MOBILE TOP-UP,UPI
U005-T00317,U005,2026-07-31,ZEPTO QUICK ESSENTIALS PAYMENT,50.0,expense,Food,ZEPTO QUICK ESSENTIALS,UPI
U005-T00318,U005,2026-09-03,STATIONERY SHOP PAYMENT,45.0,expense,Shopping,STATIONERY SHOP,UPI
U005-T00319,U005,2026-07-10,RAPIDO BIKE PAYMENT,22.0,expense,Transport,RAPIDO BIKE,UPI
U005-T00320,U005,2026-09-02,LOCAL TEA & COFFEE PAYMENT,12.0,expense,Food,LOCAL TEA & COFFEE,UPI
U005-T00321,U005,2026-08-08,BLINKIT DAILY PAYMENT,60.0,expense,Food,BLINKIT DAILY,UPI
U005-T00322,U005,2026-08-19,RAPIDO BIKE PAYMENT,42.0,expense,Transport,RAPIDO BIKE,UPI
U005-T00323,U005,2026-07-20,LOCAL BAKERY PAYMENT,35.0,expense,Food,LOCAL BAKERY,UPI
U005-T00324,U005,2026-09-25,STATIONERY SHOP PAYMENT,12.0,expense,Shopping,STATIONERY SHOP,UPI
U005-T00325,U005,2026-08-03,QUICK UPI TRANSFER PAYMENT,30.0,expense,Other,QUICK UPI TRANSFER,UPI
U005-T00326,U005,2026-07-23,LOCAL TEA & COFFEE PAYMENT,10.0,expense,Food,LOCAL TEA & COFFEE,UPI
U005-T00327,U005,2026-08-29,STATIONERY SHOP PAYMENT,30.0,expense,Shopping,STATIONERY SHOP,UPI
U005-T00328,U005,2026-09-26,UBER AUTO PAYMENT,75.0,expense,Transport,UBER AUTO,UPI
U005-T00329,U005,2026-07-02,LOCAL TEA & COFFEE PAYMENT,12.0,expense,Food,LOCAL TEA & COFFEE,UPI
U005-T00330,U005,2026-09-12,SWIGGY QUICK BITE PAYMENT,110.0,expense,Food,SWIGGY QUICK BITE,UPI
U005-T00331,U005,2026-07-02,SWIGGY QUICK BITE PAYMENT,110.0,expense,Food,SWIGGY QUICK BITE,UPI
U005-T00332,U005,2026-08-24,KIRANA STORE PAYMENT,35.0,expense,Shopping,KIRANA STORE,UPI
U005-T00333,U005,2026-08-24,LOCAL BAKERY PAYMENT,15.0,expense,Food,LOCAL BAKERY,UPI
U005-T00334,U005,2026-09-16,STATIONERY SHOP PAYMENT,45.0,expense,Shopping,STATIONERY SHOP,UPI
U005-T00335,U005,2026-09-03,ZEPTO QUICK ESSENTIALS PAYMENT,75.0,expense,Food,ZEPTO QUICK ESSENTIALS,UPI
U005-T00336,U005,2026-09-30,STREET TIFFIN PAYMENT,35.0,expense,Food,STREET TIFFIN,UPI
U005-T00337,U005,2026-07-15,KIRANA STORE PAYMENT,55.0,expense,Shopping,KIRANA STORE,UPI
U005-T00338,U005,2026-09-07,UBER AUTO PAYMENT,28.0,expense,Transport,UBER AUTO,UPI
U005-T00339,U005,2026-07-20,CHAI POINT PAYMENT,20.0,expense,Food,CHAI POINT,UPI
U005-T00340,U005,2026-07-26,NAMMA METRO PAYMENT,35.0,expense,Transport,NAMMA METRO,UPI
U005-T00341,U005,2026-08-25,CHAI POINT PAYMENT,20.0,expense,Food,CHAI POINT,UPI
U005-T00342,U005,2026-07-06,LOCAL TEA & COFFEE PAYMENT,20.0,expense,Food,LOCAL TEA & COFFEE,UPI
U005-T00343,U005,2026-08-28,ZEPTO QUICK ESSENTIALS PAYMENT,50.0,expense,Food,ZEPTO QUICK ESSENTIALS,UPI
U005-T00344,U005,2026-08-02,BLINKIT DAILY PAYMENT,60.0,expense,Food,BLINKIT DAILY,UPI
U005-T00345,U005,2026-07-04,NAMMA METRO PAYMENT,20.0,expense,Transport,NAMMA METRO,UPI
U005-T00346,U005,2026-08-07,STREET TIFFIN PAYMENT,20.0,expense,Food,STREET TIFFIN,UPI
U005-T00347,U005,2026-08-27,STREET TIFFIN PAYMENT,20.0,expense,Food,STREET TIFFIN,UPI
U005-T00348,U005,2026-09-15,CHAI POINT PAYMENT,10.0,expense,Food,CHAI POINT,UPI
U005-T00349,U005,2026-09-07,UBER AUTO PAYMENT,42.0,expense,Transport,UBER AUTO,UPI
U005-T00350,U005,2026-07-23,CHAI POINT PAYMENT,10.0,expense,Food,CHAI POINT,UPI
U005-T00351,U005,2026-07-17,UBER AUTO PAYMENT,75.0,expense,Transport,UBER AUTO,UPI
U005-T00352,U005,2026-08-25,MOBILE TOP-UP PAYMENT,29.0,expense,Bills,MOBILE TOP-UP,UPI
U005-T00353,U005,2026-08-28,AUTO RICKSHAW PAYMENT,30.0,expense,Transport,AUTO RICKSHAW,UPI
U005-T00354,U005,2026-09-06,NAMMA METRO PAYMENT,15.0,expense,Transport,NAMMA METRO,UPI
U005-T00355,U005,2026-07-10,STREET TIFFIN PAYMENT,20.0,expense,Food,STREET TIFFIN,UPI
U005-T00356,U005,2026-07-19,RAPIDO BIKE PAYMENT,15.0,expense,Transport,RAPIDO BIKE,UPI
U005-T00357,U005,2026-08-18,SWIGGY QUICK BITE PAYMENT,40.0,expense,Food,SWIGGY QUICK BITE,UPI
U005-T00358,U005,2026-08-13,PARKING FEE PAYMENT,20.0,expense,Other,PARKING FEE,UPI
U005-T00359,U005,2026-08-08,BLINKIT DAILY PAYMENT,30.0,expense,Food,BLINKIT DAILY,UPI
U005-T00360,U005,2026-07-24,PARKING FEE PAYMENT,15.0,expense,Other,PARKING FEE,UPI
U005-T00361,U005,2026-09-22,UBER AUTO PAYMENT,28.0,expense,Transport,UBER AUTO,UPI
U005-T00362,U005,2026-08-25,QUICK UPI TRANSFER PAYMENT,15.0,expense,Other,QUICK UPI TRANSFER,UPI
U005-T00363,U005,2026-09-12,LOCAL BAKERY PAYMENT,25.0,expense,Food,LOCAL BAKERY,UPI
U005-T00364,U005,2026-09-17,SWIGGY QUICK BITE PAYMENT,60.0,expense,Food,SWIGGY QUICK BITE,UPI
U005-T00365,U005,2026-09-27,KIRANA STORE PAYMENT,35.0,expense,Shopping,KIRANA STORE,UPI
U005-T00366,U005,2026-09-12,BLINKIT DAILY PAYMENT,80.0,expense,Food,BLINKIT DAILY,UPI
U005-T00367,U005,2026-08-05,UBER AUTO PAYMENT,42.0,expense,Transport,UBER AUTO,UPI
U005-T00368,U005,2026-08-05,SWIGGY QUICK BITE PAYMENT,40.0,expense,Food,SWIGGY QUICK BITE,UPI
U005-T00369,U005,2026-09-16,ZEPTO QUICK ESSENTIALS PAYMENT,35.0,expense,Food,ZEPTO QUICK ESSENTIALS,UPI
U005-T00370,U005,2026-09-25,LOCAL BAKERY PAYMENT,15.0,expense,Food,LOCAL BAKERY,UPI
U005-T00371,U005,2026-08-22,LOCAL TEA & COFFEE PAYMENT,20.0,expense,Food,LOCAL TEA & COFFEE,UPI
U005-T00372,U005,2026-09-23,LOCAL TEA & COFFEE PAYMENT,15.0,expense,Food,LOCAL TEA & COFFEE,UPI
U005-T00373,U005,2026-08-29,RAPIDO BIKE PAYMENT,30.0,expense,Transport,RAPIDO BIKE,UPI
U005-T00374,U005,2026-07-13,LOCAL BAKERY PAYMENT,15.0,expense,Food,LOCAL BAKERY,UPI
U005-T00375,U005,2026-09-29,STREET TIFFIN PAYMENT,20.0,expense,Food,STREET TIFFIN,UPI
U005-T00376,U005,2026-09-17,STREET TIFFIN PAYMENT,50.0,expense,Food,STREET TIFFIN,UPI
U005-T00377,U005,2026-09-14,BLINKIT DAILY PAYMENT,60.0,expense,Food,BLINKIT DAILY,UPI
U005-T00378,U005,2026-09-08,ZEPTO QUICK ESSENTIALS PAYMENT,25.0,expense,Food,ZEPTO QUICK ESSENTIALS,UPI
U005-T00379,U005,2026-08-13,STREET TIFFIN PAYMENT,35.0,expense,Food,STREET TIFFIN,UPI
U005-T00380,U005,2026-08-26,LOCAL TEA & COFFEE PAYMENT,20.0,expense,Food,LOCAL TEA & COFFEE,UPI
U005-T00381,U005,2026-07-27,NAMMA METRO PAYMENT,20.0,expense,Transport,NAMMA METRO,UPI
U005-T00382,U005,2026-09-25,ZEPTO QUICK ESSENTIALS PAYMENT,75.0,expense,Food,ZEPTO QUICK ESSENTIALS,UPI
U005-T00383,U005,2026-07-05,RAPIDO BIKE PAYMENT,15.0,expense,Transport,RAPIDO BIKE,UPI
U005-T00384,U005,2026-09-19,SWIGGY QUICK BITE PAYMENT,85.0,expense,Food,SWIGGY QUICK BITE,UPI
U005-T00385,U005,2026-07-11,LOCAL TEA & COFFEE PAYMENT,15.0,expense,Food,LOCAL TEA & COFFEE,UPI
U005-T00386,U005,2026-08-08,STREET TIFFIN PAYMENT,35.0,expense,Food,STREET TIFFIN,UPI
U005-T00387,U005,2026-08-27,AUTO RICKSHAW PAYMENT,20.0,expense,Transport,AUTO RICKSHAW,UPI
U005-T00388,U005,2026-07-20,RAPIDO BIKE PAYMENT,22.0,expense,Transport,RAPIDO BIKE,UPI
U005-T00389,U005,2026-09-18,STREET TIFFIN PAYMENT,50.0,expense,Food,STREET TIFFIN,UPI
U005-T00390,U005,2026-08-23,COMMUNITY CHARITY UPI PAYMENT,11.0,expense,Other,COMMUNITY CHARITY UPI,UPI
U005-T00391,U005,2026-08-06,NAMMA METRO PAYMENT,35.0,expense,Transport,NAMMA METRO,UPI
U005-T00392,U005,2026-07-31,ZEPTO QUICK ESSENTIALS PAYMENT,35.0,expense,Food,ZEPTO QUICK ESSENTIALS,UPI
U005-T00393,U005,2026-08-18,RAPIDO BIKE PAYMENT,15.0,expense,Transport,RAPIDO BIKE,UPI
U005-T00394,U005,2026-07-13,ZEPTO QUICK ESSENTIALS PAYMENT,35.0,expense,Food,ZEPTO QUICK ESSENTIALS,UPI
U005-T00395,U005,2026-07-15,NAMMA METRO PAYMENT,20.0,expense,Transport,NAMMA METRO,UPI
U005-T00396,U005,2026-07-21,KIRANA STORE PAYMENT,55.0,expense,Shopping,KIRANA STORE,UPI
U005-T00397,U005,2026-09-09,ZEPTO QUICK ESSENTIALS PAYMENT,35.0,expense,Food,ZEPTO QUICK ESSENTIALS,UPI
U005-T00398,U005,2026-08-23,COFFEE & CHAT PAYMENT,45.0,expense,Entertainment,COFFEE & CHAT,UPI
U005-T00399,U005,2026-08-10,KIRANA STORE PAYMENT,15.0,expense,Shopping,KIRANA STORE,UPI
U005-T00400,U005,2026-09-24,MOBILE TOP-UP PAYMENT,49.0,expense,Bills,MOBILE TOP-UP,UPI
U005-T00401,U005,2026-09-20,STREET TIFFIN PAYMENT,50.0,expense,Food,STREET TIFFIN,UPI
U005-T00402,U005,2026-07-29,CAMPUS PHOTOCOPY & NOTES PAYMENT,50.0,expense,Education,CAMPUS PHOTOCOPY & NOTES,UPI
U005-T00403,U005,2026-08-29,STREET TIFFIN PAYMENT,50.0,expense,Food,STREET TIFFIN,UPI
U005-T00404,U005,2026-07-21,PARKING FEE PAYMENT,10.0,expense,Other,PARKING FEE,UPI
U005-T00405,U005,2026-08-21,STREET TIFFIN PAYMENT,35.0,expense,Food,STREET TIFFIN,UPI
U005-T00406,U005,2026-08-29,RAPIDO BIKE PAYMENT,15.0,expense,Transport,RAPIDO BIKE,UPI
U005-T00407,U005,2026-08-19,NAMMA METRO PAYMENT,35.0,expense,Transport,NAMMA METRO,UPI
U005-T00408,U005,2026-08-23,ZEPTO QUICK ESSENTIALS PAYMENT,25.0,expense,Food,ZEPTO QUICK ESSENTIALS,UPI
U005-T00409,U005,2026-09-18,LOCAL BAKERY PAYMENT,15.0,expense,Food,LOCAL BAKERY,UPI
U005-T00410,U005,2026-09-15,NAMMA METRO PAYMENT,35.0,expense,Transport,NAMMA METRO,UPI
U005-T00411,U005,2026-07-03,STREET TIFFIN PAYMENT,25.0,expense,Food,STREET TIFFIN,UPI
U005-T00412,U005,2026-07-22,NAMMA METRO PAYMENT,35.0,expense,Transport,NAMMA METRO,UPI
U005-T00413,U005,2026-09-26,CHAI POINT PAYMENT,20.0,expense,Food,CHAI POINT,UPI
U005-T00414,U005,2026-07-03,UBER AUTO PAYMENT,75.0,expense,Transport,UBER AUTO,UPI
U005-T00415,U005,2026-09-09,SWIGGY QUICK BITE PAYMENT,60.0,expense,Food,SWIGGY QUICK BITE,UPI
U005-T00416,U005,2026-07-21,BLINKIT DAILY PAYMENT,40.0,expense,Food,BLINKIT DAILY,UPI
U005-T00417,U005,2026-07-23,BLINKIT DAILY PAYMENT,40.0,expense,Food,BLINKIT DAILY,UPI
U005-T00418,U005,2026-08-11,LOCAL TEA & COFFEE PAYMENT,10.0,expense,Food,LOCAL TEA & COFFEE,UPI
U005-T00419,U005,2026-07-04,LOCAL TEA & COFFEE PAYMENT,20.0,expense,Food,LOCAL TEA & COFFEE,UPI
U005-T00420,U005,2026-08-28,LOCAL BAKERY PAYMENT,35.0,expense,Food,LOCAL BAKERY,UPI
U005-T00421,U005,2026-07-31,KIRANA STORE PAYMENT,55.0,expense,Shopping,KIRANA STORE,UPI
U005-T00422,U005,2026-09-03,RAPIDO BIKE PAYMENT,30.0,expense,Transport,RAPIDO BIKE,UPI
U005-T00423,U005,2026-07-21,LOCAL BAKERY PAYMENT,15.0,expense,Food,LOCAL BAKERY,UPI
U005-T00424,U005,2026-07-01,UBER AUTO PAYMENT,75.0,expense,Transport,UBER AUTO,UPI
U005-T00425,U005,2026-09-05,COMMUNITY CHARITY UPI PAYMENT,21.0,expense,Other,COMMUNITY CHARITY UPI,UPI
U005-T00426,U005,2026-07-10,KIRANA STORE PAYMENT,35.0,expense,Shopping,KIRANA STORE,UPI
U005-T00427,U005,2026-09-30,NAMMA METRO PAYMENT,15.0,expense,Transport,NAMMA METRO,UPI
U005-T00428,U005,2026-08-26,SWIGGY QUICK BITE PAYMENT,40.0,expense,Food,SWIGGY QUICK BITE,UPI
U005-T00429,U005,2026-08-07,STATIONERY SHOP PAYMENT,12.0,expense,Shopping,STATIONERY SHOP,UPI
U005-T00430,U005,2026-08-16,ZEPTO QUICK ESSENTIALS PAYMENT,75.0,expense,Food,ZEPTO QUICK ESSENTIALS,UPI
U005-T00431,U005,2026-08-24,KIRANA STORE PAYMENT,15.0,expense,Shopping,KIRANA STORE,UPI
U005-T00432,U005,2026-07-19,LOCAL PHARMACY STORE PAYMENT,18.0,expense,Healthcare,LOCAL PHARMACY STORE,UPI
U005-T00433,U005,2026-07-22,ZEPTO QUICK ESSENTIALS PAYMENT,50.0,expense,Food,ZEPTO QUICK ESSENTIALS,UPI
U005-T00434,U005,2026-07-19,COFFEE & CHAT PAYMENT,65.0,expense,Entertainment,COFFEE & CHAT,UPI
U005-T00435,U005,2026-07-27,LOCAL BAKERY PAYMENT,25.0,expense,Food,LOCAL BAKERY,UPI
U005-T00436,U005,2026-09-21,AUTO RICKSHAW PAYMENT,55.0,expense,Transport,AUTO RICKSHAW,UPI
U005-T00437,U005,2026-09-29,SWIGGY QUICK BITE PAYMENT,60.0,expense,Food,SWIGGY QUICK BITE,UPI
U005-T00438,U005,2026-08-03,STREET TIFFIN PAYMENT,50.0,expense,Food,STREET TIFFIN,UPI
U005-T00439,U005,2026-08-12,KIRANA STORE PAYMENT,35.0,expense,Shopping,KIRANA STORE,UPI
U005-T00440,U005,2026-09-11,LOCAL BAKERY PAYMENT,15.0,expense,Food,LOCAL BAKERY,UPI
U005-T00441,U005,2026-07-18,LOCAL TEA & COFFEE PAYMENT,15.0,expense,Food,LOCAL TEA & COFFEE,UPI
U005-T00442,U005,2026-07-04,LOCAL BAKERY PAYMENT,25.0,expense,Food,LOCAL BAKERY,UPI
U005-T00443,U005,2026-09-11,ZEPTO QUICK ESSENTIALS PAYMENT,50.0,expense,Food,ZEPTO QUICK ESSENTIALS,UPI
U005-T00444,U005,2026-08-09,PARKING FEE PAYMENT,10.0,expense,Other,PARKING FEE,UPI
U005-T00445,U005,2026-09-11,RAPIDO BIKE PAYMENT,42.0,expense,Transport,RAPIDO BIKE,UPI
U005-T00446,U005,2026-09-30,BLINKIT DAILY PAYMENT,60.0,expense,Food,BLINKIT DAILY,UPI
U005-T00447,U005,2026-07-20,UBER AUTO PAYMENT,42.0,expense,Transport,UBER AUTO,UPI
U005-T00448,U005,2026-07-19,RAPIDO BIKE PAYMENT,42.0,expense,Transport,RAPIDO BIKE,UPI
U005-T00449,U005,2026-08-02,RAPIDO BIKE PAYMENT,15.0,expense,Transport,RAPIDO BIKE,UPI
U005-T00450,U005,2026-07-28,NAMMA METRO PAYMENT,20.0,expense,Transport,NAMMA METRO,UPI
U005-T00451,U005,2026-09-13,CHAI POINT PAYMENT,20.0,expense,Food,CHAI POINT,UPI
U005-T00452,U005,2026-09-04,UBER AUTO PAYMENT,75.0,expense,Transport,UBER AUTO,UPI
U005-T00453,U005,2026-08-31,RAPIDO BIKE PAYMENT,22.0,expense,Transport,RAPIDO BIKE,UPI
U005-T00454,U005,2026-08-14,RAPIDO BIKE PAYMENT,30.0,expense,Transport,RAPIDO BIKE,UPI
U005-T00455,U005,2026-09-05,ZEPTO QUICK ESSENTIALS PAYMENT,75.0,expense,Food,ZEPTO QUICK ESSENTIALS,UPI
U005-T00456,U005,2026-09-21,LOCAL TEA & COFFEE PAYMENT,20.0,expense,Food,LOCAL TEA & COFFEE,UPI
U005-T00457,U005,2026-07-23,SWIGGY QUICK BITE PAYMENT,110.0,expense,Food,SWIGGY QUICK BITE,UPI
U005-T00458,U005,2026-07-02,AUTO RICKSHAW PAYMENT,20.0,expense,Transport,AUTO RICKSHAW,UPI
U005-T00459,U005,2026-08-13,LOCAL BAKERY PAYMENT,20.0,expense,Food,LOCAL BAKERY,UPI
U005-T00460,U005,2026-07-29,LOCAL TEA & COFFEE PAYMENT,10.0,expense,Food,LOCAL TEA & COFFEE,UPI
U005-T00461,U005,2026-09-22,LOCAL TEA & COFFEE PAYMENT,20.0,expense,Food,LOCAL TEA & COFFEE,UPI
U005-T00462,U005,2026-08-28,NAMMA METRO PAYMENT,15.0,expense,Transport,NAMMA METRO,UPI
U005-T00463,U005,2026-09-06,COFFEE & CHAT PAYMENT,30.0,expense,Entertainment,COFFEE & CHAT,UPI
U005-T00464,U005,2026-08-16,RAPIDO BIKE PAYMENT,42.0,expense,Transport,RAPIDO BIKE,UPI
U005-T00465,U005,2026-09-19,CHAI POINT PAYMENT,20.0,expense,Food,CHAI POINT,UPI
U005-T00466,U005,2026-09-03,CHAI POINT PAYMENT,10.0,expense,Food,CHAI POINT,UPI
U005-T00467,U005,2026-07-08,BLINKIT DAILY PAYMENT,40.0,expense,Food,BLINKIT DAILY,UPI
U005-T00468,U005,2026-08-01,LOCAL BAKERY PAYMENT,20.0,expense,Food,LOCAL BAKERY,UPI
U005-T00469,U005,2026-09-27,PARKING FEE PAYMENT,10.0,expense,Other,PARKING FEE,UPI
U005-T00470,U005,2026-07-30,AUTO RICKSHAW PAYMENT,55.0,expense,Transport,AUTO RICKSHAW,UPI
U005-T00471,U005,2026-07-23,CHAI POINT PAYMENT,20.0,expense,Food,CHAI POINT,UPI
U005-T00472,U005,2026-09-09,LOCAL BAKERY PAYMENT,20.0,expense,Food,LOCAL BAKERY,UPI
U005-T00473,U005,2026-07-09,COFFEE & CHAT PAYMENT,30.0,expense,Entertainment,COFFEE & CHAT,UPI
U005-T00474,U005,2026-09-05,STREET TIFFIN PAYMENT,25.0,expense,Food,STREET TIFFIN,UPI
U005-T00475,U005,2026-07-30,LOCAL BAKERY PAYMENT,35.0,expense,Food,LOCAL BAKERY,UPI
U005-T00476,U005,2026-08-29,CHAI POINT PAYMENT,10.0,expense,Food,CHAI POINT,UPI
U005-T00477,U005,2026-08-10,KIRANA STORE PAYMENT,15.0,expense,Shopping,KIRANA STORE,UPI
U005-T00478,U005,2026-07-26,SWIGGY QUICK BITE PAYMENT,110.0,expense,Food,SWIGGY QUICK BITE,UPI
U005-T00479,U005,2026-07-11,BLINKIT DAILY PAYMENT,30.0,expense,Food,BLINKIT DAILY,UPI
U005-T00480,U005,2026-09-08,NAMMA METRO PAYMENT,35.0,expense,Transport,NAMMA METRO,UPI
U005-T00481,U005,2026-08-08,NAMMA METRO PAYMENT,35.0,expense,Transport,NAMMA METRO,UPI
U005-T00482,U005,2026-07-15,AUTO RICKSHAW PAYMENT,55.0,expense,Transport,AUTO RICKSHAW,UPI
U005-T00483,U005,2026-09-21,LOCAL TEA & COFFEE PAYMENT,20.0,expense,Food,LOCAL TEA & COFFEE,UPI
U005-T00484,U005,2026-07-01,LOCAL BAKERY PAYMENT,35.0,expense,Food,LOCAL BAKERY,UPI
U005-T00485,U005,2026-09-15,LOCAL BAKERY PAYMENT,20.0,expense,Food,LOCAL BAKERY,UPI
U005-T00486,U005,2026-08-12,SWIGGY QUICK BITE PAYMENT,85.0,expense,Food,SWIGGY QUICK BITE,UPI
U005-T00487,U005,2026-09-21,STREET TIFFIN PAYMENT,25.0,expense,Food,STREET TIFFIN,UPI
U005-T00488,U005,2026-08-13,LOCAL BAKERY PAYMENT,25.0,expense,Food,LOCAL BAKERY,UPI
U005-T00489,U005,2026-09-19,BLINKIT DAILY PAYMENT,40.0,expense,Food,BLINKIT DAILY,UPI
U005-T00490,U005,2026-09-01,CHAI POINT PAYMENT,30.0,expense,Food,CHAI POINT,UPI
U005-T00491,U005,2026-09-02,LOCAL TEA & COFFEE PAYMENT,10.0,expense,Food,LOCAL TEA & COFFEE,UPI
U005-T00492,U005,2026-08-25,AUTO RICKSHAW PAYMENT,20.0,expense,Transport,AUTO RICKSHAW,UPI
U005-T00493,U005,2026-08-26,STREET TIFFIN PAYMENT,25.0,expense,Food,STREET TIFFIN,UPI
U005-T00494,U005,2026-07-25,KIRANA STORE PAYMENT,25.0,expense,Shopping,KIRANA STORE,UPI
U005-T00495,U005,2026-07-28,STREET TIFFIN PAYMENT,35.0,expense,Food,STREET TIFFIN,UPI
U005-T00496,U005,2026-08-10,KIRANA STORE PAYMENT,55.0,expense,Shopping,KIRANA STORE,UPI
U005-T00497,U005,2026-07-14,AUTO RICKSHAW PAYMENT,30.0,expense,Transport,AUTO RICKSHAW,UPI
U005-T00498,U005,2026-09-12,AUTO RICKSHAW PAYMENT,40.0,expense,Transport,AUTO RICKSHAW,UPI
U005-T00499,U005,2026-07-21,LOCAL TEA & COFFEE PAYMENT,20.0,expense,Food,LOCAL TEA & COFFEE,UPI
U005-T00500,U005,2026-07-22,LOCAL PHARMACY STORE PAYMENT,28.0,expense,Healthcare,LOCAL PHARMACY STORE,UPI
U005-T00501,U005,2026-08-11,QUICK UPI TRANSFER PAYMENT,30.0,expense,Other,QUICK UPI TRANSFER,UPI
U005-T00502,U005,2026-09-22,RAPIDO BIKE PAYMENT,42.0,expense,Transport,RAPIDO BIKE,UPI
U005-T00503,U005,2026-08-04,LOCAL BAKERY PAYMENT,25.0,expense,Food,LOCAL BAKERY,UPI
U005-T00504,U005,2026-08-30,PARKING FEE PAYMENT,15.0,expense,Other,PARKING FEE,UPI
U005-T00505,U005,2026-08-17,LOCAL TEA & COFFEE PAYMENT,15.0,expense,Food,LOCAL TEA & COFFEE,UPI
U005-T00506,U005,2026-08-15,LOCAL PHARMACY STORE PAYMENT,45.0,expense,Healthcare,LOCAL PHARMACY STORE,UPI
U005-T00507,U005,2026-08-27,STREET TIFFIN PAYMENT,50.0,expense,Food,STREET TIFFIN,UPI
U005-T00508,U005,2026-08-23,CHAI POINT PAYMENT,30.0,expense,Food,CHAI POINT,UPI
U005-T00509,U005,2026-07-08,QUICK UPI TRANSFER PAYMENT,20.0,expense,Other,QUICK UPI TRANSFER,UPI
U005-T00510,U005,2026-09-21,STATIONERY SHOP PAYMENT,45.0,expense,Shopping,STATIONERY SHOP,UPI
U005-T00511,U005,2026-08-05,CHAI POINT PAYMENT,15.0,expense,Food,CHAI POINT,UPI
U005-T00512,U005,2026-07-27,RAPIDO BIKE PAYMENT,30.0,expense,Transport,RAPIDO BIKE,UPI
U005-T00513,U005,2026-08-07,LOCAL PHARMACY STORE PAYMENT,18.0,expense,Healthcare,LOCAL PHARMACY STORE,UPI
U005-T00514,U005,2026-08-11,BLINKIT DAILY PAYMENT,80.0,expense,Food,BLINKIT DAILY,UPI
U005-T00515,U005,2026-08-11,NAMMA METRO PAYMENT,20.0,expense,Transport,NAMMA METRO,UPI
U005-T00516,U005,2026-07-28,RAPIDO BIKE PAYMENT,42.0,expense,Transport,RAPIDO BIKE,UPI
U005-T00517,U005,2026-08-05,CHAI POINT PAYMENT,15.0,expense,Food,CHAI POINT,UPI
U005-T00518,U005,2026-07-21,STREET TIFFIN PAYMENT,50.0,expense,Food,STREET TIFFIN,UPI
U005-T00519,U005,2026-09-14,BLINKIT DAILY PAYMENT,30.0,expense,Food,BLINKIT DAILY,UPI
U005-T00520,U005,2026-09-23,ZEPTO QUICK ESSENTIALS PAYMENT,75.0,expense,Food,ZEPTO QUICK ESSENTIALS,UPI
U005-T00521,U005,2026-08-01,LOCAL BAKERY PAYMENT,35.0,expense,Food,LOCAL BAKERY,UPI
U005-T00522,U005,2026-07-08,CHAI POINT PAYMENT,20.0,expense,Food,CHAI POINT,UPI
U005-T00523,U005,2026-08-05,NAMMA METRO PAYMENT,35.0,expense,Transport,NAMMA METRO,UPI
U005-T00524,U005,2026-08-06,CHAI POINT PAYMENT,15.0,expense,Food,CHAI POINT,UPI
U005-T00525,U005,2026-07-10,STREET TIFFIN PAYMENT,50.0,expense,Food,STREET TIFFIN,UPI
U005-T00526,U005,2026-07-20,CAMPUS PHOTOCOPY & NOTES PAYMENT,35.0,expense,Education,CAMPUS PHOTOCOPY & NOTES,UPI
U005-T00527,U005,2026-09-12,LOCAL TEA & COFFEE PAYMENT,10.0,expense,Food,LOCAL TEA & COFFEE,UPI
U005-T00528,U005,2026-08-26,LOCAL BAKERY PAYMENT,25.0,expense,Food,LOCAL BAKERY,UPI
U005-T00529,U005,2026-09-10,NAMMA METRO PAYMENT,25.0,expense,Transport,NAMMA METRO,UPI
U005-T00530,U005,2026-09-27,CHAI POINT PAYMENT,10.0,expense,Food,CHAI POINT,UPI
U005-T00531,U005,2026-09-28,AUTO RICKSHAW PAYMENT,40.0,expense,Transport,AUTO RICKSHAW,UPI
U005-T00532,U005,2026-08-16,COFFEE & CHAT PAYMENT,65.0,expense,Entertainment,COFFEE & CHAT,UPI
U005-T00533,U005,2026-07-28,LOCAL TEA & COFFEE PAYMENT,20.0,expense,Food,LOCAL TEA & COFFEE,UPI
U005-T00534,U005,2026-07-30,BLINKIT DAILY PAYMENT,60.0,expense,Food,BLINKIT DAILY,UPI
U005-T00535,U005,2026-07-26,AUTO RICKSHAW PAYMENT,40.0,expense,Transport,AUTO RICKSHAW,UPI
U005-T00536,U005,2026-08-02,RAPIDO BIKE PAYMENT,15.0,expense,Transport,RAPIDO BIKE,UPI
U005-T00537,U005,2026-07-18,LOCAL TEA & COFFEE PAYMENT,20.0,expense,Food,LOCAL TEA & COFFEE,UPI
U005-T00538,U005,2026-08-24,ZEPTO QUICK ESSENTIALS PAYMENT,75.0,expense,Food,ZEPTO QUICK ESSENTIALS,UPI
U005-T00539,U005,2026-07-07,LOCAL PHARMACY STORE PAYMENT,18.0,expense,Healthcare,LOCAL PHARMACY STORE,UPI
U005-T00540,U005,2026-09-04,ZEPTO QUICK ESSENTIALS PAYMENT,75.0,expense,Food,ZEPTO QUICK ESSENTIALS,UPI
U005-T00541,U005,2026-07-05,QUICK UPI TRANSFER PAYMENT,20.0,expense,Other,QUICK UPI TRANSFER,UPI
U005-T00542,U005,2026-09-07,SWIGGY QUICK BITE PAYMENT,85.0,expense,Food,SWIGGY QUICK BITE,UPI
U005-T00543,U005,2026-09-20,CHAI POINT PAYMENT,10.0,expense,Food,CHAI POINT,UPI
U005-T00544,U005,2026-09-11,CHAI POINT PAYMENT,10.0,expense,Food,CHAI POINT,UPI
U005-T00545,U005,2026-09-07,LOCAL TEA & COFFEE PAYMENT,10.0,expense,Food,LOCAL TEA & COFFEE,UPI
U005-T00546,U005,2026-09-12,COFFEE & CHAT PAYMENT,30.0,expense,Entertainment,COFFEE & CHAT,UPI
U005-T00547,U005,2026-07-10,KIRANA STORE PAYMENT,55.0,expense,Shopping,KIRANA STORE,UPI
U005-T00548,U005,2026-08-05,BLINKIT DAILY PAYMENT,40.0,expense,Food,BLINKIT DAILY,UPI
U005-T00549,U005,2026-09-22,STREET TIFFIN PAYMENT,25.0,expense,Food,STREET TIFFIN,UPI
U005-T00550,U005,2026-09-21,NAMMA METRO PAYMENT,35.0,expense,Transport,NAMMA METRO,UPI
U005-T00551,U005,2026-09-06,KIRANA STORE PAYMENT,55.0,expense,Shopping,KIRANA STORE,UPI
U005-T00552,U005,2026-07-03,ZEPTO QUICK ESSENTIALS PAYMENT,50.0,expense,Food,ZEPTO QUICK ESSENTIALS,UPI
U005-T00553,U005,2026-07-01,RAPIDO BIKE PAYMENT,42.0,expense,Transport,RAPIDO BIKE,UPI
U005-T00554,U005,2026-07-03,CHAI POINT PAYMENT,20.0,expense,Food,CHAI POINT,UPI
U005-T00555,U005,2026-08-24,LOCAL TEA & COFFEE PAYMENT,12.0,expense,Food,LOCAL TEA & COFFEE,UPI
U005-T00556,U005,2026-09-13,AUTO RICKSHAW PAYMENT,40.0,expense,Transport,AUTO RICKSHAW,UPI
U005-T00557,U005,2026-09-07,BLINKIT DAILY PAYMENT,40.0,expense,Food,BLINKIT DAILY,UPI
U005-T00558,U005,2026-09-12,PARKING FEE PAYMENT,20.0,expense,Other,PARKING FEE,UPI
U005-T00559,U005,2026-09-12,LOCAL TEA & COFFEE PAYMENT,12.0,expense,Food,LOCAL TEA & COFFEE,UPI
U005-T00560,U005,2026-07-27,STREET TIFFIN PAYMENT,20.0,expense,Food,STREET TIFFIN,UPI
U005-T00561,U005,2026-07-04,NAMMA METRO PAYMENT,15.0,expense,Transport,NAMMA METRO,UPI
U005-T00562,U005,2026-07-17,NAMMA METRO PAYMENT,15.0,expense,Transport,NAMMA METRO,UPI
U005-T00563,U005,2026-08-11,CAMPUS PHOTOCOPY & NOTES PAYMENT,20.0,expense,Education,CAMPUS PHOTOCOPY & NOTES,UPI
U005-T00564,U005,2026-09-23,LOCAL TEA & COFFEE PAYMENT,15.0,expense,Food,LOCAL TEA & COFFEE,UPI
U005-T00565,U005,2026-07-21,BLINKIT DAILY PAYMENT,60.0,expense,Food,BLINKIT DAILY,UPI
U005-T00566,U005,2026-07-30,PARKING FEE PAYMENT,10.0,expense,Other,PARKING FEE,UPI
U005-T00567,U005,2026-08-15,CHAI POINT PAYMENT,30.0,expense,Food,CHAI POINT,UPI
U005-T00568,U005,2026-07-16,LOCAL PHARMACY STORE PAYMENT,65.0,expense,Healthcare,LOCAL PHARMACY STORE,UPI
U005-T00569,U005,2026-07-04,BLINKIT DAILY PAYMENT,40.0,expense,Food,BLINKIT DAILY,UPI
U005-T00570,U005,2026-08-18,CHAI POINT PAYMENT,30.0,expense,Food,CHAI POINT,UPI
U005-T00571,U005,2026-08-21,LOCAL TEA & COFFEE PAYMENT,20.0,expense,Food,LOCAL TEA & COFFEE,UPI
U005-T00572,U005,2026-09-14,STATIONERY SHOP PAYMENT,12.0,expense,Shopping,STATIONERY SHOP,UPI
U005-T00573,U005,2026-07-23,SWIGGY QUICK BITE PAYMENT,40.0,expense,Food,SWIGGY QUICK BITE,UPI
U005-T00574,U005,2026-07-21,UBER AUTO PAYMENT,28.0,expense,Transport,UBER AUTO,UPI
U005-T00575,U005,2026-09-01,UBER AUTO PAYMENT,60.0,expense,Transport,UBER AUTO,UPI
U005-T00576,U005,2026-08-10,ZEPTO QUICK ESSENTIALS PAYMENT,35.0,expense,Food,ZEPTO QUICK ESSENTIALS,UPI
U005-T00577,U005,2026-07-12,KIRANA STORE PAYMENT,35.0,expense,Shopping,KIRANA STORE,UPI
U005-T00578,U005,2026-08-31,LOCAL BAKERY PAYMENT,15.0,expense,Food,LOCAL BAKERY,UPI
U005-T00579,U005,2026-08-28,CHAI POINT PAYMENT,30.0,expense,Food,CHAI POINT,UPI
U005-T00580,U005,2026-08-23,ZEPTO QUICK ESSENTIALS PAYMENT,25.0,expense,Food,ZEPTO QUICK ESSENTIALS,UPI
U005-T00581,U005,2026-08-15,STREET TIFFIN PAYMENT,35.0,expense,Food,STREET TIFFIN,UPI
U005-T00582,U005,2026-07-09,BLINKIT DAILY PAYMENT,60.0,expense,Food,BLINKIT DAILY,UPI
U005-T00583,U005,2026-07-30,COMMUNITY CHARITY UPI PAYMENT,11.0,expense,Other,COMMUNITY CHARITY UPI,UPI
U005-T00584,U005,2026-09-22,RAPIDO BIKE PAYMENT,42.0,expense,Transport,RAPIDO BIKE,UPI
U005-T00585,U005,2026-08-30,CHAI POINT PAYMENT,20.0,expense,Food,CHAI POINT,UPI
U005-T00586,U005,2026-09-21,COFFEE & CHAT PAYMENT,20.0,expense,Entertainment,COFFEE & CHAT,UPI
U005-T00587,U005,2026-07-19,LOCAL PHARMACY STORE PAYMENT,28.0,expense,Healthcare,LOCAL PHARMACY STORE,UPI
U005-T00588,U005,2026-09-11,CHAI POINT PAYMENT,15.0,expense,Food,CHAI POINT,UPI
U005-T00589,U005,2026-07-18,AUTO RICKSHAW PAYMENT,20.0,expense,Transport,AUTO RICKSHAW,UPI
U005-T00590,U005,2026-07-08,RAPIDO BIKE PAYMENT,22.0,expense,Transport,RAPIDO BIKE,UPI
U005-T00591,U005,2026-09-23,STREET TIFFIN PAYMENT,50.0,expense,Food,STREET TIFFIN,UPI
U005-T00592,U005,2026-07-21,BLINKIT DAILY PAYMENT,40.0,expense,Food,BLINKIT DAILY,UPI
U005-T00593,U005,2026-09-05,QUICK UPI TRANSFER PAYMENT,15.0,expense,Other,QUICK UPI TRANSFER,UPI
U005-T00594,U005,2026-08-16,MOBILE TOP-UP PAYMENT,19.0,expense,Bills,MOBILE TOP-UP,UPI
U005-T00595,U005,2026-07-21,CHAI POINT PAYMENT,15.0,expense,Food,CHAI POINT,UPI
U005-T00596,U005,2026-08-09,ZEPTO QUICK ESSENTIALS PAYMENT,50.0,expense,Food,ZEPTO QUICK ESSENTIALS,UPI
U005-T00597,U005,2026-08-03,RAPIDO BIKE PAYMENT,15.0,expense,Transport,RAPIDO BIKE,UPI
U005-T00598,U005,2026-07-04,STREET TIFFIN PAYMENT,50.0,expense,Food,STREET TIFFIN,UPI
U005-T00599,U005,2026-07-05,UBER AUTO PAYMENT,42.0,expense,Transport,UBER AUTO,UPI
U005-T00600,U005,2026-08-22,CHAI POINT PAYMENT,30.0,expense,Food,CHAI POINT,UPI
U005-T00601,U005,2026-09-15,AUTO RICKSHAW PAYMENT,30.0,expense,Transport,AUTO RICKSHAW,UPI
U005-T00602,U005,2026-07-21,CHAI POINT PAYMENT,20.0,expense,Food,CHAI POINT,UPI
U005-T00603,U005,2026-07-29,CHAI POINT PAYMENT,10.0,expense,Food,CHAI POINT,UPI
U005-T00604,U005,2026-07-15,QUICK UPI TRANSFER PAYMENT,30.0,expense,Other,QUICK UPI TRANSFER,UPI
U005-T00605,U005,2026-08-23,LOCAL PHARMACY STORE PAYMENT,65.0,expense,Healthcare,LOCAL PHARMACY STORE,UPI
U005-T00606,U005,2026-07-18,LOCAL PHARMACY STORE PAYMENT,18.0,expense,Healthcare,LOCAL PHARMACY STORE,UPI
U005-T00607,U005,2026-08-09,SWIGGY QUICK BITE PAYMENT,85.0,expense,Food,SWIGGY QUICK BITE,UPI
U005-T00608,U005,2026-07-17,STREET TIFFIN PAYMENT,35.0,expense,Food,STREET TIFFIN,UPI
U005-T00609,U005,2026-09-17,AUTO RICKSHAW PAYMENT,20.0,expense,Transport,AUTO RICKSHAW,UPI
U005-T00610,U005,2026-08-31,SWIGGY QUICK BITE PAYMENT,60.0,expense,Food,SWIGGY QUICK BITE,UPI
U005-T00611,U005,2026-07-17,LOCAL BAKERY PAYMENT,20.0,expense,Food,LOCAL BAKERY,UPI
U005-T00612,U005,2026-07-19,LOCAL BAKERY PAYMENT,15.0,expense,Food,LOCAL BAKERY,UPI
U005-T00613,U005,2026-07-13,AUTO RICKSHAW PAYMENT,40.0,expense,Transport,AUTO RICKSHAW,UPI
U005-T00614,U005,2026-09-17,CHAI POINT PAYMENT,15.0,expense,Food,CHAI POINT,UPI
U005-T00615,U005,2026-08-02,LOCAL TEA & COFFEE PAYMENT,15.0,expense,Food,LOCAL TEA & COFFEE,UPI
U005-T00616,U005,2026-08-12,AUTO RICKSHAW PAYMENT,55.0,expense,Transport,AUTO RICKSHAW,UPI
U005-T00617,U005,2026-09-24,RAPIDO BIKE PAYMENT,30.0,expense,Transport,RAPIDO BIKE,UPI
U005-T00618,U005,2026-07-17,STREET TIFFIN PAYMENT,35.0,expense,Food,STREET TIFFIN,UPI
U005-T00619,U005,2026-09-23,LOCAL TEA & COFFEE PAYMENT,10.0,expense,Food,LOCAL TEA & COFFEE,UPI
U005-T00620,U005,2026-08-19,RAPIDO BIKE PAYMENT,22.0,expense,Transport,RAPIDO BIKE,UPI
U005-T00621,U005,2026-07-24,CHAI POINT PAYMENT,10.0,expense,Food,CHAI POINT,UPI
U005-T00622,U005,2026-07-31,LOCAL TEA & COFFEE PAYMENT,15.0,expense,Food,LOCAL TEA & COFFEE,UPI
U005-T00623,U005,2026-07-02,NAMMA METRO PAYMENT,35.0,expense,Transport,NAMMA METRO,UPI
U005-T00624,U005,2026-08-14,LOCAL TEA & COFFEE PAYMENT,20.0,expense,Food,LOCAL TEA & COFFEE,UPI
U005-T00625,U005,2026-08-27,COMMUNITY CHARITY UPI PAYMENT,21.0,expense,Other,COMMUNITY CHARITY UPI,UPI
U005-T00626,U005,2026-09-18,LOCAL BAKERY PAYMENT,35.0,expense,Food,LOCAL BAKERY,UPI
U005-T00627,U005,2026-07-16,UBER AUTO PAYMENT,60.0,expense,Transport,UBER AUTO,UPI
U005-T00628,U005,2026-08-13,COMMUNITY CHARITY UPI PAYMENT,11.0,expense,Other,COMMUNITY CHARITY UPI,UPI
U005-T00629,U005,2026-08-02,STREET TIFFIN PAYMENT,50.0,expense,Food,STREET TIFFIN,UPI
U005-T00630,U005,2026-09-09,BLINKIT DAILY PAYMENT,30.0,expense,Food,BLINKIT DAILY,UPI
U005-T00631,U005,2026-09-24,LOCAL PHARMACY STORE PAYMENT,45.0,expense,Healthcare,LOCAL PHARMACY STORE,UPI
U005-T00632,U005,2026-07-09,KIRANA STORE PAYMENT,55.0,expense,Shopping,KIRANA STORE,UPI
U005-T00633,U005,2026-09-21,CHAI POINT PAYMENT,15.0,expense,Food,CHAI POINT,UPI
U005-T00634,U005,2026-07-13,LOCAL BAKERY PAYMENT,35.0,expense,Food,LOCAL BAKERY,UPI
U005-T00635,U005,2026-07-15,LOCAL TEA & COFFEE PAYMENT,15.0,expense,Food,LOCAL TEA & COFFEE,UPI
U005-T00636,U005,2026-07-17,CAMPUS PHOTOCOPY & NOTES PAYMENT,35.0,expense,Education,CAMPUS PHOTOCOPY & NOTES,UPI
U005-T00637,U005,2026-08-27,BLINKIT DAILY PAYMENT,30.0,expense,Food,BLINKIT DAILY,UPI
U005-T00638,U005,2026-09-03,LOCAL TEA & COFFEE PAYMENT,12.0,expense,Food,LOCAL TEA & COFFEE,UPI
U005-T00639,U005,2026-07-19,LOCAL PHARMACY STORE PAYMENT,28.0,expense,Healthcare,LOCAL PHARMACY STORE,UPI
U005-T00640,U005,2026-07-03,LOCAL TEA & COFFEE PAYMENT,15.0,expense,Food,LOCAL TEA & COFFEE,UPI
U005-T00641,U005,2026-09-06,RAPIDO BIKE PAYMENT,22.0,expense,Transport,RAPIDO BIKE,UPI
U005-T00642,U005,2026-09-11,CAMPUS PHOTOCOPY & NOTES PAYMENT,10.0,expense,Education,CAMPUS PHOTOCOPY & NOTES,UPI
U005-T00643,U005,2026-09-07,ZEPTO QUICK ESSENTIALS PAYMENT,35.0,expense,Food,ZEPTO QUICK ESSENTIALS,UPI
U005-T00644,U005,2026-09-27,PARKING FEE PAYMENT,20.0,expense,Other,PARKING FEE,UPI
U005-T00645,U005,2026-07-22,ZEPTO QUICK ESSENTIALS PAYMENT,25.0,expense,Food,ZEPTO QUICK ESSENTIALS,UPI
U005-T00646,U005,2026-09-26,LOCAL TEA & COFFEE PAYMENT,12.0,expense,Food,LOCAL TEA & COFFEE,UPI
U005-T00647,U005,2026-09-30,LOCAL TEA & COFFEE PAYMENT,20.0,expense,Food,LOCAL TEA & COFFEE,UPI
U005-T00648,U005,2026-07-26,LOCAL BAKERY PAYMENT,35.0,expense,Food,LOCAL BAKERY,UPI
U005-T00649,U005,2026-08-07,ZEPTO QUICK ESSENTIALS PAYMENT,75.0,expense,Food,ZEPTO QUICK ESSENTIALS,UPI
U005-T00650,U005,2026-08-30,BLINKIT DAILY PAYMENT,40.0,expense,Food,BLINKIT DAILY,UPI
U005-T00651,U005,2026-08-08,CHAI POINT PAYMENT,20.0,expense,Food,CHAI POINT,UPI
U005-T00652,U005,2026-09-29,NAMMA METRO PAYMENT,25.0,expense,Transport,NAMMA METRO,UPI
U005-T00653,U005,2026-07-27,COFFEE & CHAT PAYMENT,20.0,expense,Entertainment,COFFEE & CHAT,UPI
U005-T00654,U005,2026-07-08,UBER AUTO PAYMENT,42.0,expense,Transport,UBER AUTO,UPI
U005-T00655,U005,2026-07-19,SWIGGY QUICK BITE PAYMENT,60.0,expense,Food,SWIGGY QUICK BITE,UPI
U005-T00656,U005,2026-08-01,ZEPTO QUICK ESSENTIALS PAYMENT,35.0,expense,Food,ZEPTO QUICK ESSENTIALS,UPI
U005-T00657,U005,2026-09-21,ZEPTO QUICK ESSENTIALS PAYMENT,35.0,expense,Food,ZEPTO QUICK ESSENTIALS,UPI
U005-T00658,U005,2026-08-01,LOCAL PHARMACY STORE PAYMENT,18.0,expense,Healthcare,LOCAL PHARMACY STORE,UPI
U005-T00659,U005,2026-07-29,QUICK UPI TRANSFER PAYMENT,20.0,expense,Other,QUICK UPI TRANSFER,UPI
U005-T00660,U005,2026-07-18,MOBILE TOP-UP PAYMENT,19.0,expense,Bills,MOBILE TOP-UP,UPI
U005-T00661,U005,2026-09-13,PARKING FEE PAYMENT,10.0,expense,Other,PARKING FEE,UPI
U005-T00662,U005,2026-07-27,BLINKIT DAILY PAYMENT,60.0,expense,Food,BLINKIT DAILY,UPI
U005-T00663,U005,2026-08-11,CHAI POINT PAYMENT,10.0,expense,Food,CHAI POINT,UPI
U005-T00664,U005,2026-09-05,STREET TIFFIN PAYMENT,20.0,expense,Food,STREET TIFFIN,UPI
U005-T00665,U005,2026-09-19,RAPIDO BIKE PAYMENT,22.0,expense,Transport,RAPIDO BIKE,UPI
U005-T00666,U005,2026-09-23,BLINKIT DAILY PAYMENT,30.0,expense,Food,BLINKIT DAILY,UPI
U005-T00667,U005,2026-09-08,UBER AUTO PAYMENT,75.0,expense,Transport,UBER AUTO,UPI
U005-T00668,U005,2026-07-20,CHAI POINT PAYMENT,20.0,expense,Food,CHAI POINT,UPI
U005-T00669,U005,2026-08-04,PARKING FEE PAYMENT,10.0,expense,Other,PARKING FEE,UPI
U005-T00670,U005,2026-08-18,LOCAL PHARMACY STORE PAYMENT,45.0,expense,Healthcare,LOCAL PHARMACY STORE,UPI
U005-T00671,U005,2026-07-15,RAPIDO BIKE PAYMENT,42.0,expense,Transport,RAPIDO BIKE,UPI
U005-T00672,U005,2026-09-13,LOCAL TEA & COFFEE PAYMENT,20.0,expense,Food,LOCAL TEA & COFFEE,UPI
U005-T00673,U005,2026-08-07,LOCAL BAKERY PAYMENT,15.0,expense,Food,LOCAL BAKERY,UPI
U005-T00674,U005,2026-07-12,COMMUNITY CHARITY UPI PAYMENT,51.0,expense,Other,COMMUNITY CHARITY UPI,UPI
U005-T00675,U005,2026-09-15,CAMPUS PHOTOCOPY & NOTES PAYMENT,20.0,expense,Education,CAMPUS PHOTOCOPY & NOTES,UPI
U005-T00676,U005,2026-09-24,SWIGGY QUICK BITE PAYMENT,110.0,expense,Food,SWIGGY QUICK BITE,UPI
U005-T00677,U005,2026-08-23,CHAI POINT PAYMENT,10.0,expense,Food,CHAI POINT,UPI
U005-T00678,U005,2026-08-05,LOCAL PHARMACY STORE PAYMENT,45.0,expense,Healthcare,LOCAL PHARMACY STORE,UPI
U005-T00679,U005,2026-08-02,RAPIDO BIKE PAYMENT,30.0,expense,Transport,RAPIDO BIKE,UPI
U005-T00680,U005,2026-08-23,AUTO RICKSHAW PAYMENT,40.0,expense,Transport,AUTO RICKSHAW,UPI
U005-T00681,U005,2026-08-15,CHAI POINT PAYMENT,10.0,expense,Food,CHAI POINT,UPI
U005-T00682,U005,2026-09-30,STATIONERY SHOP PAYMENT,20.0,expense,Shopping,STATIONERY SHOP,UPI
U005-T00683,U005,2026-09-13,SWIGGY QUICK BITE PAYMENT,110.0,expense,Food,SWIGGY QUICK BITE,UPI
U005-T00684,U005,2026-09-24,LOCAL BAKERY PAYMENT,35.0,expense,Food,LOCAL BAKERY,UPI
U005-T00685,U005,2026-09-10,RAPIDO BIKE PAYMENT,42.0,expense,Transport,RAPIDO BIKE,UPI
U005-T00686,U005,2026-09-16,NAMMA METRO PAYMENT,35.0,expense,Transport,NAMMA METRO,UPI
U005-T00687,U005,2026-07-06,RAPIDO BIKE PAYMENT,15.0,expense,Transport,RAPIDO BIKE,UPI
U005-T00688,U005,2026-09-12,CHAI POINT PAYMENT,15.0,expense,Food,CHAI POINT,UPI
U005-T00689,U005,2026-08-16,NAMMA METRO PAYMENT,35.0,expense,Transport,NAMMA METRO,UPI
U005-T00690,U005,2026-08-20,AUTO RICKSHAW PAYMENT,20.0,expense,Transport,AUTO RICKSHAW,UPI
U005-T00691,U005,2026-08-14,RAPIDO BIKE PAYMENT,42.0,expense,Transport,RAPIDO BIKE,UPI
U005-T00692,U005,2026-08-28,NAMMA METRO PAYMENT,15.0,expense,Transport,NAMMA METRO,UPI
U005-T00693,U005,2026-08-21,STATIONERY SHOP PAYMENT,45.0,expense,Shopping,STATIONERY SHOP,UPI
U005-T00694,U005,2026-09-24,COFFEE & CHAT PAYMENT,30.0,expense,Entertainment,COFFEE & CHAT,UPI
U005-T00695,U005,2026-09-11,LOCAL TEA & COFFEE PAYMENT,15.0,expense,Food,LOCAL TEA & COFFEE,UPI
U005-T00696,U005,2026-07-13,STREET TIFFIN PAYMENT,50.0,expense,Food,STREET TIFFIN,UPI
U005-T00697,U005,2026-07-04,UBER AUTO PAYMENT,60.0,expense,Transport,UBER AUTO,UPI
U005-T00698,U005,2026-08-15,STATIONERY SHOP PAYMENT,30.0,expense,Shopping,STATIONERY SHOP,UPI
U005-T00699,U005,2026-08-15,QUICK UPI TRANSFER PAYMENT,15.0,expense,Other,QUICK UPI TRANSFER,UPI
U005-T00700,U005,2026-08-05,BLINKIT DAILY PAYMENT,30.0,expense,Food,BLINKIT DAILY,UPI
U005-T00701,U005,2026-08-11,BLINKIT DAILY PAYMENT,60.0,expense,Food,BLINKIT DAILY,UPI
U005-T00702,U005,2026-07-21,LOCAL TEA & COFFEE PAYMENT,15.0,expense,Food,LOCAL TEA & COFFEE,UPI
U005-T00703,U005,2026-08-21,UBER AUTO PAYMENT,42.0,expense,Transport,UBER AUTO,UPI
U005-T00704,U005,2026-09-02,LOCAL PHARMACY STORE PAYMENT,45.0,expense,Healthcare,LOCAL PHARMACY STORE,UPI
U005-T00705,U005,2026-08-15,RAPIDO BIKE PAYMENT,22.0,expense,Transport,RAPIDO BIKE,UPI
U005-T00706,U005,2026-08-10,LOCAL PHARMACY STORE PAYMENT,18.0,expense,Healthcare,LOCAL PHARMACY STORE,UPI
U005-T00707,U005,2026-07-12,RAPIDO BIKE PAYMENT,30.0,expense,Transport,RAPIDO BIKE,UPI
U005-T00708,U005,2026-09-18,SWIGGY QUICK BITE PAYMENT,60.0,expense,Food,SWIGGY QUICK BITE,UPI
U005-T00709,U005,2026-08-18,LOCAL TEA & COFFEE PAYMENT,20.0,expense,Food,LOCAL TEA & COFFEE,UPI
U005-T00710,U005,2026-08-14,STREET TIFFIN PAYMENT,50.0,expense,Food,STREET TIFFIN,UPI
U005-T00711,U005,2026-08-16,UBER AUTO PAYMENT,42.0,expense,Transport,UBER AUTO,UPI
U005-T00712,U005,2026-08-11,CHAI POINT PAYMENT,15.0,expense,Food,CHAI POINT,UPI
U005-T00713,U005,2026-09-13,STREET TIFFIN PAYMENT,35.0,expense,Food,STREET TIFFIN,UPI
U005-T00714,U005,2026-09-10,NAMMA METRO PAYMENT,35.0,expense,Transport,NAMMA METRO,UPI
U005-T00715,U005,2026-09-18,AUTO RICKSHAW PAYMENT,30.0,expense,Transport,AUTO RICKSHAW,UPI
U005-T00716,U005,2026-07-12,CHAI POINT PAYMENT,30.0,expense,Food,CHAI POINT,UPI
U005-T00717,U005,2026-08-03,LOCAL TEA & COFFEE PAYMENT,15.0,expense,Food,LOCAL TEA & COFFEE,UPI
U005-T00718,U005,2026-09-07,STREET TIFFIN PAYMENT,25.0,expense,Food,STREET TIFFIN,UPI
U005-T00719,U005,2026-08-19,CHAI POINT PAYMENT,20.0,expense,Food,CHAI POINT,UPI
U005-T00720,U005,2026-09-17,NAMMA METRO PAYMENT,15.0,expense,Transport,NAMMA METRO,UPI
U005-T00721,U005,2026-08-11,COMMUNITY CHARITY UPI PAYMENT,21.0,expense,Other,COMMUNITY CHARITY UPI,UPI
U005-T00722,U005,2026-07-06,LOCAL BAKERY PAYMENT,20.0,expense,Food,LOCAL BAKERY,UPI
U005-T00723,U005,2026-09-24,COMMUNITY CHARITY UPI PAYMENT,11.0,expense,Other,COMMUNITY CHARITY UPI,UPI
U005-T00724,U005,2026-09-02,LOCAL BAKERY PAYMENT,20.0,expense,Food,LOCAL BAKERY,UPI
U005-T00725,U005,2026-08-01,CAMPUS PHOTOCOPY & NOTES PAYMENT,50.0,expense,Education,CAMPUS PHOTOCOPY & NOTES,UPI
U005-T00726,U005,2026-09-21,STATIONERY SHOP PAYMENT,20.0,expense,Shopping,STATIONERY SHOP,UPI
U005-T00727,U005,2026-07-02,STREET TIFFIN PAYMENT,20.0,expense,Food,STREET TIFFIN,UPI
U005-T00728,U005,2026-09-17,SWIGGY QUICK BITE PAYMENT,110.0,expense,Food,SWIGGY QUICK BITE,UPI
U005-T00729,U005,2026-08-23,NAMMA METRO PAYMENT,20.0,expense,Transport,NAMMA METRO,UPI
U005-T00730,U005,2026-08-22,LOCAL TEA & COFFEE PAYMENT,20.0,expense,Food,LOCAL TEA & COFFEE,UPI
U005-T00731,U005,2026-09-19,NAMMA METRO PAYMENT,35.0,expense,Transport,NAMMA METRO,UPI
U005-T00732,U005,2026-08-03,AUTO RICKSHAW PAYMENT,40.0,expense,Transport,AUTO RICKSHAW,UPI
U005-T00733,U005,2026-08-03,BLINKIT DAILY PAYMENT,60.0,expense,Food,BLINKIT DAILY,UPI
U005-T00734,U005,2026-07-31,STREET TIFFIN PAYMENT,35.0,expense,Food,STREET TIFFIN,UPI
U005-T00735,U005,2026-07-10,QUICK UPI TRANSFER PAYMENT,15.0,expense,Other,QUICK UPI TRANSFER,UPI
U005-T00736,U005,2026-08-11,CAMPUS PHOTOCOPY & NOTES PAYMENT,20.0,expense,Education,CAMPUS PHOTOCOPY & NOTES,UPI
U005-T00737,U005,2026-09-07,NAMMA METRO PAYMENT,15.0,expense,Transport,NAMMA METRO,UPI
U005-T00738,U005,2026-09-03,AUTO RICKSHAW PAYMENT,40.0,expense,Transport,AUTO RICKSHAW,UPI
U005-T00739,U005,2026-07-14,STATIONERY SHOP PAYMENT,20.0,expense,Shopping,STATIONERY SHOP,UPI
U005-T00740,U005,2026-08-14,AUTO RICKSHAW PAYMENT,30.0,expense,Transport,AUTO RICKSHAW,UPI
U005-T00741,U005,2026-08-29,LOCAL BAKERY PAYMENT,15.0,expense,Food,LOCAL BAKERY,UPI
U005-T00742,U005,2026-08-28,RAPIDO BIKE PAYMENT,42.0,expense,Transport,RAPIDO BIKE,UPI
U005-T00743,U005,2026-09-14,BLINKIT DAILY PAYMENT,40.0,expense,Food,BLINKIT DAILY,UPI
U005-T00744,U005,2026-07-03,NAMMA METRO PAYMENT,15.0,expense,Transport,NAMMA METRO,UPI
U005-T00745,U005,2026-08-14,SWIGGY QUICK BITE PAYMENT,60.0,expense,Food,SWIGGY QUICK BITE,UPI
U005-T00746,U005,2026-07-09,AUTO RICKSHAW PAYMENT,20.0,expense,Transport,AUTO RICKSHAW,UPI
U005-T00747,U005,2026-08-05,NAMMA METRO PAYMENT,15.0,expense,Transport,NAMMA METRO,UPI
U005-T00748,U005,2026-09-30,RAPIDO BIKE PAYMENT,42.0,expense,Transport,RAPIDO BIKE,UPI
U005-T00749,U005,2026-09-29,KIRANA STORE PAYMENT,25.0,expense,Shopping,KIRANA STORE,UPI
U005-T00750,U005,2026-08-20,LOCAL BAKERY PAYMENT,35.0,expense,Food,LOCAL BAKERY,UPI
U005-T00751,U005,2026-08-09,NAMMA METRO PAYMENT,25.0,expense,Transport,NAMMA METRO,UPI
U005-T00752,U005,2026-08-12,LOCAL BAKERY PAYMENT,35.0,expense,Food,LOCAL BAKERY,UPI
U005-T00753,U005,2026-07-19,KIRANA STORE PAYMENT,35.0,expense,Shopping,KIRANA STORE,UPI
U005-T00754,U005,2026-07-01,QUICK UPI TRANSFER PAYMENT,10.0,expense,Other,QUICK UPI TRANSFER,UPI
U005-T00755,U005,2026-09-30,UBER AUTO PAYMENT,28.0,expense,Transport,UBER AUTO,UPI
U005-T00756,U005,2026-07-10,RAPIDO BIKE PAYMENT,42.0,expense,Transport,RAPIDO BIKE,UPI
U005-T00757,U005,2026-07-21,UBER AUTO PAYMENT,42.0,expense,Transport,UBER AUTO,UPI
U005-T00758,U005,2026-09-15,KIRANA STORE PAYMENT,25.0,expense,Shopping,KIRANA STORE,UPI
U005-T00759,U005,2026-07-24,CHAI POINT PAYMENT,30.0,expense,Food,CHAI POINT,UPI
U005-T00760,U005,2026-07-16,STREET TIFFIN PAYMENT,20.0,expense,Food,STREET TIFFIN,UPI
U005-T00761,U005,2026-08-21,NAMMA METRO PAYMENT,35.0,expense,Transport,NAMMA METRO,UPI
U005-T00762,U005,2026-08-22,ZEPTO QUICK ESSENTIALS PAYMENT,75.0,expense,Food,ZEPTO QUICK ESSENTIALS,UPI
U005-T00763,U005,2026-07-18,LOCAL PHARMACY STORE PAYMENT,28.0,expense,Healthcare,LOCAL PHARMACY STORE,UPI
U005-T00764,U005,2026-07-13,STREET TIFFIN PAYMENT,25.0,expense,Food,STREET TIFFIN,UPI
U005-T00765,U005,2026-09-29,BLINKIT DAILY PAYMENT,60.0,expense,Food,BLINKIT DAILY,UPI
U005-T00766,U005,2026-09-02,CHAI POINT PAYMENT,20.0,expense,Food,CHAI POINT,UPI
U005-T00767,U005,2026-08-21,LOCAL TEA & COFFEE PAYMENT,15.0,expense,Food,LOCAL TEA & COFFEE,UPI
U005-T00768,U005,2026-09-21,RAPIDO BIKE PAYMENT,30.0,expense,Transport,RAPIDO BIKE,UPI
U005-T00769,U005,2026-08-27,UBER AUTO PAYMENT,60.0,expense,Transport,UBER AUTO,UPI
U005-T00770,U005,2026-07-03,MOBILE TOP-UP PAYMENT,19.0,expense,Bills,MOBILE TOP-UP,UPI
U005-T00771,U005,2026-09-10,CHAI POINT PAYMENT,20.0,expense,Food,CHAI POINT,UPI
U005-T00772,U005,2026-07-13,LOCAL TEA & COFFEE PAYMENT,10.0,expense,Food,LOCAL TEA & COFFEE,UPI
U005-T00773,U005,2026-07-01,STREET TIFFIN PAYMENT,35.0,expense,Food,STREET TIFFIN,UPI
U005-T00774,U005,2026-07-04,STATIONERY SHOP PAYMENT,30.0,expense,Shopping,STATIONERY SHOP,UPI
U005-T00775,U005,2026-07-09,QUICK UPI TRANSFER PAYMENT,15.0,expense,Other,QUICK UPI TRANSFER,UPI
U005-T00776,U005,2026-09-20,RAPIDO BIKE PAYMENT,22.0,expense,Transport,RAPIDO BIKE,UPI
U005-T00777,U005,2026-09-07,LOCAL BAKERY PAYMENT,25.0,expense,Food,LOCAL BAKERY,UPI
U005-T00778,U005,2026-07-13,CAMPUS PHOTOCOPY & NOTES PAYMENT,20.0,expense,Education,CAMPUS PHOTOCOPY & NOTES,UPI
U005-T00779,U005,2026-09-15,ZEPTO QUICK ESSENTIALS PAYMENT,35.0,expense,Food,ZEPTO QUICK ESSENTIALS,UPI
U005-T00780,U005,2026-08-26,AUTO RICKSHAW PAYMENT,30.0,expense,Transport,AUTO RICKSHAW,UPI
U005-T00781,U005,2026-09-03,LOCAL TEA & COFFEE PAYMENT,20.0,expense,Food,LOCAL TEA & COFFEE,UPI
U005-T00782,U005,2026-07-04,RAPIDO BIKE PAYMENT,15.0,expense,Transport,RAPIDO BIKE,UPI
U005-T00783,U005,2026-08-09,PARKING FEE PAYMENT,10.0,expense,Other,PARKING FEE,UPI
U005-T00784,U005,2026-08-14,AUTO RICKSHAW PAYMENT,30.0,expense,Transport,AUTO RICKSHAW,UPI
U005-T00785,U005,2026-07-13,SWIGGY QUICK BITE PAYMENT,60.0,expense,Food,SWIGGY QUICK BITE,UPI
U005-T00786,U005,2026-09-17,COFFEE & CHAT PAYMENT,65.0,expense,Entertainment,COFFEE & CHAT,UPI
U005-T00787,U005,2026-09-23,NAMMA METRO PAYMENT,35.0,expense,Transport,NAMMA METRO,UPI
U005-T00788,U005,2026-08-27,PARKING FEE PAYMENT,20.0,expense,Other,PARKING FEE,UPI
U005-T00789,U005,2026-09-09,CHAI POINT PAYMENT,15.0,expense,Food,CHAI POINT,UPI
U005-T00790,U005,2026-08-16,LOCAL TEA & COFFEE PAYMENT,20.0,expense,Food,LOCAL TEA & COFFEE,UPI
U005-T00791,U005,2026-07-25,KIRANA STORE PAYMENT,15.0,expense,Shopping,KIRANA STORE,UPI
U005-T00792,U005,2026-08-15,CHAI POINT PAYMENT,30.0,expense,Food,CHAI POINT,UPI
U005-T00793,U005,2026-09-23,AUTO RICKSHAW PAYMENT,20.0,expense,Transport,AUTO RICKSHAW,UPI
U005-T00794,U005,2026-09-05,CHAI POINT PAYMENT,20.0,expense,Food,CHAI POINT,UPI
U005-T00795,U005,2026-09-06,NAMMA METRO PAYMENT,35.0,expense,Transport,NAMMA METRO,UPI
U005-T00796,U005,2026-09-08,RAPIDO BIKE PAYMENT,30.0,expense,Transport,RAPIDO BIKE,UPI
U005-T00797,U005,2026-08-11,LOCAL TEA & COFFEE PAYMENT,12.0,expense,Food,LOCAL TEA & COFFEE,UPI
U005-T00798,U005,2026-08-07,PARKING FEE PAYMENT,15.0,expense,Other,PARKING FEE,UPI
U005-T00799,U005,2026-08-21,BLINKIT DAILY PAYMENT,30.0,expense,Food,BLINKIT DAILY,UPI
U005-T00800,U005,2026-09-01,CHAI POINT PAYMENT,10.0,expense,Food,CHAI POINT,UPI
U005-T00801,U005,2026-08-11,NAMMA METRO PAYMENT,35.0,expense,Transport,NAMMA METRO,UPI
U005-T00802,U005,2026-08-09,SWIGGY QUICK BITE PAYMENT,85.0,expense,Food,SWIGGY QUICK BITE,UPI
U005-T00803,U005,2026-09-26,AUTO RICKSHAW PAYMENT,20.0,expense,Transport,AUTO RICKSHAW,UPI
U005-T00804,U005,2026-07-25,PARKING FEE PAYMENT,15.0,expense,Other,PARKING FEE,UPI
U005-T00805,U005,2026-09-14,UBER AUTO PAYMENT,42.0,expense,Transport,UBER AUTO,UPI
U005-T00806,U005,2026-09-21,STREET TIFFIN PAYMENT,20.0,expense,Food,STREET TIFFIN,UPI
U005-T00807,U005,2026-09-07,CHAI POINT PAYMENT,20.0,expense,Food,CHAI POINT,UPI
U005-T00808,U005,2026-08-19,LOCAL TEA & COFFEE PAYMENT,10.0,expense,Food,LOCAL TEA & COFFEE,UPI
U005-T00809,U005,2026-09-26,CAMPUS PHOTOCOPY & NOTES PAYMENT,20.0,expense,Education,CAMPUS PHOTOCOPY & NOTES,UPI
U005-T00810,U005,2026-09-04,ZEPTO QUICK ESSENTIALS PAYMENT,25.0,expense,Food,ZEPTO QUICK ESSENTIALS,UPI
U005-T00811,U005,2026-07-28,CHAI POINT PAYMENT,15.0,expense,Food,CHAI POINT,UPI
U005-T00812,U005,2026-07-29,AUTO RICKSHAW PAYMENT,20.0,expense,Transport,AUTO RICKSHAW,UPI
U005-T00813,U005,2026-09-30,LOCAL TEA & COFFEE PAYMENT,12.0,expense,Food,LOCAL TEA & COFFEE,UPI
U005-T00814,U005,2026-09-12,RAPIDO BIKE PAYMENT,15.0,expense,Transport,RAPIDO BIKE,UPI
U005-T00815,U005,2026-07-06,COFFEE & CHAT PAYMENT,30.0,expense,Entertainment,COFFEE & CHAT,UPI
U005-T00816,U005,2026-09-27,LOCAL TEA & COFFEE PAYMENT,15.0,expense,Food,LOCAL TEA & COFFEE,UPI
U005-T00817,U005,2026-07-01,COFFEE & CHAT PAYMENT,45.0,expense,Entertainment,COFFEE & CHAT,UPI
U005-T00818,U005,2026-07-23,COMMUNITY CHARITY UPI PAYMENT,11.0,expense,Other,COMMUNITY CHARITY UPI,UPI
U005-T00819,U005,2026-08-17,COFFEE & CHAT PAYMENT,65.0,expense,Entertainment,COFFEE & CHAT,UPI
U005-T00820,U005,2026-07-06,LOCAL TEA & COFFEE PAYMENT,12.0,expense,Food,LOCAL TEA & COFFEE,UPI
U005-T00821,U005,2026-09-18,AUTO RICKSHAW PAYMENT,55.0,expense,Transport,AUTO RICKSHAW,UPI
U005-T00822,U005,2026-09-26,NAMMA METRO PAYMENT,25.0,expense,Transport,NAMMA METRO,UPI
U005-T00823,U005,2026-07-27,PARKING FEE PAYMENT,20.0,expense,Other,PARKING FEE,UPI
U005-T00824,U005,2026-08-04,ZEPTO QUICK ESSENTIALS PAYMENT,25.0,expense,Food,ZEPTO QUICK ESSENTIALS,UPI
U005-T00825,U005,2026-08-23,STATIONERY SHOP PAYMENT,45.0,expense,Shopping,STATIONERY SHOP,UPI
U005-T00826,U005,2026-08-05,LOCAL PHARMACY STORE PAYMENT,28.0,expense,Healthcare,LOCAL PHARMACY STORE,UPI
U005-T00827,U005,2026-09-01,LOCAL BAKERY PAYMENT,15.0,expense,Food,LOCAL BAKERY,UPI
U005-T00828,U005,2026-09-19,AUTO RICKSHAW PAYMENT,20.0,expense,Transport,AUTO RICKSHAW,UPI
U005-T00829,U005,2026-09-28,KIRANA STORE PAYMENT,25.0,expense,Shopping,KIRANA STORE,UPI
U005-T00830,U005,2026-09-23,AUTO RICKSHAW PAYMENT,20.0,expense,Transport,AUTO RICKSHAW,UPI
U005-T00831,U005,2026-09-20,LOCAL TEA & COFFEE PAYMENT,12.0,expense,Food,LOCAL TEA & COFFEE,UPI
U005-T00832,U005,2026-09-01,CHAI POINT PAYMENT,20.0,expense,Food,CHAI POINT,UPI
U005-T00833,U005,2026-07-22,PARKING FEE PAYMENT,15.0,expense,Other,PARKING FEE,UPI
U005-T00834,U005,2026-09-26,AUTO RICKSHAW PAYMENT,55.0,expense,Transport,AUTO RICKSHAW,UPI
U005-T00835,U005,2026-08-06,NAMMA METRO PAYMENT,25.0,expense,Transport,NAMMA METRO,UPI
U005-T00836,U005,2026-09-11,LOCAL BAKERY PAYMENT,15.0,expense,Food,LOCAL BAKERY,UPI
U005-T00837,U005,2026-08-20,STATIONERY SHOP PAYMENT,20.0,expense,Shopping,STATIONERY SHOP,UPI
U005-T00838,U005,2026-07-12,NAMMA METRO PAYMENT,35.0,expense,Transport,NAMMA METRO,UPI
U005-T00839,U005,2026-07-26,LOCAL TEA & COFFEE PAYMENT,10.0,expense,Food,LOCAL TEA & COFFEE,UPI
U005-T00840,U005,2026-08-30,SWIGGY QUICK BITE PAYMENT,40.0,expense,Food,SWIGGY QUICK BITE,UPI
U005-T00841,U005,2026-07-30,CHAI POINT PAYMENT,30.0,expense,Food,CHAI POINT,UPI
U005-T00842,U005,2026-07-24,CHAI POINT PAYMENT,10.0,expense,Food,CHAI POINT,UPI
U005-T00843,U005,2026-07-31,BLINKIT DAILY PAYMENT,60.0,expense,Food,BLINKIT DAILY,UPI
U005-T00844,U005,2026-08-26,UBER AUTO PAYMENT,75.0,expense,Transport,UBER AUTO,UPI
U005-T00845,U005,2026-09-15,KIRANA STORE PAYMENT,25.0,expense,Shopping,KIRANA STORE,UPI
U005-T00846,U005,2026-07-27,UBER AUTO PAYMENT,28.0,expense,Transport,UBER AUTO,UPI
U005-T00847,U005,2026-09-11,CHAI POINT PAYMENT,15.0,expense,Food,CHAI POINT,UPI
U005-T00848,U005,2026-08-13,CAMPUS PHOTOCOPY & NOTES PAYMENT,35.0,expense,Education,CAMPUS PHOTOCOPY & NOTES,UPI
U005-T00849,U005,2026-07-23,STREET TIFFIN PAYMENT,25.0,expense,Food,STREET TIFFIN,UPI
U005-T00850,U005,2026-09-21,CHAI POINT PAYMENT,30.0,expense,Food,CHAI POINT,UPI
U005-T00851,U005,2026-07-20,PARKING FEE PAYMENT,20.0,expense,Other,PARKING FEE,UPI
U005-T00852,U005,2026-07-09,LOCAL BAKERY PAYMENT,20.0,expense,Food,LOCAL BAKERY,UPI
U005-T00853,U005,2026-08-12,RAPIDO BIKE PAYMENT,42.0,expense,Transport,RAPIDO BIKE,UPI
U005-T00854,U005,2026-07-04,CAMPUS PHOTOCOPY & NOTES PAYMENT,10.0,expense,Education,CAMPUS PHOTOCOPY & NOTES,UPI
U005-T00855,U005,2026-08-01,RAPIDO BIKE PAYMENT,30.0,expense,Transport,RAPIDO BIKE,UPI
U005-T00856,U005,2026-09-10,LOCAL TEA & COFFEE PAYMENT,15.0,expense,Food,LOCAL TEA & COFFEE,UPI
U005-T00857,U005,2026-07-08,CHAI POINT PAYMENT,10.0,expense,Food,CHAI POINT,UPI
U005-T00858,U005,2026-08-22,NAMMA METRO PAYMENT,15.0,expense,Transport,NAMMA METRO,UPI
U005-T00859,U005,2026-09-18,AUTO RICKSHAW PAYMENT,40.0,expense,Transport,AUTO RICKSHAW,UPI
U005-T00860,U005,2026-08-17,CHAI POINT PAYMENT,10.0,expense,Food,CHAI POINT,UPI
U005-T00861,U005,2026-09-26,LOCAL BAKERY PAYMENT,35.0,expense,Food,LOCAL BAKERY,UPI
U005-T00862,U005,2026-07-01,NAMMA METRO PAYMENT,35.0,expense,Transport,NAMMA METRO,UPI
U005-T00863,U005,2026-09-11,LOCAL TEA & COFFEE PAYMENT,12.0,expense,Food,LOCAL TEA & COFFEE,UPI
U005-T00864,U005,2026-09-19,CHAI POINT PAYMENT,10.0,expense,Food,CHAI POINT,UPI
U005-T00865,U005,2026-07-03,RAPIDO BIKE PAYMENT,42.0,expense,Transport,RAPIDO BIKE,UPI
U005-T00866,U005,2026-09-12,RAPIDO BIKE PAYMENT,30.0,expense,Transport,RAPIDO BIKE,UPI
U005-T00867,U005,2026-09-26,RAPIDO BIKE PAYMENT,42.0,expense,Transport,RAPIDO BIKE,UPI
U005-T00868,U005,2026-07-31,AUTO RICKSHAW PAYMENT,40.0,expense,Transport,AUTO RICKSHAW,UPI
U005-T00869,U005,2026-08-14,QUICK UPI TRANSFER PAYMENT,30.0,expense,Other,QUICK UPI TRANSFER,UPI
U005-T00870,U005,2026-08-31,COFFEE & CHAT PAYMENT,30.0,expense,Entertainment,COFFEE & CHAT,UPI
U005-T00871,U005,2026-08-28,NAMMA METRO PAYMENT,25.0,expense,Transport,NAMMA METRO,UPI
U005-T00872,U005,2026-07-29,LOCAL TEA & COFFEE PAYMENT,12.0,expense,Food,LOCAL TEA & COFFEE,UPI
U005-T00873,U005,2026-08-19,COMMUNITY CHARITY UPI PAYMENT,11.0,expense,Other,COMMUNITY CHARITY UPI,UPI
U005-T00874,U005,2026-08-17,UBER AUTO PAYMENT,75.0,expense,Transport,UBER AUTO,UPI
U005-T00875,U005,2026-08-08,LOCAL TEA & COFFEE PAYMENT,20.0,expense,Food,LOCAL TEA & COFFEE,UPI
U005-T00876,U005,2026-08-22,AUTO RICKSHAW PAYMENT,30.0,expense,Transport,AUTO RICKSHAW,UPI
U005-T00877,U005,2026-08-21,LOCAL TEA & COFFEE PAYMENT,15.0,expense,Food,LOCAL TEA & COFFEE,UPI
U005-T00878,U005,2026-07-27,PARKING FEE PAYMENT,15.0,expense,Other,PARKING FEE,UPI
U005-T00879,U005,2026-08-23,BLINKIT DAILY PAYMENT,80.0,expense,Food,BLINKIT DAILY,UPI
U005-T00880,U005,2026-08-26,PARKING FEE PAYMENT,15.0,expense,Other,PARKING FEE,UPI
U005-T00881,U005,2026-08-16,STREET TIFFIN PAYMENT,50.0,expense,Food,STREET TIFFIN,UPI
U005-T00882,U005,2026-07-18,AUTO RICKSHAW PAYMENT,30.0,expense,Transport,AUTO RICKSHAW,UPI
U005-T00883,U005,2026-08-01,LOCAL BAKERY PAYMENT,20.0,expense,Food,LOCAL BAKERY,UPI
U005-T00884,U005,2026-09-11,LOCAL TEA & COFFEE PAYMENT,15.0,expense,Food,LOCAL TEA & COFFEE,UPI
U005-T00885,U005,2026-08-29,NAMMA METRO PAYMENT,35.0,expense,Transport,NAMMA METRO,UPI
U005-T00886,U005,2026-08-17,RAPIDO BIKE PAYMENT,22.0,expense,Transport,RAPIDO BIKE,UPI
U005-T00887,U005,2026-08-20,LOCAL TEA & COFFEE PAYMENT,10.0,expense,Food,LOCAL TEA & COFFEE,UPI
U005-T00888,U005,2026-09-08,RAPIDO BIKE PAYMENT,30.0,expense,Transport,RAPIDO BIKE,UPI
U005-T00889,U005,2026-09-18,ZEPTO QUICK ESSENTIALS PAYMENT,35.0,expense,Food,ZEPTO QUICK ESSENTIALS,UPI
U005-T00890,U005,2026-07-28,STREET TIFFIN PAYMENT,25.0,expense,Food,STREET TIFFIN,UPI
U005-T00891,U005,2026-09-23,ZEPTO QUICK ESSENTIALS PAYMENT,75.0,expense,Food,ZEPTO QUICK ESSENTIALS,UPI
U005-T00892,U005,2026-07-24,PARKING FEE PAYMENT,10.0,expense,Other,PARKING FEE,UPI
U005-T00893,U005,2026-09-27,LOCAL TEA & COFFEE PAYMENT,12.0,expense,Food,LOCAL TEA & COFFEE,UPI
U005-T00894,U005,2026-08-04,COMMUNITY CHARITY UPI PAYMENT,51.0,expense,Other,COMMUNITY CHARITY UPI,UPI
U005-T00895,U005,2026-09-11,KIRANA STORE PAYMENT,55.0,expense,Shopping,KIRANA STORE,UPI
U005-T00896,U005,2026-09-12,KIRANA STORE PAYMENT,25.0,expense,Shopping,KIRANA STORE,UPI
U005-T00897,U005,2026-07-20,ZEPTO QUICK ESSENTIALS PAYMENT,75.0,expense,Food,ZEPTO QUICK ESSENTIALS,UPI
U005-T00898,U005,2026-08-01,CAMPUS PHOTOCOPY & NOTES PAYMENT,20.0,expense,Education,CAMPUS PHOTOCOPY & NOTES,UPI
U005-T00899,U005,2026-09-01,STREET TIFFIN PAYMENT,20.0,expense,Food,STREET TIFFIN,UPI
U005-T00900,U005,2026-09-25,CHAI POINT PAYMENT,10.0,expense,Food,CHAI POINT,UPI
U005-T00901,U005,2026-07-11,CHAI POINT PAYMENT,10.0,expense,Food,CHAI POINT,UPI
U005-T00902,U005,2026-08-12,LOCAL PHARMACY STORE PAYMENT,45.0,expense,Healthcare,LOCAL PHARMACY STORE,UPI
U005-T00903,U005,2026-08-15,LOCAL TEA & COFFEE PAYMENT,12.0,expense,Food,LOCAL TEA & COFFEE,UPI
U005-T00904,U005,2026-07-28,STREET TIFFIN PAYMENT,20.0,expense,Food,STREET TIFFIN,UPI
U005-T00905,U005,2026-08-16,RAPIDO BIKE PAYMENT,30.0,expense,Transport,RAPIDO BIKE,UPI
U005-T00906,U005,2026-09-13,COFFEE & CHAT PAYMENT,65.0,expense,Entertainment,COFFEE & CHAT,UPI
U005-T00907,U005,2026-08-30,STREET TIFFIN PAYMENT,25.0,expense,Food,STREET TIFFIN,UPI
U005-T00908,U005,2026-08-07,STREET TIFFIN PAYMENT,25.0,expense,Food,STREET TIFFIN,UPI
U005-T00909,U005,2026-07-20,LOCAL TEA & COFFEE PAYMENT,10.0,expense,Food,LOCAL TEA & COFFEE,UPI
U005-T00910,U005,2026-09-07,COFFEE & CHAT PAYMENT,65.0,expense,Entertainment,COFFEE & CHAT,UPI
U005-T00911,U005,2026-07-21,NAMMA METRO PAYMENT,35.0,expense,Transport,NAMMA METRO,UPI
U005-T00912,U005,2026-09-28,COMMUNITY CHARITY UPI PAYMENT,51.0,expense,Other,COMMUNITY CHARITY UPI,UPI
U005-T00913,U005,2026-08-01,QUICK UPI TRANSFER PAYMENT,15.0,expense,Other,QUICK UPI TRANSFER,UPI
U005-T00914,U005,2026-08-26,CHAI POINT PAYMENT,10.0,expense,Food,CHAI POINT,UPI
U005-T00915,U005,2026-07-18,MOBILE TOP-UP PAYMENT,29.0,expense,Bills,MOBILE TOP-UP,UPI
U005-T00916,U005,2026-08-18,SWIGGY QUICK BITE PAYMENT,40.0,expense,Food,SWIGGY QUICK BITE,UPI
U005-T00917,U005,2026-09-14,AUTO RICKSHAW PAYMENT,40.0,expense,Transport,AUTO RICKSHAW,UPI
U005-T00918,U005,2026-08-26,NAMMA METRO PAYMENT,20.0,expense,Transport,NAMMA METRO,UPI
U005-T00919,U005,2026-08-27,MOBILE TOP-UP PAYMENT,29.0,expense,Bills,MOBILE TOP-UP,UPI
U005-T00920,U005,2026-09-24,NAMMA METRO PAYMENT,25.0,expense,Transport,NAMMA METRO,UPI
U005-T00921,U005,2026-07-11,MOBILE TOP-UP PAYMENT,19.0,expense,Bills,MOBILE TOP-UP,UPI
U005-T00922,U005,2026-07-23,LOCAL TEA & COFFEE PAYMENT,15.0,expense,Food,LOCAL TEA & COFFEE,UPI
U005-T00923,U005,2026-09-25,ZEPTO QUICK ESSENTIALS PAYMENT,35.0,expense,Food,ZEPTO QUICK ESSENTIALS,UPI
U005-T00924,U005,2026-07-15,COMMUNITY CHARITY UPI PAYMENT,51.0,expense,Other,COMMUNITY CHARITY UPI,UPI
U005-T00925,U005,2026-07-26,QUICK UPI TRANSFER PAYMENT,20.0,expense,Other,QUICK UPI TRANSFER,UPI
U005-T00926,U005,2026-08-07,AUTO RICKSHAW PAYMENT,20.0,expense,Transport,AUTO RICKSHAW,UPI
U005-T00927,U005,2026-08-15,RAPIDO BIKE PAYMENT,42.0,expense,Transport,RAPIDO BIKE,UPI
U005-T00928,U005,2026-07-03,RAPIDO BIKE PAYMENT,42.0,expense,Transport,RAPIDO BIKE,UPI
U005-T00929,U005,2026-07-22,ZEPTO QUICK ESSENTIALS PAYMENT,50.0,expense,Food,ZEPTO QUICK ESSENTIALS,UPI
U005-T00930,U005,2026-07-25,SWIGGY QUICK BITE PAYMENT,40.0,expense,Food,SWIGGY QUICK BITE,UPI
U005-T00931,U005,2026-09-01,STREET TIFFIN PAYMENT,25.0,expense,Food,STREET TIFFIN,UPI
U005-T00932,U005,2026-07-07,RAPIDO BIKE PAYMENT,30.0,expense,Transport,RAPIDO BIKE,UPI
U005-T00933,U005,2026-08-03,BLINKIT DAILY PAYMENT,80.0,expense,Food,BLINKIT DAILY,UPI
U005-T00934,U005,2026-08-13,CHAI POINT PAYMENT,30.0,expense,Food,CHAI POINT,UPI
U005-T00935,U005,2026-09-23,CHAI POINT PAYMENT,10.0,expense,Food,CHAI POINT,UPI
U005-T00936,U005,2026-07-17,CAMPUS PHOTOCOPY & NOTES PAYMENT,10.0,expense,Education,CAMPUS PHOTOCOPY & NOTES,UPI
U005-T00937,U005,2026-09-12,CHAI POINT PAYMENT,30.0,expense,Food,CHAI POINT,UPI
U005-T00938,U005,2026-07-26,COFFEE & CHAT PAYMENT,65.0,expense,Entertainment,COFFEE & CHAT,UPI
U005-T00939,U005,2026-08-19,CHAI POINT PAYMENT,20.0,expense,Food,CHAI POINT,UPI
U005-T00940,U005,2026-09-28,ZEPTO QUICK ESSENTIALS PAYMENT,50.0,expense,Food,ZEPTO QUICK ESSENTIALS,UPI
U005-T00941,U005,2026-09-04,LOCAL PHARMACY STORE PAYMENT,65.0,expense,Healthcare,LOCAL PHARMACY STORE,UPI
U005-T00942,U005,2026-08-22,AUTO RICKSHAW PAYMENT,30.0,expense,Transport,AUTO RICKSHAW,UPI
U005-T00943,U005,2026-08-14,AUTO RICKSHAW PAYMENT,30.0,expense,Transport,AUTO RICKSHAW,UPI
U005-T00944,U005,2026-09-01,LOCAL BAKERY PAYMENT,15.0,expense,Food,LOCAL BAKERY,UPI
U005-T00945,U005,2026-08-27,COFFEE & CHAT PAYMENT,20.0,expense,Entertainment,COFFEE & CHAT,UPI
U005-T00946,U005,2026-09-24,COFFEE & CHAT PAYMENT,20.0,expense,Entertainment,COFFEE & CHAT,UPI
U005-T00947,U005,2026-07-03,STATIONERY SHOP PAYMENT,12.0,expense,Shopping,STATIONERY SHOP,UPI
U005-T00948,U005,2026-08-01,CHAI POINT PAYMENT,20.0,expense,Food,CHAI POINT,UPI
U005-T00949,U005,2026-07-09,LOCAL TEA & COFFEE PAYMENT,12.0,expense,Food,LOCAL TEA & COFFEE,UPI
U005-T00950,U005,2026-07-12,CAMPUS PHOTOCOPY & NOTES PAYMENT,10.0,expense,Education,CAMPUS PHOTOCOPY & NOTES,UPI
U005-T00951,U005,2026-07-02,UBER AUTO PAYMENT,60.0,expense,Transport,UBER AUTO,UPI
U005-T00952,U005,2026-09-18,CHAI POINT PAYMENT,30.0,expense,Food,CHAI POINT,UPI
U005-T00953,U005,2026-09-19,CAMPUS PHOTOCOPY & NOTES PAYMENT,10.0,expense,Education,CAMPUS PHOTOCOPY & NOTES,UPI
U005-T00954,U005,2026-09-17,LOCAL TEA & COFFEE PAYMENT,12.0,expense,Food,LOCAL TEA & COFFEE,UPI
U005-T00955,U005,2026-07-26,COFFEE & CHAT PAYMENT,20.0,expense,Entertainment,COFFEE & CHAT,UPI
U005-T00956,U005,2026-07-24,CHAI POINT PAYMENT,10.0,expense,Food,CHAI POINT,UPI
U005-T00957,U005,2026-07-01,BLINKIT DAILY PAYMENT,40.0,expense,Food,BLINKIT DAILY,UPI
U005-T00958,U005,2026-07-27,CHAI POINT PAYMENT,10.0,expense,Food,CHAI POINT,UPI
U005-T00959,U005,2026-08-19,STREET TIFFIN PAYMENT,25.0,expense,Food,STREET TIFFIN,UPI
U005-T00960,U005,2026-08-30,STATIONERY SHOP PAYMENT,45.0,expense,Shopping,STATIONERY SHOP,UPI
U005-T00961,U005,2026-09-16,AUTO RICKSHAW PAYMENT,55.0,expense,Transport,AUTO RICKSHAW,UPI
U005-T00962,U005,2026-08-06,UBER AUTO PAYMENT,28.0,expense,Transport,UBER AUTO,UPI
U005-T00963,U005,2026-08-26,LOCAL TEA & COFFEE PAYMENT,10.0,expense,Food,LOCAL TEA & COFFEE,UPI
U005-T00964,U005,2026-07-11,LOCAL TEA & COFFEE PAYMENT,12.0,expense,Food,LOCAL TEA & COFFEE,UPI
U005-T00965,U005,2026-08-03,LOCAL TEA & COFFEE PAYMENT,12.0,expense,Food,LOCAL TEA & COFFEE,UPI
U005-T00966,U005,2026-09-28,LOCAL TEA & COFFEE PAYMENT,10.0,expense,Food,LOCAL TEA & COFFEE,UPI
U005-T00967,U005,2026-07-25,LOCAL TEA & COFFEE PAYMENT,15.0,expense,Food,LOCAL TEA & COFFEE,UPI
U005-T00968,U005,2026-07-30,LOCAL TEA & COFFEE PAYMENT,15.0,expense,Food,LOCAL TEA & COFFEE,UPI
U005-T00969,U005,2026-09-15,ZEPTO QUICK ESSENTIALS PAYMENT,50.0,expense,Food,ZEPTO QUICK ESSENTIALS,UPI
U005-T00970,U005,2026-07-28,BLINKIT DAILY PAYMENT,60.0,expense,Food,BLINKIT DAILY,UPI
U005-T00971,U005,2026-07-31,NAMMA METRO PAYMENT,25.0,expense,Transport,NAMMA METRO,UPI
U005-T00972,U005,2026-08-06,UBER AUTO PAYMENT,28.0,expense,Transport,UBER AUTO,UPI
U005-T00973,U005,2026-07-08,CHAI POINT PAYMENT,20.0,expense,Food,CHAI POINT,UPI
U005-T00974,U005,2026-07-08,RAPIDO BIKE PAYMENT,42.0,expense,Transport,RAPIDO BIKE,UPI
U005-T00975,U005,2026-07-11,AUTO RICKSHAW PAYMENT,55.0,expense,Transport,AUTO RICKSHAW,UPI
U005-T00976,U005,2026-07-02,QUICK UPI TRANSFER PAYMENT,10.0,expense,Other,QUICK UPI TRANSFER,UPI
U005-T00977,U005,2026-08-10,NAMMA METRO PAYMENT,25.0,expense,Transport,NAMMA METRO,UPI
U005-T00978,U005,2026-09-28,AUTO RICKSHAW PAYMENT,20.0,expense,Transport,AUTO RICKSHAW,UPI
U005-T00979,U005,2026-09-11,LOCAL BAKERY PAYMENT,25.0,expense,Food,LOCAL BAKERY,UPI
U005-T00980,U005,2026-08-27,STREET TIFFIN PAYMENT,50.0,expense,Food,STREET TIFFIN,UPI
U005-T00981,U005,2026-08-17,SWIGGY QUICK BITE PAYMENT,110.0,expense,Food,SWIGGY QUICK BITE,UPI
U005-T00982,U005,2026-08-10,NAMMA METRO PAYMENT,20.0,expense,Transport,NAMMA METRO,UPI
U005-T00983,U005,2026-07-30,NAMMA METRO PAYMENT,15.0,expense,Transport,NAMMA METRO,UPI
U005-T00984,U005,2026-09-27,STREET TIFFIN PAYMENT,50.0,expense,Food,STREET TIFFIN,UPI
U005-T00985,U005,2026-08-29,STREET TIFFIN PAYMENT,50.0,expense,Food,STREET TIFFIN,UPI
U005-T00986,U005,2026-08-29,CAMPUS PHOTOCOPY & NOTES PAYMENT,50.0,expense,Education,CAMPUS PHOTOCOPY & NOTES,UPI
U005-T00987,U005,2026-08-27,LOCAL TEA & COFFEE PAYMENT,20.0,expense,Food,LOCAL TEA & COFFEE,UPI
U005-T00988,U005,2026-08-23,PARKING FEE PAYMENT,10.0,expense,Other,PARKING FEE,UPI
U005-T00989,U005,2026-08-10,ZEPTO QUICK ESSENTIALS PAYMENT,35.0,expense,Food,ZEPTO QUICK ESSENTIALS,UPI
U005-T00990,U005,2026-08-21,ZEPTO QUICK ESSENTIALS PAYMENT,75.0,expense,Food,ZEPTO QUICK ESSENTIALS,UPI
U005-T00991,U005,2026-09-23,COFFEE & CHAT PAYMENT,30.0,expense,Entertainment,COFFEE & CHAT,UPI
U005-T00992,U005,2026-09-14,PARKING FEE PAYMENT,10.0,expense,Other,PARKING FEE,UPI
U005-T00993,U005,2026-07-13,CHAI POINT PAYMENT,30.0,expense,Food,CHAI POINT,UPI
U005-T00994,U005,2026-07-20,LOCAL BAKERY PAYMENT,20.0,expense,Food,LOCAL BAKERY,UPI
U005-T00995,U005,2026-07-03,SWIGGY QUICK BITE PAYMENT,60.0,expense,Food,SWIGGY QUICK BITE,UPI
U005-T00996,U005,2026-08-08,LOCAL PHARMACY STORE PAYMENT,45.0,expense,Healthcare,LOCAL PHARMACY STORE,UPI
U005-T00997,U005,2026-07-30,LOCAL TEA & COFFEE PAYMENT,20.0,expense,Food,LOCAL TEA & COFFEE,UPI
U005-T00998,U005,2026-08-25,BLINKIT DAILY PAYMENT,40.0,expense,Food,BLINKIT DAILY,UPI
U005-T00999,U005,2026-09-01,QUICK UPI TRANSFER PAYMENT,10.0,expense,Other,QUICK UPI TRANSFER,UPI
U005-T01000,U005,2026-08-15,QUICK UPI TRANSFER PAYMENT,10.0,expense,Other,QUICK UPI TRANSFER,UPI
